ed_name,county,all_irish_speakers,never_speaks_irish_outside_education_only,not_stated,speaks_irish_daily,speaks_irish_daily_education_only,speaks_irish_less_often,speaks_irish_weekly,share_daily_of_all,share_daily_education_only_of_all,share_weekly_of_all,share_less_often_of_all,share_never_outside_education_only_of_all,share_not_stated_of_all,share_daily_any_of_all
Abbey,Clare,222,56,3,5,46,96,16,0.02252252252252252,0.2072072072072072,0.07207207207207207,0.43243243243243246,0.25225225225225223,0.013513513513513514,0.22972972972972974
Abbey A,Limerick,1709,437,29,44,484,614,101,0.025746050321825628,0.2832065535400819,0.0590988882387361,0.35927442949093036,0.25570509069631364,0.016968987712112346,0.30895260386190754
Abbey B,Limerick,843,222,21,25,261,267,47,0.02965599051008304,0.3096085409252669,0.05575326215895611,0.3167259786476868,0.26334519572953735,0.02491103202846975,0.33926453143534996
Abbey C,Limerick,112,30,4,3,32,37,6,0.026785714285714284,0.2857142857142857,0.05357142857142857,0.33035714285714285,0.26785714285714285,0.03571428571428571,0.3125
Abbey D,Limerick,296,85,19,1,82,98,11,0.0033783783783783786,0.27702702702702703,0.037162162162162164,0.3310810810810811,0.28716216216216217,0.06418918918918919,0.28040540540540543
Abbey East,Galway County,236,58,3,6,69,91,9,0.025423728813559324,0.2923728813559322,0.038135593220338986,0.3855932203389831,0.2457627118644068,0.012711864406779662,0.3177966101694915
Abbey West,Galway County,375,85,11,19,119,116,25,0.050666666666666665,0.31733333333333336,0.06666666666666667,0.30933333333333335,0.22666666666666666,0.029333333333333333,0.368
Abbeydorney,Kerry,481,105,7,13,180,149,27,0.02702702702702703,0.37422037422037424,0.056133056133056136,0.3097713097713098,0.2182952182952183,0.014553014553014554,0.40124740124740127
Abbeyfeale,Limerick,933,278,25,25,237,320,48,0.02679528403001072,0.2540192926045016,0.05144694533762058,0.3429796355841372,0.2979635584137192,0.02679528403001072,0.2808145766345123
Abbeygormacan,Galway County,182,52,3,0,49,65,13,0.0,0.2692307692307692,0.07142857142857142,0.35714285714285715,0.2857142857142857,0.016483516483516484,0.2692307692307692
Abbeylara,Longford,122,29,1,5,34,42,11,0.040983606557377046,0.2786885245901639,0.09016393442622951,0.3442622950819672,0.23770491803278687,0.00819672131147541,0.319672131147541
Abbeyleix,Laois,1142,320,14,25,355,370,58,0.021891418563922942,0.3108581436077058,0.050788091068301226,0.3239929947460595,0.28021015761821366,0.012259194395796848,0.3327495621716287
Abbeymahon,Cork County,327,103,6,3,95,101,19,0.009174311926605505,0.290519877675841,0.0581039755351682,0.308868501529052,0.3149847094801223,0.01834862385321101,0.2996941896024465
Abbeyville,Galway County,122,36,3,1,35,39,8,0.00819672131147541,0.28688524590163933,0.06557377049180328,0.319672131147541,0.29508196721311475,0.02459016393442623,0.29508196721311475
Abbeyville,Limerick,135,43,3,4,40,35,10,0.02962962962962963,0.2962962962962963,0.07407407407407407,0.25925925925925924,0.31851851851851853,0.022222222222222223,0.32592592592592595
Abhainn Bhrain,Maigh Eo,152,9,4,47,20,49,23,0.3092105263157895,0.13157894736842105,0.1513157894736842,0.3223684210526316,0.05921052631578947,0.02631578947368421,0.4407894736842105
Abhainn Ghabhla,Gaillimh,241,0,12,149,51,14,15,0.6182572614107884,0.21161825726141079,0.06224066390041494,0.058091286307053944,0.0,0.04979253112033195,0.8298755186721992
Abington,Limerick,566,162,12,10,193,168,21,0.0176678445229682,0.3409893992932862,0.037102473498233215,0.2968197879858657,0.2862190812720848,0.02120141342756184,0.3586572438162544
Abington,Tipperary,281,80,8,8,81,90,14,0.028469750889679714,0.28825622775800713,0.0498220640569395,0.3202846975088968,0.2846975088967972,0.028469750889679714,0.3167259786476868
Acaill,Maigh Eo,521,68,4,38,94,255,62,0.07293666026871401,0.18042226487523993,0.11900191938579655,0.4894433781190019,0.13051823416506717,0.007677543186180422,0.2533589251439539
Achonry East,Sligo,195,46,5,6,50,76,12,0.03076923076923077,0.2564102564102564,0.06153846153846154,0.38974358974358975,0.2358974358974359,0.02564102564102564,0.28717948717948716
Achonry West,Sligo,362,103,11,6,110,109,23,0.016574585635359115,0.30386740331491713,0.06353591160220995,0.3011049723756906,0.2845303867403315,0.03038674033149171,0.32044198895027626
Aclare,Sligo,90,28,3,1,15,38,5,0.011111111111111112,0.16666666666666666,0.05555555555555555,0.4222222222222222,0.3111111111111111,0.03333333333333333,0.17777777777777778
Adamstown,Wexford,255,74,5,2,85,79,10,0.00784313725490196,0.3333333333333333,0.0392156862745098,0.30980392156862746,0.2901960784313726,0.0196078431372549,0.3411764705882353
Adare North,Limerick,322,78,10,7,108,102,17,0.021739130434782608,0.33540372670807456,0.052795031055900624,0.3167701863354037,0.2422360248447205,0.031055900621118012,0.35714285714285715
Adare South,Limerick,967,260,37,38,236,346,50,0.03929679420889348,0.24405377456049637,0.05170630816959669,0.3578076525336091,0.2688728024819028,0.038262668045501554,0.28335056876938985
Addergoole,Galway County,260,78,3,2,76,84,17,0.007692307692307693,0.2923076923076923,0.06538461538461539,0.3230769230769231,0.3,0.011538461538461539,0.3
Addergoole,Mayo,355,97,6,10,102,119,21,0.028169014084507043,0.28732394366197184,0.059154929577464786,0.3352112676056338,0.27323943661971833,0.016901408450704224,0.3154929577464789
Adrigole,Cork County,179,39,4,7,48,76,5,0.03910614525139665,0.2681564245810056,0.027932960893854747,0.4245810055865922,0.21787709497206703,0.0223463687150838,0.30726256983240224
Agha,Carlow,184,45,2,1,70,52,14,0.005434782608695652,0.3804347826086957,0.07608695652173914,0.2826086956521739,0.24456521739130435,0.010869565217391304,0.3858695652173913
Aghabog,Monaghan,113,23,1,2,43,38,6,0.017699115044247787,0.3805309734513274,0.05309734513274336,0.336283185840708,0.20353982300884957,0.008849557522123894,0.39823008849557523
Aghaboy,Longford,255,70,4,2,98,69,12,0.00784313725490196,0.3843137254901961,0.047058823529411764,0.27058823529411763,0.27450980392156865,0.01568627450980392,0.39215686274509803
Aghacashel,Leitrim,30,10,0,0,10,9,1,0.0,0.3333333333333333,0.03333333333333333,0.3,0.3333333333333333,0.0,0.3333333333333333
Aghadoe,Kerry,396,97,10,15,124,128,22,0.03787878787878788,0.31313131313131315,0.05555555555555555,0.32323232323232326,0.24494949494949494,0.025252525252525252,0.351010101010101
Aghadown North,Cork County,101,34,3,2,26,30,6,0.019801980198019802,0.25742574257425743,0.0594059405940594,0.297029702970297,0.33663366336633666,0.0297029702970297,0.27722772277227725
Aghadown South,Cork County,293,65,7,11,68,122,20,0.03754266211604096,0.23208191126279865,0.06825938566552901,0.41638225255972694,0.22184300341296928,0.023890784982935155,0.2696245733788396
Aghafin,Roscommon,50,6,1,4,18,15,6,0.08,0.36,0.12,0.3,0.12,0.02,0.44
Aghagower North,Mayo,451,113,18,19,150,127,24,0.04212860310421286,0.3325942350332594,0.05321507760532151,0.28159645232815966,0.25055432372505543,0.03991130820399113,0.37472283813747226
Aghagower South,Mayo,30,16,1,0,2,9,2,0.0,0.06666666666666667,0.06666666666666667,0.3,0.5333333333333333,0.03333333333333333,0.06666666666666667
Aghamore,Mayo,252,56,7,5,79,84,21,0.01984126984126984,0.3134920634920635,0.08333333333333333,0.3333333333333333,0.2222222222222222,0.027777777777777776,0.3333333333333333
Aghanagh,Sligo,164,44,5,2,52,52,9,0.012195121951219513,0.3170731707317073,0.054878048780487805,0.3170731707317073,0.2682926829268293,0.03048780487804878,0.32926829268292684
Aghancon,Offaly,139,46,2,1,33,48,9,0.007194244604316547,0.23741007194244604,0.06474820143884892,0.34532374100719426,0.33093525179856115,0.014388489208633094,0.2446043165467626
Aghanlish/Aghalateeve,Leitrim,74,25,4,0,15,27,3,0.0,0.20270270270270271,0.04054054054054054,0.36486486486486486,0.33783783783783783,0.05405405405405406,0.20270270270270271
Agharra,Longford,171,50,4,3,54,48,12,0.017543859649122806,0.3157894736842105,0.07017543859649122,0.2807017543859649,0.29239766081871343,0.023391812865497075,0.3333333333333333
Aghavas,Leitrim,133,36,4,1,24,47,21,0.007518796992481203,0.18045112781954886,0.15789473684210525,0.3533834586466165,0.2706766917293233,0.03007518796992481,0.18796992481203006
Aghaviller,Kilkenny,220,44,2,1,74,85,14,0.004545454545454545,0.33636363636363636,0.06363636363636363,0.38636363636363635,0.2,0.00909090909090909,0.3409090909090909
Aghern,Cork County,96,34,1,1,27,28,5,0.010416666666666666,0.28125,0.052083333333333336,0.2916666666666667,0.3541666666666667,0.010416666666666666,0.2916666666666667
Aghinagh,Cork County,236,46,3,10,76,80,21,0.0423728813559322,0.3220338983050847,0.08898305084745763,0.3389830508474576,0.19491525423728814,0.012711864406779662,0.3644067796610169
Aghmacart,Laois,173,40,2,4,51,55,21,0.023121387283236993,0.2947976878612717,0.12138728323699421,0.3179190751445087,0.23121387283236994,0.011560693641618497,0.3179190751445087
Aghnameadle,Tipperary,173,51,8,4,48,57,5,0.023121387283236993,0.2774566473988439,0.028901734104046242,0.32947976878612717,0.2947976878612717,0.046242774566473986,0.30057803468208094
Aghowle,Wicklow,81,21,0,0,30,26,4,0.0,0.37037037037037035,0.04938271604938271,0.32098765432098764,0.25925925925925924,0.0,0.37037037037037035
Aglish,Cork County,767,195,11,18,229,257,57,0.02346805736636245,0.2985658409387223,0.07431551499348109,0.3350717079530639,0.2542372881355932,0.014341590612777053,0.3220338983050847
Aglish,Kerry,232,69,9,4,73,67,10,0.017241379310344827,0.3146551724137931,0.04310344827586207,0.28879310344827586,0.2974137931034483,0.03879310344827586,0.33189655172413796
Aglish,Kilkenny,403,112,10,8,102,151,20,0.019851116625310174,0.2531017369727047,0.04962779156327544,0.3746898263027295,0.27791563275434245,0.02481389578163772,0.2729528535980149
Aglishcloghane,Tipperary,101,28,4,2,26,38,3,0.019801980198019802,0.25742574257425743,0.0297029702970297,0.37623762376237624,0.27722772277227725,0.039603960396039604,0.27722772277227725
Ahascragh,Galway County,256,59,10,10,69,90,18,0.0390625,0.26953125,0.0703125,0.3515625,0.23046875,0.0390625,0.30859375
Ahil,Cork County,79,15,2,3,25,30,4,0.0379746835443038,0.31645569620253167,0.05063291139240506,0.379746835443038,0.189873417721519,0.02531645569620253,0.35443037974683544
Aille,Galway County,169,45,6,6,40,64,8,0.03550295857988166,0.23668639053254437,0.047337278106508875,0.378698224852071,0.26627218934911245,0.03550295857988166,0.27218934911242604
Aillemore,Mayo,154,39,2,5,40,58,10,0.032467532467532464,0.2597402597402597,0.06493506493506493,0.37662337662337664,0.2532467532467532,0.012987012987012988,0.2922077922077922
Aird Mhór,"Port Láirge, 227002",123,18,4,8,42,32,19,0.06504065040650407,0.34146341463414637,0.15447154471544716,0.2601626016260163,0.14634146341463414,0.032520325203252036,0.4065040650406504
Airport,Fingal,1066,225,70,52,334,315,70,0.04878048780487805,0.3133208255159475,0.06566604127579738,0.2954971857410882,0.21106941838649157,0.06566604127579738,0.3621013133208255
Allow,Cork County,238,80,5,0,65,72,16,0.0,0.27310924369747897,0.06722689075630252,0.3025210084033613,0.33613445378151263,0.02100840336134454,0.27310924369747897
Allt na Péiste,Dún na nGall,192,12,3,39,70,51,17,0.203125,0.3645833333333333,0.08854166666666667,0.265625,0.0625,0.015625,0.5677083333333334
Altidore,Wicklow,178,50,9,2,44,65,8,0.011235955056179775,0.24719101123595505,0.0449438202247191,0.3651685393258427,0.2808988764044944,0.05056179775280899,0.25842696629213485
An Baile Breac,Ciarraí,44,10,1,2,2,26,3,0.045454545454545456,0.045454545454545456,0.06818181818181818,0.5909090909090909,0.22727272727272727,0.022727272727272728,0.09090909090909091
An Baile Dubh,"Ciarraí, 077016",81,11,2,9,16,27,16,0.1111111111111111,0.19753086419753085,0.19753086419753085,0.3333333333333333,0.13580246913580246,0.024691358024691357,0.30864197530864196
An Bhinn Bhán,Dún na nGall,56,13,0,1,14,20,8,0.017857142857142856,0.25,0.14285714285714285,0.35714285714285715,0.23214285714285715,0.0,0.26785714285714285
An Caisleán Gearr,Cathair na Gaillimhe,1401,331,35,90,299,543,103,0.06423982869379015,0.21341898643825838,0.07351891506067094,0.3875802997858672,0.23625981441827265,0.024982155603140613,0.27765881513204854
An Caisleán Nua,Cathair na Gaillimhe,707,180,29,30,78,313,77,0.042432814710042434,0.11032531824611033,0.10891089108910891,0.44271570014144274,0.2545968882602546,0.04101838755304102,0.15275813295615276
An Carn Mór,Gaillimh,1377,281,15,50,387,547,97,0.03631082062454612,0.28104575163398693,0.07044299201161947,0.3972403776325345,0.20406681190994916,0.010893246187363835,0.31735657225853303
An Cheapaigh Dhuibh,Maigh Eo,251,26,7,34,60,75,49,0.13545816733067728,0.23904382470119523,0.1952191235059761,0.29880478087649404,0.10358565737051793,0.027888446215139442,0.3745019920318725
An Cheathrú Chaol,Dún na nGall,300,59,10,10,85,106,30,0.03333333333333333,0.2833333333333333,0.1,0.35333333333333333,0.19666666666666666,0.03333333333333333,0.31666666666666665
An Chorr,Gaillimh,86,10,4,12,14,32,14,0.13953488372093023,0.16279069767441862,0.16279069767441862,0.37209302325581395,0.11627906976744186,0.046511627906976744,0.3023255813953488
An Clochán,Ciarraí,190,8,4,66,35,52,25,0.3473684210526316,0.18421052631578946,0.13157894736842105,0.2736842105263158,0.042105263157894736,0.021052631578947368,0.531578947368421
An Clochán,Dún na nGall,531,43,9,115,163,134,67,0.21657250470809794,0.3069679849340866,0.12617702448210924,0.2523540489642185,0.08097928436911488,0.01694915254237288,0.5235404896421846
An Clochán Liath,Dún na nGall,891,126,27,87,210,351,90,0.09764309764309764,0.2356902356902357,0.10101010101010101,0.3939393939393939,0.1414141414141414,0.030303030303030304,0.3333333333333333
An Cnoc Buí,Gaillimh,688,4,33,439,121,46,45,0.6380813953488372,0.17587209302325582,0.06540697674418605,0.06686046511627906,0.005813953488372093,0.04796511627906977,0.813953488372093
An Craoslach,Dún na nGall,274,48,8,34,67,90,27,0.12408759124087591,0.24452554744525548,0.09854014598540146,0.3284671532846715,0.17518248175182483,0.029197080291970802,0.3686131386861314
An Crompán,Gaillimh,2227,6,94,1542,408,72,105,0.6924113156713066,0.183206106870229,0.04714863044454423,0.032330489447687474,0.002694207453973956,0.042209250112258644,0.8756174225415357
An Dúchoraidh,Dún na nGall,45,2,2,7,2,22,10,0.15555555555555556,0.044444444444444446,0.2222222222222222,0.4888888888888889,0.044444444444444446,0.044444444444444446,0.2
An Fhairche,Gaillimh,630,80,15,63,173,227,72,0.1,0.2746031746031746,0.11428571428571428,0.3603174603174603,0.12698412698412698,0.023809523809523808,0.3746031746031746
An Geata Mór Theas,Mayo,606,42,11,165,134,174,80,0.2722772277227723,0.22112211221122113,0.132013201320132,0.2871287128712871,0.06930693069306931,0.018151815181518153,0.4933993399339934
An Geata Mór Thuaidh,Mayo,554,81,15,37,182,201,38,0.06678700361010831,0.3285198555956679,0.06859205776173286,0.3628158844765343,0.14620938628158844,0.02707581227436823,0.3953068592057762
An Ghrafaidh,Dún na nGall,105,8,5,39,20,21,12,0.37142857142857144,0.19047619047619047,0.11428571428571428,0.2,0.0761904761904762,0.047619047619047616,0.5619047619047619
An Leargaidh Mhór,Dún na nGall,333,50,11,36,56,146,34,0.10810810810810811,0.16816816816816818,0.1021021021021021,0.43843843843843844,0.15015015015015015,0.03303303303303303,0.27627627627627627
An Machaire,Dún na nGall,363,51,8,32,89,152,31,0.0881542699724518,0.24517906336088155,0.08539944903581267,0.418732782369146,0.14049586776859505,0.02203856749311295,0.3333333333333333
An Mhin Aird,Ciarraí,328,18,12,73,89,98,38,0.2225609756097561,0.27134146341463417,0.11585365853658537,0.29878048780487804,0.054878048780487805,0.036585365853658534,0.49390243902439024
An Rinn,Port Láirge,1125,37,31,439,238,233,147,0.39022222222222225,0.21155555555555555,0.13066666666666665,0.2071111111111111,0.03288888888888889,0.027555555555555555,0.6017777777777777
An Ráth Mhór,An Mhí,585,63,9,166,163,134,50,0.28376068376068375,0.27863247863247864,0.08547008547008547,0.22905982905982905,0.1076923076923077,0.015384615384615385,0.5623931623931624
An Sliabh Riabhach,Corcaigh,682,53,13,192,159,165,100,0.28152492668621704,0.23313782991202345,0.1466275659824047,0.24193548387096775,0.07771260997067449,0.01906158357771261,0.5146627565982405
An Spidéal,Gaillimh,1231,25,28,664,243,144,127,0.5393988627132412,0.19740048740861088,0.10316815597075549,0.11697806661251016,0.020308692120227456,0.022745735174654752,0.7367993501218522
An Sráidbhaile,Ciarraí,130,12,2,14,42,52,8,0.1076923076923077,0.3230769230769231,0.06153846153846154,0.4,0.09230769230769231,0.015384615384615385,0.4307692307692308
An Tearmann,Dún na nGall,284,51,3,42,85,81,22,0.14788732394366197,0.2992957746478873,0.07746478873239436,0.2852112676056338,0.1795774647887324,0.01056338028169014,0.4471830985915493
An Turlach,Gaillimh,466,2,25,326,66,27,20,0.6995708154506438,0.14163090128755365,0.04291845493562232,0.05793991416309013,0.004291845493562232,0.0536480686695279,0.8412017167381974
An Uillinn,Gaillimh,64,10,0,12,12,19,11,0.1875,0.1875,0.171875,0.296875,0.15625,0.0,0.375
An tImleach,Ciarraí,440,76,10,29,113,177,35,0.0659090909090909,0.25681818181818183,0.07954545454545454,0.4022727272727273,0.17272727272727273,0.022727272727272728,0.32272727272727275
Anagaire,Dún na nGall,1581,59,50,658,292,355,167,0.4161922833649589,0.1846932321315623,0.105629348513599,0.22454142947501582,0.03731815306767868,0.031625553447185324,0.6008855154965211
Anglesborough,Limerick,132,37,5,0,38,45,7,0.0,0.2878787878787879,0.05303030303030303,0.3409090909090909,0.2803030303030303,0.03787878787878788,0.2878787878787879
Anketell Grove,Monaghan,511,122,15,25,165,162,22,0.04892367906066536,0.32289628180039137,0.043052837573385516,0.31702544031311153,0.23874755381604695,0.029354207436399216,0.37181996086105673
Annaduff,Leitrim,104,25,1,7,28,35,8,0.0673076923076923,0.2692307692307692,0.07692307692307693,0.33653846153846156,0.2403846153846154,0.009615384615384616,0.33653846153846156
Annagh,Clare,230,61,5,5,72,75,12,0.021739130434782608,0.3130434782608696,0.05217391304347826,0.32608695652173914,0.26521739130434785,0.021739130434782608,0.3347826086956522
Annagh,Galway County,144,44,2,2,52,36,8,0.013888888888888888,0.3611111111111111,0.05555555555555555,0.25,0.3055555555555556,0.013888888888888888,0.375
Annagh,Sligo,90,34,9,0,17,26,4,0.0,0.18888888888888888,0.044444444444444446,0.28888888888888886,0.37777777777777777,0.1,0.18888888888888888
Annaghdown,"Galway County, 067010",600,128,20,10,175,214,53,0.016666666666666666,0.2916666666666667,0.08833333333333333,0.3566666666666667,0.21333333333333335,0.03333333333333333,0.30833333333333335
Annaghmore,Roscommon,126,36,4,1,37,43,5,0.007936507936507936,0.29365079365079366,0.03968253968253968,0.3412698412698413,0.2857142857142857,0.031746031746031744,0.30158730158730157
Annayalla,Monaghan,191,40,8,4,64,58,17,0.020942408376963352,0.33507853403141363,0.08900523560209424,0.3036649214659686,0.2094240837696335,0.041884816753926704,0.35602094240837695
Anner,Tipperary,186,56,4,1,64,53,8,0.005376344086021506,0.34408602150537637,0.043010752688172046,0.2849462365591398,0.3010752688172043,0.021505376344086023,0.34946236559139787
Annestown,Waterford,426,135,2,6,140,123,20,0.014084507042253521,0.3286384976525822,0.046948356807511735,0.2887323943661972,0.31690140845070425,0.004694835680751174,0.3427230046948357
Anny,Monaghan,155,31,5,15,38,54,12,0.0967741935483871,0.24516129032258063,0.07741935483870968,0.34838709677419355,0.2,0.03225806451612903,0.3419354838709677
Arabela,Kerry,607,149,10,23,172,209,44,0.03789126853377265,0.2833607907742998,0.07248764415156507,0.3443163097199341,0.24546952224052718,0.016474464579901153,0.3212520593080725
Ard an Rátha,Dún na nGall,479,92,11,27,118,184,47,0.05636743215031315,0.24634655532359082,0.09812108559498957,0.38413361169102295,0.19206680584551147,0.022964509394572025,0.302713987473904
Ardagh,Cork County,317,91,7,4,113,89,13,0.012618296529968454,0.35646687697160884,0.04100946372239748,0.2807570977917981,0.2870662460567823,0.022082018927444796,0.36908517350157727
Ardagh,Kerry,270,63,6,1,82,102,16,0.003703703703703704,0.3037037037037037,0.05925925925925926,0.37777777777777777,0.23333333333333334,0.022222222222222223,0.3074074074074074
Ardagh,Limerick,475,141,9,6,132,154,33,0.01263157894736842,0.27789473684210525,0.06947368421052631,0.32421052631578945,0.2968421052631579,0.018947368421052633,0.2905263157894737
Ardagh,Mayo,150,34,6,10,39,56,5,0.06666666666666667,0.26,0.03333333333333333,0.37333333333333335,0.22666666666666666,0.04,0.32666666666666666
Ardagh,Meath,242,73,10,5,68,75,11,0.02066115702479339,0.2809917355371901,0.045454545454545456,0.30991735537190085,0.30165289256198347,0.04132231404958678,0.30165289256198347
Ardagh East,Longford,270,74,8,2,95,76,15,0.007407407407407408,0.35185185185185186,0.05555555555555555,0.2814814814814815,0.2740740740740741,0.02962962962962963,0.3592592592592593
Ardagh West,Longford,204,52,4,6,61,70,11,0.029411764705882353,0.29901960784313725,0.05392156862745098,0.3431372549019608,0.2549019607843137,0.0196078431372549,0.3284313725490196
Ardamine,Wexford,1231,300,38,19,434,368,72,0.015434606011372868,0.35255889520714867,0.05848903330625508,0.29894394800974816,0.2437043054427295,0.030869212022745736,0.36799350121852153
Ardamullivan,Galway County,271,58,8,5,78,101,21,0.01845018450184502,0.2878228782287823,0.07749077490774908,0.3726937269372694,0.2140221402214022,0.02952029520295203,0.3062730627306273
Ardbraccan,Meath,963,231,25,28,304,318,57,0.029075804776739357,0.31568016614745587,0.059190031152647975,0.3302180685358255,0.2398753894080997,0.02596053997923157,0.34475597092419524
Ardcath,Meath,715,180,23,14,213,260,25,0.019580419580419582,0.29790209790209793,0.03496503496503497,0.36363636363636365,0.2517482517482518,0.032167832167832165,0.3174825174825175
Ardcavan,Wexford,1172,310,35,20,399,371,37,0.017064846416382253,0.34044368600682595,0.031569965870307165,0.3165529010238908,0.2645051194539249,0.029863481228668942,0.3575085324232082
Ardcolm,Wexford,338,97,6,17,110,93,15,0.05029585798816568,0.3254437869822485,0.04437869822485207,0.27514792899408286,0.2869822485207101,0.01775147928994083,0.3757396449704142
Ardcrony,Tipperary,274,78,3,3,81,84,25,0.010948905109489052,0.2956204379562044,0.09124087591240876,0.30656934306569344,0.2846715328467153,0.010948905109489052,0.30656934306569344
Ardea,Kerry,72,14,1,1,27,23,6,0.013888888888888888,0.375,0.08333333333333333,0.3194444444444444,0.19444444444444445,0.013888888888888888,0.3888888888888889
Ardee Rural,Louth,1109,313,24,13,392,322,45,0.011722272317403066,0.3534715960324617,0.0405770964833183,0.29035166816952207,0.2822362488728584,0.02164111812443643,0.3651938683498647
Ardee Urban,Louth,1370,390,43,28,462,382,65,0.020437956204379562,0.3372262773722628,0.04744525547445255,0.27883211678832115,0.2846715328467153,0.031386861313868614,0.35766423357664234
Arderin,Laois,122,33,3,2,43,37,4,0.01639344262295082,0.3524590163934426,0.03278688524590164,0.30327868852459017,0.27049180327868855,0.02459016393442623,0.36885245901639346
Ardfert,Kerry,394,93,10,7,146,122,16,0.017766497461928935,0.37055837563451777,0.04060913705583756,0.3096446700507614,0.23604060913705585,0.025380710659898477,0.3883248730964467
Ardfield,Cork County,450,116,15,21,120,152,26,0.04666666666666667,0.26666666666666666,0.057777777777777775,0.3377777777777778,0.2577777777777778,0.03333333333333333,0.31333333333333335
Ardfinnan,Tipperary,413,114,7,10,122,145,15,0.024213075060532687,0.29539951573849876,0.03631961259079903,0.35108958837772397,0.27602905569007263,0.01694915254237288,0.3196125907990315
Ardmalin,Donegal,246,62,2,3,102,69,8,0.012195121951219513,0.4146341463414634,0.032520325203252036,0.2804878048780488,0.25203252032520324,0.008130081300813009,0.4268292682926829
Ardmayle,Tipperary,264,85,9,0,75,84,11,0.0,0.2840909090909091,0.041666666666666664,0.3181818181818182,0.32196969696969696,0.03409090909090909,0.2840909090909091
Ardmore,"Waterford, 227003",338,85,11,19,73,126,24,0.05621301775147929,0.21597633136094674,0.07100591715976332,0.3727810650887574,0.2514792899408284,0.03254437869822485,0.27218934911242604
Ardmulchan,Meath,454,116,8,12,128,146,44,0.02643171806167401,0.28193832599118945,0.09691629955947137,0.32158590308370044,0.2555066079295154,0.01762114537444934,0.30837004405286345
Ardnaglew,Westmeath,156,40,4,3,57,39,13,0.019230769230769232,0.36538461538461536,0.08333333333333333,0.25,0.2564102564102564,0.02564102564102564,0.38461538461538464
Ardnagragh,Westmeath,204,55,8,1,60,70,10,0.004901960784313725,0.29411764705882354,0.049019607843137254,0.3431372549019608,0.2696078431372549,0.0392156862745098,0.29901960784313725
Ardnamullan,Meath,300,84,9,7,86,95,19,0.023333333333333334,0.2866666666666667,0.06333333333333334,0.31666666666666665,0.28,0.03,0.31
Ardnaree North,Mayo,486,121,10,6,151,174,24,0.012345679012345678,0.31069958847736623,0.04938271604938271,0.35802469135802467,0.24897119341563786,0.0205761316872428,0.3230452674897119
Ardnaree South Rural,Mayo,1315,325,35,35,442,400,78,0.026615969581749048,0.3361216730038023,0.05931558935361217,0.3041825095057034,0.24714828897338403,0.026615969581749048,0.36273764258555136
Ardnaree South Urban,Mayo,714,188,17,15,175,270,49,0.02100840336134454,0.24509803921568626,0.06862745098039216,0.37815126050420167,0.26330532212885155,0.023809523809523808,0.2661064425770308
Ardough,Laois,162,50,7,2,43,50,10,0.012345679012345678,0.2654320987654321,0.06172839506172839,0.30864197530864196,0.30864197530864196,0.043209876543209874,0.2777777777777778
Ardpatrick,Limerick,169,41,4,1,36,71,16,0.005917159763313609,0.21301775147928995,0.09467455621301775,0.42011834319526625,0.24260355029585798,0.023668639053254437,0.21893491124260356
Ardrahan,Galway County,239,46,5,9,86,73,20,0.03765690376569038,0.3598326359832636,0.08368200836820083,0.3054393305439331,0.19246861924686193,0.02092050209205021,0.39748953974895396
Ards,Donegal,275,51,5,36,70,96,17,0.13090909090909092,0.2545454545454545,0.06181818181818182,0.3490909090909091,0.18545454545454546,0.01818181818181818,0.38545454545454544
Ardsallagh,Tipperary,181,60,3,4,47,61,6,0.022099447513812154,0.2596685082872928,0.03314917127071823,0.3370165745856354,0.3314917127071823,0.016574585635359115,0.281767955801105
Ardskeagh,Cork County,226,54,5,4,94,62,7,0.017699115044247787,0.415929203539823,0.030973451327433628,0.2743362831858407,0.23893805309734514,0.022123893805309734,0.4336283185840708
Ardue,Cavan,295,74,10,3,91,106,11,0.010169491525423728,0.30847457627118646,0.03728813559322034,0.3593220338983051,0.25084745762711863,0.03389830508474576,0.31864406779661014
Argideen,Cork County,179,52,2,2,56,56,11,0.0111731843575419,0.3128491620111732,0.061452513966480445,0.3128491620111732,0.2905027932960894,0.0111731843575419,0.3240223463687151
Arigna/Drumkeeran/Killarga,Leitrim,206,48,5,5,50,87,11,0.024271844660194174,0.24271844660194175,0.05339805825242718,0.4223300970873786,0.23300970873786409,0.024271844660194174,0.2669902912621359
Arklow No. 1 Urban,Wicklow,3497,783,91,104,1245,1078,196,0.02973977695167286,0.3560194452387761,0.0560480411781527,0.30826422647983986,0.22390620531884473,0.026022304832713755,0.38575922219044895
Arklow No. 2 Urban,Wicklow,1062,269,16,29,365,333,50,0.027306967984934087,0.3436911487758945,0.047080979284369114,0.3135593220338983,0.2532956685499058,0.015065913370998116,0.3709981167608286
Arklow Rural,Wicklow,539,146,8,12,168,181,24,0.022263450834879406,0.3116883116883117,0.04452690166975881,0.3358070500927644,0.27087198515769945,0.014842300556586271,0.3339517625231911
Arless,Laois,171,43,5,2,51,60,10,0.011695906432748537,0.2982456140350877,0.05847953216374269,0.3508771929824561,0.25146198830409355,0.029239766081871343,0.30994152046783624
Arran Quay A,Dublin City,476,146,10,19,78,187,36,0.03991596638655462,0.1638655462184874,0.07563025210084033,0.39285714285714285,0.3067226890756303,0.02100840336134454,0.20378151260504201
Arran Quay B,Dublin City,843,261,23,33,109,356,61,0.03914590747330961,0.12930011862396204,0.07236061684460261,0.4223013048635824,0.3096085409252669,0.027283511269276393,0.16844602609727166
Arran Quay C,Dublin City,763,259,25,27,88,307,57,0.035386631716906945,0.11533420707732635,0.07470511140235911,0.40235910878112713,0.3394495412844037,0.0327653997378768,0.15072083879423329
Arran Quay D,Dublin City,752,226,43,27,104,303,49,0.03590425531914894,0.13829787234042554,0.06515957446808511,0.4029255319148936,0.300531914893617,0.057180851063829786,0.17420212765957446
Arran Quay E,Dublin City,1010,301,23,36,146,423,81,0.03564356435643564,0.14455445544554454,0.0801980198019802,0.4188118811881188,0.298019801980198,0.02277227722772277,0.1801980198019802
Artagh North,Roscommon,295,88,7,2,87,89,22,0.006779661016949152,0.29491525423728815,0.07457627118644068,0.3016949152542373,0.2983050847457627,0.023728813559322035,0.3016949152542373
Artagh South,Roscommon,177,64,3,5,30,63,12,0.02824858757062147,0.1694915254237288,0.06779661016949153,0.3559322033898305,0.3615819209039548,0.01694915254237288,0.1977401129943503
Artramon,Wexford,312,79,6,8,107,90,22,0.02564102564102564,0.34294871794871795,0.07051282051282051,0.28846153846153844,0.2532051282051282,0.019230769230769232,0.3685897435897436
Arvagh,Cavan,325,90,11,0,97,108,19,0.0,0.29846153846153844,0.05846153846153846,0.3323076923076923,0.27692307692307694,0.033846153846153845,0.29846153846153844
Ashfield,Cavan,175,54,4,9,55,44,9,0.05142857142857143,0.3142857142857143,0.05142857142857143,0.25142857142857145,0.30857142857142855,0.022857142857142857,0.3657142857142857
Ashtown A,Dublin City,4052,1125,102,109,1052,1445,219,0.02690029615004936,0.2596248766041461,0.05404738400789733,0.356614017769003,0.2776406712734452,0.025172754195459033,0.2865251727541955
Ashtown B,Dublin City,1198,342,32,54,263,444,63,0.045075125208681135,0.21953255425709517,0.052587646076794656,0.37061769616026713,0.2854757929883139,0.02671118530884808,0.2646076794657763
Askeaton East,Limerick,248,59,6,2,67,103,11,0.008064516129032258,0.2701612903225806,0.04435483870967742,0.4153225806451613,0.23790322580645162,0.024193548387096774,0.2782258064516129
Askeaton West,Limerick,429,124,15,9,108,147,26,0.02097902097902098,0.2517482517482518,0.06060606060606061,0.34265734265734266,0.289044289044289,0.03496503496503497,0.2727272727272727
Astee,Kerry,249,64,8,4,53,105,15,0.01606425702811245,0.21285140562248997,0.060240963855421686,0.42168674698795183,0.2570281124497992,0.0321285140562249,0.2289156626506024
Athenry,Galway County,2389,468,65,112,849,720,175,0.04688154039347007,0.3553788195897865,0.07325240686479699,0.301381331100879,0.19589786521557137,0.027208036835496024,0.4022603599832566
Athlacca,Limerick,170,40,3,7,59,49,12,0.041176470588235294,0.34705882352941175,0.07058823529411765,0.28823529411764703,0.23529411764705882,0.01764705882352941,0.38823529411764707
Athleague East,Roscommon,222,65,8,4,60,80,5,0.018018018018018018,0.2702702702702703,0.02252252252252252,0.36036036036036034,0.2927927927927928,0.036036036036036036,0.2882882882882883
Athleague West,Roscommon,213,52,7,4,67,71,12,0.018779342723004695,0.3145539906103286,0.056338028169014086,0.3333333333333333,0.24413145539906103,0.03286384976525822,0.3333333333333333
Athlone East Rural,Westmeath,2405,612,64,49,666,879,135,0.020374220374220375,0.27692307692307694,0.056133056133056136,0.3654885654885655,0.2544698544698545,0.026611226611226613,0.2972972972972973
Athlone East Urban,Westmeath,1198,323,31,35,289,460,60,0.02921535893155259,0.24123539232053423,0.05008347245409015,0.38397328881469117,0.2696160267111853,0.02587646076794658,0.2704507512520868
Athlone West Rural,Roscommon,1750,408,53,18,710,478,83,0.010285714285714285,0.4057142857142857,0.04742857142857143,0.27314285714285713,0.23314285714285715,0.030285714285714287,0.416
Athlone West Urban,Westmeath,818,226,30,24,199,306,33,0.029339853300733496,0.24327628361858192,0.040342298288508556,0.3740831295843521,0.2762836185819071,0.03667481662591687,0.2726161369193154
Athy East Urban,Kildare,1308,306,33,43,397,457,72,0.03287461773700306,0.30351681957186544,0.05504587155963303,0.34938837920489296,0.23394495412844038,0.02522935779816514,0.3363914373088685
Athy Rural,Kildare,1662,383,54,40,624,481,80,0.024067388688327317,0.37545126353790614,0.048134777376654635,0.28941034897713597,0.23044524669073405,0.032490974729241874,0.39951865222623345
Athy West Urban,Kildare,847,185,27,23,328,259,25,0.02715466351829988,0.3872491145218418,0.0295159386068477,0.30578512396694213,0.21841794569067297,0.031877213695395513,0.41440377804014167
Attanagh,Kilkenny,168,39,4,8,50,61,6,0.047619047619047616,0.2976190476190476,0.03571428571428571,0.3630952380952381,0.23214285714285715,0.023809523809523808,0.34523809523809523
Attymass East,Mayo,142,45,8,1,29,51,8,0.007042253521126761,0.20422535211267606,0.056338028169014086,0.3591549295774648,0.31690140845070425,0.056338028169014086,0.2112676056338028
Attymass West,Mayo,90,22,1,0,32,32,3,0.0,0.35555555555555557,0.03333333333333333,0.35555555555555557,0.24444444444444444,0.011111111111111112,0.35555555555555557
Auburn,Westmeath,358,106,7,6,102,115,22,0.01675977653631285,0.2849162011173184,0.061452513966480445,0.32122905027932963,0.29608938547486036,0.019553072625698324,0.3016759776536313
Aughinish,Limerick,103,28,1,2,38,32,2,0.019417475728155338,0.36893203883495146,0.019417475728155338,0.3106796116504854,0.27184466019417475,0.009708737864077669,0.3883495145631068
Aughrim,"Galway County, 067014",581,162,10,13,179,178,39,0.022375215146299483,0.3080895008605852,0.06712564543889846,0.306368330464716,0.27882960413080893,0.01721170395869191,0.3304647160068847
Aughrim,"Galway County, 067015",245,71,6,8,57,90,13,0.0326530612244898,0.23265306122448978,0.053061224489795916,0.3673469387755102,0.2897959183673469,0.024489795918367346,0.2653061224489796
Aughrim,Wicklow,682,154,20,23,252,189,44,0.03372434017595308,0.36950146627565983,0.06451612903225806,0.27712609970674484,0.22580645161290322,0.02932551319648094,0.4032258064516129
Aughrim East,Roscommon,127,40,3,8,27,42,7,0.06299212598425197,0.2125984251968504,0.05511811023622047,0.33070866141732286,0.31496062992125984,0.023622047244094488,0.2755905511811024
Aughrim West,Roscommon,76,11,4,2,31,23,5,0.02631578947368421,0.40789473684210525,0.06578947368421052,0.3026315789473684,0.14473684210526316,0.05263157894736842,0.4342105263157895
Aughris,Sligo,70,16,2,0,27,22,3,0.0,0.38571428571428573,0.04285714285714286,0.3142857142857143,0.22857142857142856,0.02857142857142857,0.38571428571428573
Aughwilliam,Wexford,243,65,5,5,89,66,13,0.0205761316872428,0.3662551440329218,0.053497942386831275,0.2716049382716049,0.2674897119341564,0.0205761316872428,0.3868312757201646
Aultagh,Cork County,172,41,4,2,62,59,4,0.011627906976744186,0.36046511627906974,0.023255813953488372,0.3430232558139535,0.23837209302325582,0.023255813953488372,0.37209302325581395
Ayle,Clare,118,21,2,4,35,46,10,0.03389830508474576,0.2966101694915254,0.0847457627118644,0.3898305084745763,0.17796610169491525,0.01694915254237288,0.3305084745762712
Ayrfield,Dublin City,1719,435,69,61,470,566,118,0.035485747527632346,0.2734147760325771,0.06864456079115765,0.32926119837114604,0.2530541012216405,0.04013961605584642,0.3089005235602094
Baile Chláir,Gaillimh,1129,205,24,52,330,428,90,0.046058458813108945,0.29229406554472986,0.07971656333038087,0.37909654561558903,0.18157661647475642,0.021257750221434897,0.3383525243578388
Baile Mhac Airt,Port Láirge,284,15,5,69,77,78,40,0.24295774647887325,0.2711267605633803,0.14084507042253522,0.2746478873239437,0.0528169014084507,0.017605633802816902,0.5140845070422535
Baile an Bhriotaigh,Cathair na Gaillimhe,316,92,5,21,42,126,30,0.06645569620253164,0.13291139240506328,0.0949367088607595,0.3987341772151899,0.2911392405063291,0.015822784810126583,0.19936708860759494
Baile an Chalaidh,Maigh Eo,173,16,8,32,33,54,30,0.18497109826589594,0.1907514450867052,0.17341040462427745,0.31213872832369943,0.09248554913294797,0.046242774566473986,0.37572254335260113
Baile an Sceilg,Ciarraí,263,23,11,38,44,106,41,0.1444866920152091,0.16730038022813687,0.155893536121673,0.40304182509505704,0.08745247148288973,0.04182509505703422,0.311787072243346
Baile an Teampaill,Gaillimh,762,184,11,29,192,283,63,0.03805774278215223,0.25196850393700787,0.08267716535433071,0.37139107611548555,0.24146981627296588,0.014435695538057743,0.2900262467191601
Baile na Finne,Dún na nGall,215,8,1,69,49,61,27,0.3209302325581395,0.22790697674418606,0.12558139534883722,0.2837209302325581,0.037209302325581395,0.004651162790697674,0.5488372093023256
Baile Átha Buí,An Mhí,958,179,26,81,276,309,87,0.08455114822546973,0.2881002087682672,0.09081419624217119,0.32254697286012524,0.18684759916492694,0.027139874739039668,0.37265135699373697
Baile Óbha,Maigh Eo,139,13,0,11,47,53,15,0.07913669064748201,0.3381294964028777,0.1079136690647482,0.381294964028777,0.09352517985611511,0.0,0.4172661870503597
Bailieborough,Cavan,1161,308,24,9,437,315,68,0.007751937984496124,0.3763996554694229,0.05857019810508183,0.2713178294573643,0.2652885443583118,0.020671834625323,0.384151593453919
Balbriggan Rural,Fingal,6273,1102,145,168,2892,1640,326,0.026781444285031087,0.4610234337637494,0.05196875498166746,0.26143790849673204,0.17567352144109677,0.023114937031723258,0.4878048780487805
Balbriggan Urban,Fingal,2611,617,66,114,910,764,140,0.043661432401378784,0.3485254691689008,0.05361930294906166,0.2926081960934508,0.23630792799693603,0.025277671390271927,0.3921869015702796
Baldoyle,Fingal,2799,766,59,88,836,881,169,0.03143979992854591,0.29867809932118616,0.06037870668095748,0.31475526973919254,0.2736691675598428,0.021078956770275097,0.33011789924973206
Balgriffin,Fingal,1289,305,25,19,477,388,75,0.01474010861132661,0.3700543056633049,0.05818463925523662,0.30100853374709075,0.2366175329712956,0.019394879751745538,0.3847944142746315
Balla,Mayo,701,193,18,24,178,252,36,0.034236804564907276,0.25392296718972895,0.05135520684736091,0.3594864479315264,0.275320970042796,0.025677603423680456,0.28815977175463625
Ballagh,Clare,91,19,1,3,18,42,8,0.03296703296703297,0.1978021978021978,0.08791208791208792,0.46153846153846156,0.2087912087912088,0.01098901098901099,0.23076923076923078
Ballaghaderreen,Roscommon,981,243,32,29,299,320,58,0.029561671763506627,0.30479102956167176,0.059123343527013254,0.32619775739041795,0.24770642201834864,0.0326197757390418,0.3343527013251784
Ballaghameehan,Leitrim,69,25,3,0,15,24,2,0.0,0.21739130434782608,0.028985507246376812,0.34782608695652173,0.36231884057971014,0.043478260869565216,0.21739130434782608
Ballaghmoon,Kildare,91,25,4,1,27,31,3,0.01098901098901099,0.2967032967032967,0.03296703296703297,0.34065934065934067,0.27472527472527475,0.04395604395604396,0.3076923076923077
Balleen,Kilkenny,212,53,4,4,75,59,17,0.018867924528301886,0.35377358490566035,0.08018867924528301,0.2783018867924528,0.25,0.018867924528301886,0.37264150943396224
Ballickmoyler,Laois,330,81,3,10,88,122,26,0.030303030303030304,0.26666666666666666,0.07878787878787878,0.3696969696969697,0.24545454545454545,0.00909090909090909,0.296969696969697
Ballina,Tipperary,1551,419,36,24,486,489,97,0.015473887814313346,0.31334622823984526,0.06254029658284978,0.3152804642166344,0.27014829142488717,0.02321083172147002,0.3288201160541586
Ballina Rural,Mayo,1249,307,34,31,366,432,79,0.024819855884707767,0.2930344275420336,0.0632506004803843,0.3458767013610889,0.24579663730984788,0.02722177742193755,0.3178542834267414
Ballina Urban,Mayo,1239,360,44,36,264,476,59,0.029055690072639227,0.21307506053268765,0.047619047619047616,0.384180790960452,0.29055690072639223,0.03551251008878128,0.24213075060532688
Ballinacarrig,Carlow,504,119,12,8,148,191,26,0.015873015873015872,0.29365079365079366,0.051587301587301584,0.37896825396825395,0.2361111111111111,0.023809523809523808,0.30952380952380953
Ballinaclash,Wicklow,234,48,1,6,78,84,17,0.02564102564102564,0.3333333333333333,0.07264957264957266,0.358974358974359,0.20512820512820512,0.004273504273504274,0.358974358974359
Ballinacor,Wicklow,165,44,5,2,59,47,8,0.012121212121212121,0.3575757575757576,0.048484848484848485,0.28484848484848485,0.26666666666666666,0.030303030303030304,0.3696969696969697
Ballinacurra A,Limerick,1022,259,20,33,273,366,71,0.03228962818003914,0.2671232876712329,0.06947162426614481,0.35812133072407043,0.2534246575342466,0.019569471624266144,0.299412915851272
Ballinacurra B,Limerick,525,137,24,10,113,214,27,0.01904761904761905,0.21523809523809523,0.05142857142857143,0.4076190476190476,0.26095238095238094,0.045714285714285714,0.2342857142857143
Ballinadee,Cork County,266,81,8,8,86,74,9,0.03007518796992481,0.3233082706766917,0.03383458646616541,0.2781954887218045,0.30451127819548873,0.03007518796992481,0.3533834586466165
Ballinafad,Mayo,286,68,4,4,88,107,15,0.013986013986013986,0.3076923076923077,0.05244755244755245,0.3741258741258741,0.23776223776223776,0.013986013986013986,0.32167832167832167
Ballinakill,Laois,317,88,3,3,116,99,8,0.00946372239747634,0.3659305993690852,0.025236593059936908,0.31230283911671924,0.277602523659306,0.00946372239747634,0.3753943217665615
Ballinalack,Westmeath,219,41,34,2,74,64,4,0.0091324200913242,0.3378995433789954,0.0182648401826484,0.2922374429223744,0.1872146118721461,0.1552511415525114,0.3470319634703196
Ballinalee,Longford,216,46,7,2,63,88,10,0.009259259259259259,0.2916666666666667,0.046296296296296294,0.4074074074074074,0.21296296296296297,0.032407407407407406,0.30092592592592593
Ballinamara,Kilkenny,167,45,0,1,56,51,14,0.005988023952095809,0.33532934131736525,0.08383233532934131,0.30538922155688625,0.2694610778443114,0.0,0.3413173652694611
Ballinamore,Leitrim,533,128,17,23,162,174,29,0.043151969981238276,0.30393996247654786,0.054409005628517824,0.32645403377110693,0.2401500938086304,0.03189493433395872,0.34709193245778613
Ballinamore,Mayo,170,40,4,11,38,68,9,0.06470588235294118,0.2235294117647059,0.052941176470588235,0.4,0.23529411764705882,0.023529411764705882,0.28823529411764703
Ballinamuck East,Longford,209,63,3,6,66,59,12,0.028708133971291867,0.3157894736842105,0.05741626794258373,0.2822966507177033,0.3014354066985646,0.014354066985645933,0.3444976076555024
Ballinamuck West,Longford,194,59,13,0,51,64,7,0.0,0.26288659793814434,0.03608247422680412,0.32989690721649484,0.30412371134020616,0.06701030927835051,0.26288659793814434
Ballinascorney,South Dublin,263,55,2,10,93,77,26,0.03802281368821293,0.35361216730038025,0.09885931558935361,0.29277566539923955,0.20912547528517111,0.0076045627376425855,0.3916349809885932
Ballinasloe Rural,Galway County,259,41,7,5,61,127,18,0.019305019305019305,0.23552123552123552,0.0694980694980695,0.49034749034749037,0.1583011583011583,0.02702702702702703,0.2548262548262548
Ballinasloe Urban,Galway County,2477,541,77,65,751,909,134,0.02624142107387969,0.3031893419459023,0.05409769882922891,0.36697618086394834,0.21840936616875253,0.03108599111828825,0.32943076301978197
Ballinastack,Galway County,131,37,8,1,29,48,8,0.007633587786259542,0.22137404580152673,0.061068702290076333,0.366412213740458,0.2824427480916031,0.061068702290076333,0.22900763358778625
Ballincloher,Kerry,204,52,6,6,52,77,11,0.029411764705882353,0.2549019607843137,0.05392156862745098,0.37745098039215685,0.2549019607843137,0.029411764705882353,0.28431372549019607
Ballincollig,Cork City,8897,2192,170,363,2560,3006,606,0.040800269753849615,0.28773743958637743,0.06811284702708778,0.3378666966393166,0.2463751826458357,0.019107564347532878,0.328537709340227
Ballincollig,Cork County,849,228,15,32,233,291,50,0.03769140164899882,0.2744405182567727,0.05889281507656066,0.34275618374558303,0.26855123674911663,0.0176678445229682,0.3121319199057715
Ballincor,Offaly,73,13,1,0,22,32,5,0.0,0.3013698630136986,0.0684931506849315,0.4383561643835616,0.1780821917808219,0.0136986301369863,0.3013698630136986
Ballincrea,Kilkenny,155,41,4,3,48,51,8,0.01935483870967742,0.3096774193548387,0.05161290322580645,0.32903225806451614,0.2645161290322581,0.025806451612903226,0.32903225806451614
Ballindaggan,Wexford,304,83,7,3,111,81,19,0.009868421052631578,0.3651315789473684,0.0625,0.26644736842105265,0.2730263157894737,0.023026315789473683,0.375
Ballinderry,Galway County,231,66,3,8,75,65,14,0.03463203463203463,0.3246753246753247,0.06060606060606061,0.2813852813852814,0.2857142857142857,0.012987012987012988,0.3593073593073593
Ballinderry,Wicklow,229,73,4,6,61,76,9,0.026200873362445413,0.2663755458515284,0.039301310043668124,0.3318777292576419,0.31877729257641924,0.017467248908296942,0.2925764192139738
Ballindine,Mayo,397,119,20,8,105,125,20,0.020151133501259445,0.26448362720403024,0.05037783375314862,0.3148614609571788,0.29974811083123426,0.05037783375314862,0.28463476070528965
Ballinduff,Galway County,339,82,9,8,103,119,18,0.02359882005899705,0.30383480825958703,0.05309734513274336,0.35103244837758113,0.24188790560471976,0.02654867256637168,0.3274336283185841
Ballingarry,Limerick,415,102,10,8,134,138,23,0.01927710843373494,0.3228915662650602,0.05542168674698795,0.3325301204819277,0.2457831325301205,0.024096385542168676,0.3421686746987952
Ballingarry,"Tipperary, 217010",278,90,9,2,83,73,21,0.007194244604316547,0.29856115107913667,0.07553956834532374,0.26258992805755393,0.3237410071942446,0.03237410071942446,0.3057553956834532
Ballingarry,"Tipperary, 217011",235,68,11,4,67,72,13,0.01702127659574468,0.2851063829787234,0.05531914893617021,0.30638297872340425,0.28936170212765955,0.04680851063829787,0.3021276595744681
Ballingate,Wicklow,137,33,0,4,44,45,11,0.029197080291970802,0.32116788321167883,0.08029197080291971,0.3284671532846715,0.24087591240875914,0.0,0.35036496350364965
Ballinglen,Wicklow,93,24,1,1,21,39,7,0.010752688172043012,0.22580645161290322,0.07526881720430108,0.41935483870967744,0.25806451612903225,0.010752688172043012,0.23655913978494625
Ballinguile,Wicklow,75,26,2,3,23,17,4,0.04,0.30666666666666664,0.05333333333333334,0.22666666666666666,0.3466666666666667,0.02666666666666667,0.3466666666666667
Ballingurteen,Cork County,331,77,7,9,104,115,19,0.027190332326283987,0.31419939577039274,0.05740181268882175,0.3474320241691843,0.2326283987915408,0.021148036253776436,0.3413897280966767
Ballinlough,Meath,99,26,2,2,35,23,11,0.020202020202020204,0.35353535353535354,0.1111111111111111,0.23232323232323232,0.26262626262626265,0.020202020202020204,0.37373737373737376
Ballinlough,Roscommon,391,106,8,3,107,145,22,0.0076726342710997444,0.27365728900255754,0.056265984654731455,0.37084398976982097,0.2710997442455243,0.020460358056265986,0.2813299232736573
Ballinlough,Westmeath,66,18,0,3,18,19,8,0.045454545454545456,0.2727272727272727,0.12121212121212122,0.2878787878787879,0.2727272727272727,0.0,0.3181818181818182
Ballinlough A,Cork City,401,116,6,17,90,149,23,0.04239401496259352,0.22443890274314215,0.057356608478802994,0.371571072319202,0.2892768079800499,0.014962593516209476,0.26683291770573564
Ballinlough B,Cork City,965,271,18,14,238,362,62,0.014507772020725389,0.24663212435233162,0.06424870466321243,0.37512953367875645,0.28082901554404144,0.01865284974093264,0.261139896373057
Ballinlough C,Cork City,790,253,21,23,146,315,32,0.02911392405063291,0.1848101265822785,0.04050632911392405,0.3987341772151899,0.320253164556962,0.026582278481012658,0.2139240506329114
Ballinrobe,Mayo,1367,324,35,34,493,401,80,0.02487198244330651,0.3606437454279444,0.058522311631309436,0.29334308705193857,0.2370153621068032,0.025603511338697878,0.38551572787125093
Ballinspittle,Cork County,293,78,7,6,104,83,15,0.020477815699658702,0.35494880546075086,0.051194539249146756,0.2832764505119454,0.26621160409556316,0.023890784982935155,0.37542662116040953
Ballinteer-Broadford,Dún Laoghaire-Rathdown,1056,312,35,49,245,357,58,0.04640151515151515,0.23200757575757575,0.054924242424242424,0.3380681818181818,0.29545454545454547,0.03314393939393939,0.2784090909090909
Ballinteer-Ludford,Dún Laoghaire-Rathdown,922,259,22,50,244,269,78,0.05422993492407809,0.2646420824295011,0.08459869848156182,0.2917570498915401,0.2809110629067245,0.02386117136659436,0.3188720173535792
Ballinteer-Marley,Dún Laoghaire-Rathdown,1086,262,23,76,236,390,99,0.06998158379373849,0.21731123388581952,0.09116022099447514,0.35911602209944754,0.24125230202578268,0.02117863720073665,0.287292817679558
Ballinteer-Meadowbroads,Dún Laoghaire-Rathdown,835,220,16,33,186,295,85,0.03952095808383234,0.22275449101796407,0.10179640718562874,0.3532934131736527,0.2634730538922156,0.019161676646706587,0.2622754491017964
Ballinteer-Meadowmount,Dún Laoghaire-Rathdown,735,195,20,40,172,247,61,0.05442176870748299,0.23401360544217686,0.08299319727891157,0.3360544217687075,0.2653061224489796,0.027210884353741496,0.28843537414965986
Ballinteer-Woodpark,Dún Laoghaire-Rathdown,2357,673,43,90,627,781,143,0.03818413237165889,0.2660161221892236,0.060670343657191345,0.3313534153585066,0.2855324565125159,0.01824352991090369,0.30420025456088245
Ballintemple,Carlow,226,75,4,4,68,61,14,0.017699115044247787,0.3008849557522124,0.061946902654867256,0.26991150442477874,0.33185840707964603,0.017699115044247787,0.3185840707964602
Ballintemple,Cavan,165,41,3,1,55,58,7,0.006060606060606061,0.3333333333333333,0.04242424242424243,0.3515151515151515,0.24848484848484848,0.01818181818181818,0.3393939393939394
Ballintemple,Cork County,290,77,6,3,82,100,22,0.010344827586206896,0.2827586206896552,0.07586206896551724,0.3448275862068966,0.2655172413793103,0.020689655172413793,0.29310344827586204
Ballintober,Limerick,172,48,3,3,51,57,10,0.01744186046511628,0.29651162790697677,0.05813953488372093,0.3313953488372093,0.27906976744186046,0.01744186046511628,0.313953488372093
Ballintober,Roscommon,342,91,4,12,102,110,23,0.03508771929824561,0.2982456140350877,0.06725146198830409,0.3216374269005848,0.26608187134502925,0.011695906432748537,0.3333333333333333
Ballintogher East,Sligo,253,70,11,3,84,72,13,0.011857707509881422,0.33201581027667987,0.05138339920948617,0.2845849802371542,0.2766798418972332,0.043478260869565216,0.3438735177865613
Ballintogher West,Sligo,155,39,7,9,45,50,5,0.05806451612903226,0.2903225806451613,0.03225806451612903,0.3225806451612903,0.25161290322580643,0.04516129032258064,0.34838709677419355
Ballintra,"Donegal, 057007",251,49,5,7,108,67,15,0.027888446215139442,0.4302788844621514,0.05976095617529881,0.26693227091633465,0.1952191235059761,0.0199203187250996,0.4581673306772908
Ballintra,"Donegal, 057008",226,42,10,6,77,81,10,0.02654867256637168,0.3407079646017699,0.04424778761061947,0.3584070796460177,0.18584070796460178,0.04424778761061947,0.3672566371681416
Ballinvoher,Kerry,326,34,5,25,81,138,43,0.07668711656441718,0.24846625766871167,0.13190184049079753,0.4233128834355828,0.10429447852760736,0.015337423312883436,0.32515337423312884
Ballitore,Kildare,389,101,6,5,117,137,23,0.012853470437017995,0.30077120822622105,0.05912596401028278,0.35218508997429304,0.2596401028277635,0.015424164524421594,0.31362467866323906
Ballon,Carlow,271,71,5,3,96,82,14,0.01107011070110701,0.35424354243542433,0.05166051660516605,0.3025830258302583,0.26199261992619927,0.01845018450184502,0.36531365313653136
Balloughter,Wexford,205,53,4,4,64,69,11,0.01951219512195122,0.3121951219512195,0.05365853658536585,0.33658536585365856,0.25853658536585367,0.01951219512195122,0.33170731707317075
Ballyadams,Laois,175,39,3,2,44,64,23,0.011428571428571429,0.25142857142857145,0.13142857142857142,0.3657142857142857,0.22285714285714286,0.017142857142857144,0.26285714285714284
Ballyagran,Limerick,199,58,10,6,37,81,7,0.03015075376884422,0.18592964824120603,0.035175879396984924,0.40703517587939697,0.2914572864321608,0.05025125628140704,0.21608040201005024
Ballyallinan,Limerick,216,86,2,4,52,59,13,0.018518518518518517,0.24074074074074073,0.06018518518518518,0.27314814814814814,0.39814814814814814,0.009259259259259259,0.25925925925925924
Ballyanne,Wexford,316,78,6,5,113,89,25,0.015822784810126583,0.3575949367088608,0.07911392405063292,0.28164556962025317,0.2468354430379747,0.0189873417721519,0.37341772151898733
Ballyarr,Donegal,265,52,5,10,82,98,18,0.03773584905660377,0.30943396226415093,0.06792452830188679,0.36981132075471695,0.19622641509433963,0.018867924528301886,0.3471698113207547
Ballyarthur,Cork County,139,31,0,0,48,49,11,0.0,0.34532374100719426,0.07913669064748201,0.35251798561151076,0.22302158273381295,0.0,0.34532374100719426
Ballyarthur,Wicklow,411,80,5,7,147,139,33,0.0170316301703163,0.35766423357664234,0.08029197080291971,0.3381995133819951,0.19464720194647203,0.012165450121654502,0.3746958637469586
Ballybaan,Galway City,3991,853,104,167,1277,1341,249,0.04184414933600601,0.31996993234778254,0.0623903783512904,0.3360060135304435,0.21373089451265348,0.026058631921824105,0.36181408168378854
Ballybacon,Tipperary,173,42,4,2,57,61,7,0.011560693641618497,0.32947976878612717,0.04046242774566474,0.35260115606936415,0.24277456647398843,0.023121387283236993,0.34104046242774566
Ballybane,Cork County,83,37,1,3,8,28,6,0.03614457831325301,0.0963855421686747,0.07228915662650602,0.3373493975903614,0.4457831325301205,0.012048192771084338,0.13253012048192772
Ballybay Rural,Monaghan,444,101,15,4,179,124,21,0.009009009009009009,0.40315315315315314,0.0472972972972973,0.27927927927927926,0.22747747747747749,0.033783783783783786,0.41216216216216217
Ballybay Urban,Monaghan,60,16,1,3,19,17,4,0.05,0.31666666666666665,0.06666666666666667,0.2833333333333333,0.26666666666666666,0.016666666666666666,0.36666666666666664
Ballybeagh,Kilkenny,134,39,4,3,35,49,4,0.022388059701492536,0.26119402985074625,0.029850746268656716,0.3656716417910448,0.291044776119403,0.029850746268656716,0.2835820895522388
Ballybeg,Wexford,220,54,2,0,85,69,10,0.0,0.38636363636363635,0.045454545454545456,0.31363636363636366,0.24545454545454545,0.00909090909090909,0.38636363636363635
Ballybeg,Wicklow,71,21,0,0,31,17,2,0.0,0.43661971830985913,0.028169014084507043,0.23943661971830985,0.29577464788732394,0.0,0.43661971830985913
Ballybeg North,Waterford,732,164,41,10,271,208,38,0.01366120218579235,0.3702185792349727,0.05191256830601093,0.28415300546448086,0.22404371584699453,0.056010928961748634,0.383879781420765
Ballybeg South/Ballynaneashagh,Waterford,98,24,2,0,29,39,4,0.0,0.29591836734693877,0.04081632653061224,0.3979591836734694,0.24489795918367346,0.02040816326530612,0.29591836734693877
Ballyblood,Clare,75,25,3,0,23,19,5,0.0,0.30666666666666664,0.06666666666666667,0.25333333333333335,0.3333333333333333,0.04,0.30666666666666664
Ballyboden,South Dublin,2480,665,52,87,669,845,162,0.03508064516129032,0.26975806451612905,0.06532258064516129,0.3407258064516129,0.26814516129032256,0.020967741935483872,0.30483870967741933
Ballyboggan,Meath,177,41,3,1,62,62,8,0.005649717514124294,0.3502824858757062,0.04519774011299435,0.3502824858757062,0.23163841807909605,0.01694915254237288,0.3559322033898305
Ballyboghil,Fingal,631,154,14,27,214,188,34,0.042789223454833596,0.33914421553090335,0.05388272583201268,0.2979397781299525,0.24405705229793978,0.022187004754358162,0.38193343898573695
Ballybough A,Dublin City,710,208,27,31,173,228,43,0.04366197183098591,0.24366197183098592,0.06056338028169014,0.3211267605633803,0.29295774647887324,0.038028169014084505,0.28732394366197184
Ballybough B,Dublin City,782,201,26,34,146,302,73,0.043478260869565216,0.1867007672634271,0.09335038363171355,0.38618925831202044,0.2570332480818414,0.03324808184143223,0.23017902813299232
Ballybrack,Dún Laoghaire-Rathdown,1083,295,18,43,296,376,55,0.03970452446906741,0.27331486611265005,0.050784856879039705,0.3471837488457987,0.2723915050784857,0.01662049861495845,0.31301939058171746
Ballybrackan,Kildare,226,63,6,6,67,70,14,0.02654867256637168,0.29646017699115046,0.061946902654867256,0.30973451327433627,0.27876106194690264,0.02654867256637168,0.3230088495575221
Ballybricken,Limerick,862,254,23,12,257,267,49,0.013921113689095127,0.29814385150812067,0.0568445475638051,0.30974477958236657,0.29466357308584684,0.02668213457076566,0.31206496519721577
Ballybricken,Waterford,39,11,2,0,11,13,2,0.0,0.28205128205128205,0.05128205128205128,0.3333333333333333,0.28205128205128205,0.05128205128205128,0.28205128205128205
Ballybrittas,Laois,715,229,6,8,216,215,41,0.011188811188811189,0.3020979020979021,0.057342657342657345,0.3006993006993007,0.3202797202797203,0.008391608391608392,0.3132867132867133
Ballybroder,Westmeath,93,28,7,2,27,28,1,0.021505376344086023,0.2903225806451613,0.010752688172043012,0.3010752688172043,0.3010752688172043,0.07526881720430108,0.3118279569892473
Ballybrophy,Laois,87,25,3,0,23,32,4,0.0,0.26436781609195403,0.04597701149425287,0.367816091954023,0.28735632183908044,0.034482758620689655,0.26436781609195403
Ballyburly,Offaly,420,120,12,9,130,129,20,0.02142857142857143,0.30952380952380953,0.047619047619047616,0.30714285714285716,0.2857142857142857,0.02857142857142857,0.33095238095238094
Ballycahalan,Galway County,92,20,1,0,37,30,4,0.0,0.40217391304347827,0.043478260869565216,0.32608695652173914,0.21739130434782608,0.010869565217391304,0.40217391304347827
Ballycahill,Tipperary,206,59,5,6,61,61,14,0.02912621359223301,0.2961165048543689,0.06796116504854369,0.2961165048543689,0.28640776699029125,0.024271844660194174,0.32524271844660196
Ballycallan,Kilkenny,205,51,0,1,73,68,12,0.004878048780487805,0.35609756097560974,0.05853658536585366,0.33170731707317075,0.24878048780487805,0.0,0.36097560975609755
Ballycanew,Wexford,397,104,12,8,137,119,17,0.020151133501259445,0.345088161209068,0.042821158690176324,0.29974811083123426,0.2619647355163728,0.030226700251889168,0.36523929471032746
Ballycannan,Clare,377,106,4,15,118,124,10,0.03978779840848806,0.3129973474801061,0.026525198938992044,0.32891246684350134,0.28116710875331563,0.010610079575596816,0.35278514588859416
Ballycarney,Wexford,185,45,0,5,68,57,10,0.02702702702702703,0.3675675675675676,0.05405405405405406,0.3081081081081081,0.24324324324324326,0.0,0.3945945945945946
Ballycarroll,Laois,173,52,3,3,50,53,12,0.017341040462427744,0.28901734104046245,0.06936416184971098,0.3063583815028902,0.30057803468208094,0.017341040462427744,0.3063583815028902
Ballycarron,Tipperary,150,36,2,0,66,41,5,0.0,0.44,0.03333333333333333,0.2733333333333333,0.24,0.013333333333333334,0.44
Ballycastle,Mayo,237,64,2,0,65,95,11,0.0,0.2742616033755274,0.046413502109704644,0.4008438818565401,0.270042194092827,0.008438818565400843,0.2742616033755274
Ballyclerahan,Tipperary,489,132,12,12,154,143,36,0.024539877300613498,0.3149284253578732,0.0736196319018405,0.29243353783231085,0.26993865030674846,0.024539877300613498,0.3394683026584867
Ballyclogh,Cork County,372,93,7,15,123,116,18,0.04032258064516129,0.33064516129032256,0.04838709677419355,0.3118279569892473,0.25,0.01881720430107527,0.3709677419354839
Ballycommon,Offaly,246,70,4,1,81,81,9,0.0040650406504065045,0.32926829268292684,0.036585365853658534,0.32926829268292684,0.2845528455284553,0.016260162601626018,0.3333333333333333
Ballyconnell,Cavan,488,108,20,10,187,141,22,0.020491803278688523,0.3831967213114754,0.045081967213114756,0.2889344262295082,0.22131147540983606,0.040983606557377046,0.4036885245901639
Ballyconnell,Meath,295,89,4,4,87,99,12,0.013559322033898305,0.29491525423728815,0.04067796610169491,0.33559322033898303,0.3016949152542373,0.013559322033898305,0.30847457627118646
Ballyconra,Kilkenny,98,27,2,1,29,32,7,0.01020408163265306,0.29591836734693877,0.07142857142857142,0.32653061224489793,0.2755102040816326,0.02040816326530612,0.30612244897959184
Ballyconry,Kerry,181,51,10,1,44,63,12,0.0055248618784530384,0.2430939226519337,0.06629834254143646,0.34806629834254144,0.281767955801105,0.055248618784530384,0.24861878453038674
Ballycottin,Cork County,764,223,27,18,196,271,29,0.02356020942408377,0.25654450261780104,0.03795811518324607,0.35471204188481675,0.2918848167539267,0.03534031413612566,0.2801047120418848
Ballycroy North,Mayo,97,22,1,4,29,35,6,0.041237113402061855,0.29896907216494845,0.061855670103092786,0.36082474226804123,0.2268041237113402,0.010309278350515464,0.3402061855670103
Ballycroy South,Mayo,149,28,1,7,37,61,15,0.04697986577181208,0.2483221476510067,0.10067114093959731,0.40939597315436244,0.18791946308724833,0.006711409395973154,0.2953020134228188
Ballycullen,Wicklow,117,29,3,2,38,42,3,0.017094017094017096,0.3247863247863248,0.02564102564102564,0.358974358974359,0.24786324786324787,0.02564102564102564,0.3418803418803419
Ballycumber,Offaly,271,70,10,6,86,87,12,0.02214022140221402,0.3173431734317343,0.04428044280442804,0.3210332103321033,0.25830258302583026,0.03690036900369004,0.33948339483394835
Ballycummin,Limerick,7589,1905,177,205,2365,2500,437,0.027012781657662407,0.31163526156278826,0.05758334431413888,0.32942416655685863,0.2510212149163263,0.02332323099222559,0.33864804322045067
Ballydangan,Roscommon,337,79,7,9,98,116,28,0.026706231454005934,0.29080118694362017,0.0830860534124629,0.34421364985163205,0.2344213649851632,0.020771513353115726,0.31750741839762614
Ballydehob,Cork County,348,94,6,17,61,145,25,0.04885057471264368,0.1752873563218391,0.07183908045977011,0.4166666666666667,0.27011494252873564,0.017241379310344827,0.22413793103448276
Ballyduff,"Kerry, 077015",338,72,13,9,104,128,12,0.026627218934911243,0.3076923076923077,0.03550295857988166,0.378698224852071,0.21301775147928995,0.038461538461538464,0.3343195266272189
Ballyduff,Waterford,162,39,2,5,44,61,11,0.030864197530864196,0.2716049382716049,0.06790123456790123,0.3765432098765432,0.24074074074074073,0.012345679012345678,0.30246913580246915
Ballydurn,Waterford,104,33,2,4,23,38,4,0.038461538461538464,0.22115384615384615,0.038461538461538464,0.36538461538461536,0.3173076923076923,0.019230769230769232,0.25961538461538464
Ballyea,Clare,385,78,10,15,118,138,26,0.03896103896103896,0.3064935064935065,0.06753246753246753,0.35844155844155845,0.2025974025974026,0.025974025974025976,0.34545454545454546
Ballyegan,"Kerry, 077017",209,38,1,3,71,74,22,0.014354066985645933,0.3397129186602871,0.10526315789473684,0.35406698564593303,0.18181818181818182,0.004784688995215311,0.35406698564593303
Ballyegan,"Kerry, 077018",35,12,0,0,5,17,1,0.0,0.14285714285714285,0.02857142857142857,0.4857142857142857,0.34285714285714286,0.0,0.14285714285714285
Ballyeighter/Glenroe,Clare,115,20,1,0,36,48,10,0.0,0.3130434782608696,0.08695652173913043,0.41739130434782606,0.17391304347826086,0.008695652173913044,0.3130434782608696
Ballyellin,Carlow,173,59,1,1,52,48,12,0.005780346820809248,0.30057803468208094,0.06936416184971098,0.2774566473988439,0.34104046242774566,0.005780346820809248,0.3063583815028902
Ballyellis,Wexford,176,37,5,5,58,57,14,0.028409090909090908,0.32954545454545453,0.07954545454545454,0.32386363636363635,0.21022727272727273,0.028409090909090908,0.35795454545454547
Ballyfarnan,Roscommon,77,15,2,0,29,28,3,0.0,0.37662337662337664,0.03896103896103896,0.36363636363636365,0.19480519480519481,0.025974025974025976,0.37662337662337664
Ballyfeard,Cork County,190,39,1,4,65,72,9,0.021052631578947368,0.34210526315789475,0.04736842105263158,0.37894736842105264,0.20526315789473684,0.005263157894736842,0.3631578947368421
Ballyfin,Laois,321,77,6,11,106,106,15,0.03426791277258567,0.3302180685358255,0.04672897196261682,0.3302180685358255,0.2398753894080997,0.018691588785046728,0.3644859813084112
Ballyformoyle,Roscommon,73,17,2,1,19,30,4,0.0136986301369863,0.2602739726027397,0.0547945205479452,0.410958904109589,0.2328767123287671,0.0273972602739726,0.273972602739726
Ballyfoyle,Cork County,184,52,3,3,54,63,9,0.016304347826086956,0.29347826086956524,0.04891304347826087,0.3423913043478261,0.2826086956521739,0.016304347826086956,0.30978260869565216
Ballygall A,Dublin City,808,214,31,20,270,226,47,0.024752475247524754,0.3341584158415842,0.05816831683168317,0.27970297029702973,0.26485148514851486,0.038366336633663366,0.3589108910891089
Ballygall B,Dublin City,645,170,16,39,144,247,29,0.06046511627906977,0.22325581395348837,0.04496124031007752,0.3829457364341085,0.26356589147286824,0.024806201550387597,0.2837209302325581
Ballygall C,Dublin City,1532,379,32,66,380,577,98,0.04308093994778068,0.24804177545691905,0.0639686684073107,0.3766318537859008,0.24738903394255873,0.020887728459530026,0.29112271540469975
Ballygall D,Dublin City,909,242,18,45,239,303,62,0.04950495049504951,0.2629262926292629,0.06820682068206821,0.3333333333333333,0.2662266226622662,0.019801980198019802,0.3124312431243124
Ballygarden,Roscommon,91,21,4,0,24,36,6,0.0,0.26373626373626374,0.06593406593406594,0.3956043956043956,0.23076923076923078,0.04395604395604396,0.26373626373626374
Ballygarrett,Wexford,356,85,9,11,136,100,15,0.03089887640449438,0.38202247191011235,0.042134831460674156,0.2808988764044944,0.23876404494382023,0.025280898876404494,0.41292134831460675
Ballygarvan,Cork County,974,256,17,23,296,324,58,0.023613963039014373,0.30390143737166325,0.059548254620123205,0.3326488706365503,0.26283367556468173,0.017453798767967144,0.3275154004106776
Ballygarvan/Lehenagh,Cork City,1655,481,21,55,507,487,104,0.03323262839879154,0.30634441087613296,0.06283987915407856,0.29425981873111784,0.29063444108761327,0.012688821752265862,0.3395770392749245
Ballygibbon,Tipperary,314,81,4,7,83,107,32,0.022292993630573247,0.2643312101910828,0.10191082802547771,0.34076433121019106,0.25796178343949044,0.012738853503184714,0.28662420382165604
Ballyglass,Clare,2621,737,56,51,769,867,141,0.019458222052651658,0.29339946585272797,0.05379626096909577,0.3307897748950782,0.2811903853491034,0.021365890881343,0.3128576879053796
Ballyglass,Galway County,73,15,3,1,23,21,10,0.0136986301369863,0.3150684931506849,0.136986301369863,0.2876712328767123,0.2054794520547945,0.0410958904109589,0.3287671232876712
Ballygrennan,Limerick,111,28,2,1,31,41,8,0.009009009009009009,0.27927927927927926,0.07207207207207207,0.36936936936936937,0.25225225225225223,0.018018018018018018,0.2882882882882883
Ballygriffin,Tipperary,112,33,1,2,29,38,9,0.017857142857142856,0.25892857142857145,0.08035714285714286,0.3392857142857143,0.29464285714285715,0.008928571428571428,0.2767857142857143
Ballygroman,Cork County,948,210,14,28,318,319,59,0.029535864978902954,0.33544303797468356,0.06223628691983123,0.33649789029535865,0.22151898734177214,0.014767932489451477,0.3649789029535865
Ballyhack,Wexford,459,146,8,7,139,138,21,0.015250544662309368,0.3028322440087146,0.0457516339869281,0.3006535947712418,0.31808278867102396,0.017429193899782137,0.31808278867102396
Ballyhaise,Cavan,443,129,6,6,133,127,42,0.013544018058690745,0.3002257336343115,0.09480812641083522,0.2866817155756208,0.291196388261851,0.013544018058690745,0.31376975169300225
Ballyhale,Kilkenny,173,63,2,2,53,42,11,0.011560693641618497,0.3063583815028902,0.06358381502890173,0.24277456647398843,0.36416184971098264,0.011560693641618497,0.3179190751445087
Ballyhane,Waterford,210,51,11,4,65,72,7,0.01904761904761905,0.30952380952380953,0.03333333333333333,0.34285714285714286,0.24285714285714285,0.05238095238095238,0.32857142857142857
Ballyhar,Kerry,93,15,3,0,24,38,13,0.0,0.25806451612903225,0.13978494623655913,0.40860215053763443,0.16129032258064516,0.03225806451612903,0.25806451612903225
Ballyhaunis,Mayo,929,224,24,26,322,282,51,0.02798708288482239,0.34660925726587727,0.05489773950484392,0.30355220667384286,0.2411194833153929,0.02583423035522067,0.3745963401506997
Ballyhealy,Westmeath,111,27,4,4,35,34,7,0.036036036036036036,0.3153153153153153,0.06306306306306306,0.3063063063063063,0.24324324324324326,0.036036036036036036,0.35135135135135137
Ballyhean,Mayo,287,82,2,10,78,95,20,0.03484320557491289,0.27177700348432055,0.06968641114982578,0.3310104529616725,0.2857142857142857,0.006968641114982578,0.30662020905923343
Ballyheeny,Waterford,228,61,0,10,80,68,9,0.043859649122807015,0.3508771929824561,0.039473684210526314,0.2982456140350877,0.2675438596491228,0.0,0.39473684210526316
Ballyheige,Kerry,553,156,9,14,123,217,34,0.02531645569620253,0.2224231464737794,0.06148282097649186,0.3924050632911392,0.2820976491862568,0.0162748643761302,0.24773960216998192
Ballyhoge,Wexford,547,147,5,9,213,150,23,0.016453382084095063,0.38939670932358317,0.04204753199268738,0.2742230347349177,0.2687385740402194,0.009140767824497258,0.40585009140767825
Ballyhoolahan,Cork County,154,48,0,9,45,41,11,0.05844155844155844,0.2922077922077922,0.07142857142857142,0.2662337662337662,0.3116883116883117,0.0,0.35064935064935066
Ballyhooly,Cork County,419,106,2,9,154,133,15,0.021479713603818614,0.36754176610978523,0.03579952267303103,0.31742243436754175,0.2529832935560859,0.00477326968973747,0.38902147971360385
Ballyhorgan,Kerry,199,52,3,3,68,67,6,0.01507537688442211,0.3417085427135678,0.03015075376884422,0.33668341708542715,0.2613065326633166,0.01507537688442211,0.35678391959798994
Ballyhowly,Mayo,251,67,4,2,43,113,22,0.00796812749003984,0.17131474103585656,0.08764940239043825,0.450199203187251,0.26693227091633465,0.01593625498007968,0.17928286852589642
Ballyhuskard,Wexford,596,149,6,11,226,185,19,0.018456375838926176,0.37919463087248323,0.031879194630872486,0.3104026845637584,0.25,0.010067114093959731,0.3976510067114094
Ballyin,Waterford,238,63,4,5,70,79,17,0.02100840336134454,0.29411764705882354,0.07142857142857142,0.3319327731092437,0.2647058823529412,0.01680672268907563,0.31512605042016806
Ballyjamesduff,Cavan,912,223,31,17,366,229,46,0.01864035087719298,0.40131578947368424,0.05043859649122807,0.25109649122807015,0.24451754385964913,0.03399122807017544,0.4199561403508772
Ballykilmore,Westmeath,297,82,6,3,91,102,13,0.010101010101010102,0.3063973063973064,0.04377104377104377,0.3434343434343434,0.2760942760942761,0.020202020202020204,0.3164983164983165
Ballykisteen,Tipperary,332,109,8,2,86,107,20,0.006024096385542169,0.25903614457831325,0.060240963855421686,0.32228915662650603,0.32831325301204817,0.024096385542168676,0.26506024096385544
Ballylanders,Limerick,238,72,8,7,74,65,12,0.029411764705882353,0.31092436974789917,0.05042016806722689,0.27310924369747897,0.3025210084033613,0.03361344537815126,0.3403361344537815
Ballylaneen,Waterford,135,26,0,3,44,53,9,0.022222222222222223,0.32592592592592595,0.06666666666666667,0.3925925925925926,0.1925925925925926,0.0,0.34814814814814815
Ballylarkin,Wexford,369,97,7,9,109,131,16,0.024390243902439025,0.2953929539295393,0.04336043360433604,0.35501355013550134,0.26287262872628725,0.018970189701897018,0.31978319783197834
Ballylehane,Laois,79,26,1,1,26,23,2,0.012658227848101266,0.3291139240506329,0.02531645569620253,0.2911392405063291,0.3291139240506329,0.012658227848101266,0.34177215189873417
Ballyliffin,Donegal,448,112,6,9,166,124,31,0.020089285714285716,0.3705357142857143,0.06919642857142858,0.2767857142857143,0.25,0.013392857142857142,0.390625
Ballylusky,Tipperary,165,53,3,2,52,42,13,0.012121212121212121,0.3151515151515151,0.07878787878787878,0.2545454545454545,0.3212121212121212,0.01818181818181818,0.32727272727272727
Ballylynan,Laois,596,145,14,12,238,155,32,0.020134228187919462,0.39932885906040266,0.053691275167785234,0.2600671140939597,0.24328859060402686,0.02348993288590604,0.41946308724832215
Ballymacarbry,Waterford,291,65,2,18,109,68,29,0.061855670103092786,0.3745704467353952,0.09965635738831616,0.23367697594501718,0.22336769759450173,0.006872852233676976,0.436426116838488
Ballymachugh,Cavan,318,73,9,9,100,107,20,0.02830188679245283,0.31446540880503143,0.06289308176100629,0.33647798742138363,0.22955974842767296,0.02830188679245283,0.34276729559748426
Ballymackean,Cork County,176,42,5,2,57,58,12,0.011363636363636364,0.32386363636363635,0.06818181818181818,0.32954545454545453,0.23863636363636365,0.028409090909090908,0.3352272727272727
Ballymackey,Tipperary,298,69,5,1,94,109,20,0.003355704697986577,0.31543624161073824,0.06711409395973154,0.36577181208053694,0.23154362416107382,0.016778523489932886,0.3187919463087248
Ballymackney,Monaghan,432,106,4,8,146,146,22,0.018518518518518517,0.33796296296296297,0.05092592592592592,0.33796296296296297,0.24537037037037038,0.009259259259259259,0.35648148148148145
Ballymaclode,Waterford,599,157,7,21,150,227,37,0.035058430717863104,0.25041736227045075,0.06176961602671119,0.3789649415692821,0.2621035058430718,0.011686143572621035,0.2854757929883139
Ballymacool,Donegal,903,153,20,61,348,262,59,0.06755260243632337,0.3853820598006645,0.06533776301218161,0.2901439645625692,0.16943521594684385,0.0221483942414175,0.4529346622369878
Ballymacshaneboy,Limerick,246,65,4,3,80,82,12,0.012195121951219513,0.3252032520325203,0.04878048780487805,0.3333333333333333,0.26422764227642276,0.016260162601626018,0.33739837398373984
Ballymacward,Galway County,133,34,3,1,38,46,11,0.007518796992481203,0.2857142857142857,0.08270676691729323,0.3458646616541353,0.2556390977443609,0.022556390977443608,0.2932330827067669
Ballymacwilliam,Offaly,259,69,6,5,84,80,15,0.019305019305019305,0.32432432432432434,0.05791505791505792,0.3088803088803089,0.26640926640926643,0.023166023166023165,0.3436293436293436
Ballymagauran,Cavan,86,36,3,0,21,25,1,0.0,0.2441860465116279,0.011627906976744186,0.29069767441860467,0.4186046511627907,0.03488372093023256,0.2441860465116279
Ballymahon,Longford,732,175,16,10,257,240,34,0.01366120218579235,0.3510928961748634,0.04644808743169399,0.32786885245901637,0.2390710382513661,0.02185792349726776,0.36475409836065575
Ballymartle,Cork County,635,196,9,11,186,196,37,0.01732283464566929,0.2929133858267717,0.05826771653543307,0.30866141732283464,0.30866141732283464,0.014173228346456693,0.3102362204724409
Ballymascanlan,Louth,885,235,16,18,273,286,57,0.020338983050847456,0.30847457627118646,0.06440677966101695,0.3231638418079096,0.2655367231638418,0.01807909604519774,0.3288135593220339
Ballymitty,Wexford,185,43,4,1,72,54,11,0.005405405405405406,0.3891891891891892,0.05945945945945946,0.2918918918918919,0.23243243243243245,0.021621621621621623,0.3945945945945946
Ballymodan,Cork County,1888,505,58,48,588,593,96,0.025423728813559324,0.3114406779661017,0.05084745762711865,0.3140889830508475,0.267478813559322,0.03072033898305085,0.336864406779661
Ballymoe,Galway County,158,50,1,0,30,64,13,0.0,0.189873417721519,0.08227848101265822,0.4050632911392405,0.31645569620253167,0.006329113924050633,0.189873417721519
Ballymoney,Cork County,372,106,8,8,102,133,15,0.021505376344086023,0.27419354838709675,0.04032258064516129,0.3575268817204301,0.2849462365591398,0.021505376344086023,0.2956989247311828
Ballymoon,Carlow,151,46,0,0,48,52,5,0.0,0.31788079470198677,0.033112582781456956,0.3443708609271523,0.304635761589404,0.0,0.31788079470198677
Ballymore,Westmeath,262,56,4,3,109,78,12,0.011450381679389313,0.41603053435114506,0.04580152671755725,0.29770992366412213,0.21374045801526717,0.015267175572519083,0.42748091603053434
Ballymore,Wexford,180,34,5,3,71,60,7,0.016666666666666666,0.39444444444444443,0.03888888888888889,0.3333333333333333,0.18888888888888888,0.027777777777777776,0.4111111111111111
Ballymore Eustace,Kildare,626,182,14,7,163,237,23,0.011182108626198083,0.26038338658146964,0.036741214057507986,0.37859424920127793,0.29073482428115016,0.022364217252396165,0.2715654952076677
Ballymorin,Westmeath,176,46,2,5,54,62,7,0.028409090909090908,0.3068181818181818,0.03977272727272727,0.3522727272727273,0.26136363636363635,0.011363636363636364,0.3352272727272727
Ballymote,Sligo,764,217,31,9,244,216,47,0.011780104712041885,0.3193717277486911,0.061518324607329845,0.28272251308900526,0.28403141361256545,0.04057591623036649,0.331151832460733
Ballymuigh,Longford,83,25,1,1,17,37,2,0.012048192771084338,0.20481927710843373,0.024096385542168676,0.4457831325301205,0.30120481927710846,0.012048192771084338,0.21686746987951808
Ballymun A,Dublin City,1203,201,43,51,509,337,62,0.04239401496259352,0.4231088944305902,0.051537822111388194,0.2801330008312552,0.16708229426433915,0.03574397339983375,0.46550290939318373
Ballymun B,Dublin City,654,165,27,17,198,212,35,0.02599388379204893,0.30275229357798167,0.053516819571865444,0.3241590214067278,0.25229357798165136,0.04128440366972477,0.3287461773700306
Ballymun C,Dublin City,1166,252,51,54,328,401,80,0.04631217838765009,0.28130360205831906,0.0686106346483705,0.3439108061749571,0.21612349914236706,0.04373927958833619,0.3276157804459691
Ballymun D,Dublin City,300,50,17,10,116,83,24,0.03333333333333333,0.38666666666666666,0.08,0.27666666666666667,0.16666666666666666,0.056666666666666664,0.42
Ballymun E,Dublin City,736,163,12,45,192,261,63,0.06114130434782609,0.2608695652173913,0.08559782608695653,0.3546195652173913,0.22146739130434784,0.016304347826086956,0.3220108695652174
Ballymun F,Dublin City,903,219,22,32,249,323,58,0.035437430786267994,0.2757475083056478,0.06423034330011074,0.3576965669988926,0.2425249169435216,0.024363233665559248,0.31118493909191586
Ballymurphy,Carlow,99,31,0,2,35,26,5,0.020202020202020204,0.35353535353535354,0.050505050505050504,0.26262626262626265,0.31313131313131315,0.0,0.37373737373737376
Ballymurphy,Cork County,507,139,7,8,168,161,24,0.015779092702169626,0.33136094674556216,0.047337278106508875,0.3175542406311637,0.27416173570019725,0.013806706114398421,0.34714003944773175
Ballymurreen,Tipperary,104,30,1,0,29,40,4,0.0,0.27884615384615385,0.038461538461538464,0.38461538461538464,0.28846153846153844,0.009615384615384616,0.27884615384615385
Ballynabanoge,Limerick,147,35,1,0,50,49,12,0.0,0.3401360544217687,0.08163265306122448,0.3333333333333333,0.23809523809523808,0.006802721088435374,0.3401360544217687
Ballynacally,Clare,105,24,2,0,21,50,8,0.0,0.2,0.0761904761904762,0.47619047619047616,0.22857142857142856,0.01904761904761905,0.2
Ballynacarriga,Limerick,450,133,8,6,144,143,16,0.013333333333333334,0.32,0.035555555555555556,0.31777777777777777,0.29555555555555557,0.017777777777777778,0.3333333333333333
Ballynaclogh,Tipperary,406,127,14,3,99,145,18,0.007389162561576354,0.2438423645320197,0.04433497536945813,0.35714285714285715,0.312807881773399,0.034482758620689655,0.2512315270935961
Ballynacourty,Galway County,688,156,13,18,161,284,56,0.02616279069767442,0.23401162790697674,0.08139534883720931,0.4127906976744186,0.22674418604651161,0.0188953488372093,0.2601744186046512
Ballynacourty,Kerry,164,15,3,16,20,86,24,0.0975609756097561,0.12195121951219512,0.14634146341463414,0.524390243902439,0.09146341463414634,0.018292682926829267,0.21951219512195122
Ballynadrumny,Kildare,200,50,4,2,61,69,14,0.01,0.305,0.07,0.345,0.25,0.02,0.315
Ballynagar,Galway County,88,16,1,0,33,34,4,0.0,0.375,0.045454545454545456,0.38636363636363635,0.18181818181818182,0.011363636363636364,0.375
Ballynaglogh,Cork County,200,44,2,8,63,74,9,0.04,0.315,0.045,0.37,0.22,0.01,0.355
Ballynagoraher,Mayo,142,37,5,0,43,51,6,0.0,0.3028169014084507,0.04225352112676056,0.3591549295774648,0.2605633802816901,0.035211267605633804,0.3028169014084507
Ballynagore,Westmeath,223,69,4,10,63,66,11,0.04484304932735426,0.2825112107623318,0.04932735426008968,0.29596412556053814,0.3094170403587444,0.017937219730941704,0.3273542600896861
Ballynahaglish,Kerry,858,196,11,47,240,316,48,0.054778554778554776,0.27972027972027974,0.055944055944055944,0.3682983682983683,0.22843822843822845,0.01282051282051282,0.3344988344988345
Ballynahinch,Clare,94,25,4,3,19,38,5,0.031914893617021274,0.20212765957446807,0.05319148936170213,0.40425531914893614,0.26595744680851063,0.0425531914893617,0.23404255319148937
Ballynakill,"Galway County, 067028",282,82,3,3,77,100,17,0.010638297872340425,0.2730496453900709,0.06028368794326241,0.3546099290780142,0.2907801418439716,0.010638297872340425,0.28368794326241137
Ballynakill,"Galway County, 067029",156,33,4,9,33,68,9,0.057692307692307696,0.21153846153846154,0.057692307692307696,0.4358974358974359,0.21153846153846154,0.02564102564102564,0.2692307692307692
Ballynakill,"Galway County, 067030",168,38,2,5,48,70,5,0.02976190476190476,0.2857142857142857,0.02976190476190476,0.4166666666666667,0.2261904761904762,0.011904761904761904,0.31547619047619047
Ballynakill,Sligo,189,50,9,3,63,53,11,0.015873015873015872,0.3333333333333333,0.0582010582010582,0.2804232804232804,0.26455026455026454,0.047619047619047616,0.3492063492063492
Ballynakill,"Waterford, 227012",157,58,2,2,41,47,7,0.012738853503184714,0.2611464968152866,0.044585987261146494,0.29936305732484075,0.36942675159235666,0.012738853503184714,0.27388535031847133
Ballynakill,"Waterford, 228005",782,245,16,10,181,288,42,0.01278772378516624,0.23145780051150894,0.05370843989769821,0.36828644501278773,0.3132992327365729,0.020460358056265986,0.2442455242966752
Ballynamona,Cork County,520,140,7,15,181,148,29,0.028846153846153848,0.34807692307692306,0.05576923076923077,0.2846153846153846,0.2692307692307692,0.013461538461538462,0.3769230769230769
Ballynamona,Roscommon,216,69,4,3,62,69,9,0.013888888888888888,0.28703703703703703,0.041666666666666664,0.3194444444444444,0.3194444444444444,0.018518518518518517,0.30092592592592593
Ballynamult,Waterford,98,21,2,1,30,42,2,0.01020408163265306,0.30612244897959184,0.02040816326530612,0.42857142857142855,0.21428571428571427,0.02040816326530612,0.3163265306122449
Ballynanty,Limerick,675,164,31,14,208,211,47,0.02074074074074074,0.30814814814814817,0.06962962962962962,0.3125925925925926,0.24296296296296296,0.045925925925925926,0.3288888888888889
Ballynapark,Galway County,474,99,17,13,153,161,31,0.027426160337552744,0.3227848101265823,0.06540084388185655,0.339662447257384,0.2088607594936709,0.035864978902953586,0.350210970464135
Ballynashee,Sligo,166,52,6,2,40,50,16,0.012048192771084338,0.24096385542168675,0.0963855421686747,0.30120481927710846,0.3132530120481928,0.03614457831325301,0.25301204819277107
Ballynaskeagh,Westmeath,127,41,5,0,40,36,5,0.0,0.31496062992125984,0.03937007874015748,0.28346456692913385,0.3228346456692913,0.03937007874015748,0.31496062992125984
Ballynestragh,Wexford,577,130,20,22,206,170,29,0.038128249566724434,0.35701906412478335,0.05025996533795494,0.29462738301559793,0.22530329289428075,0.03466204506065858,0.3951473136915078
Ballynoe,Cork County,347,98,4,5,109,104,27,0.01440922190201729,0.31412103746397696,0.07780979827089338,0.29971181556195964,0.2824207492795389,0.011527377521613832,0.3285302593659942
Ballynoe,Limerick,234,62,4,3,81,71,13,0.01282051282051282,0.34615384615384615,0.05555555555555555,0.3034188034188034,0.26495726495726496,0.017094017094017096,0.358974358974359
Ballynoe West,Limerick,146,33,4,4,40,57,8,0.0273972602739726,0.273972602739726,0.0547945205479452,0.3904109589041096,0.22602739726027396,0.0273972602739726,0.3013698630136986
Ballynorig,Kerry,229,59,3,3,89,67,8,0.013100436681222707,0.388646288209607,0.034934497816593885,0.2925764192139738,0.2576419213973799,0.013100436681222707,0.4017467248908297
Ballyphehane A,Cork City,225,65,4,10,51,81,14,0.044444444444444446,0.22666666666666666,0.06222222222222222,0.36,0.28888888888888886,0.017777777777777778,0.27111111111111114
Ballyphehane B,Cork City,306,78,13,3,84,103,25,0.00980392156862745,0.27450980392156865,0.08169934640522876,0.3366013071895425,0.2549019607843137,0.042483660130718956,0.28431372549019607
Ballyphilip,Tipperary,152,54,6,2,37,44,9,0.013157894736842105,0.24342105263157895,0.05921052631578947,0.2894736842105263,0.35526315789473684,0.039473684210526314,0.2565789473684211
Ballyporeen,Tipperary,382,89,17,8,129,129,10,0.020942408376963352,0.337696335078534,0.02617801047120419,0.337696335078534,0.23298429319371727,0.04450261780104712,0.3586387434554974
Ballyragget,Kilkenny,580,164,24,11,160,185,36,0.01896551724137931,0.27586206896551724,0.06206896551724138,0.31896551724137934,0.2827586206896552,0.041379310344827586,0.29482758620689653
Ballyroan,Laois,510,129,9,12,170,153,37,0.023529411764705882,0.3333333333333333,0.07254901960784314,0.3,0.2529411764705882,0.01764705882352941,0.3568627450980392
Ballysadare East,Sligo,509,152,9,5,131,186,26,0.009823182711198428,0.25736738703339884,0.05108055009823183,0.3654223968565815,0.29862475442043224,0.01768172888015717,0.26719056974459726
Ballysadare West,Sligo,162,57,0,4,46,47,8,0.024691358024691357,0.2839506172839506,0.04938271604938271,0.29012345679012347,0.35185185185185186,0.0,0.30864197530864196
Ballysaggartmore,Waterford,155,39,0,7,46,50,13,0.04516129032258064,0.2967741935483871,0.08387096774193549,0.3225806451612903,0.25161290322580643,0.0,0.3419354838709677
Ballysakeery,Mayo,289,68,12,5,82,105,17,0.01730103806228374,0.2837370242214533,0.058823529411764705,0.3633217993079585,0.23529411764705882,0.04152249134948097,0.30103806228373703
Ballysax East,Kildare,702,161,12,18,209,242,60,0.02564102564102564,0.29772079772079774,0.08547008547008547,0.34472934472934474,0.22934472934472935,0.017094017094017096,0.32336182336182334
Ballysax West,Kildare,428,118,7,13,129,139,22,0.030373831775700934,0.3014018691588785,0.0514018691588785,0.3247663551401869,0.2757009345794392,0.016355140186915886,0.3317757009345794
Ballyseedy,Kerry,740,187,12,48,195,248,50,0.06486486486486487,0.2635135135135135,0.06756756756756757,0.33513513513513515,0.2527027027027027,0.016216216216216217,0.32837837837837835
Ballyshannon,Kildare,777,216,12,20,236,229,64,0.02574002574002574,0.30373230373230375,0.08236808236808237,0.2947232947232947,0.277992277992278,0.015444015444015444,0.32947232947232946
Ballyshannon Rural,Donegal,728,155,18,19,227,267,42,0.0260989010989011,0.3118131868131868,0.057692307692307696,0.36675824175824173,0.2129120879120879,0.024725274725274724,0.33791208791208793
Ballyshannon Urban,Donegal,533,132,11,11,115,216,48,0.020637898686679174,0.21575984990619138,0.0900562851782364,0.4052532833020638,0.24765478424015008,0.020637898686679174,0.23639774859287055
Ballyshear,Offaly,177,51,5,2,45,55,19,0.011299435028248588,0.2542372881355932,0.10734463276836158,0.3107344632768362,0.288135593220339,0.02824858757062147,0.2655367231638418
Ballysheehan,Tipperary,273,72,4,3,73,104,17,0.01098901098901099,0.2673992673992674,0.06227106227106227,0.38095238095238093,0.26373626373626374,0.014652014652014652,0.2783882783882784
Ballysimon,Limerick,6778,1973,114,182,1712,2396,401,0.02685157863676601,0.2525818825612275,0.05916199468869873,0.3534966066686338,0.29108881676010623,0.01681912068456772,0.2794334611979935
Ballyspillane,Cork County,160,42,3,2,55,51,7,0.0125,0.34375,0.04375,0.31875,0.2625,0.01875,0.35625
Ballysteen,Clare,163,44,7,5,30,68,9,0.03067484662576687,0.18404907975460122,0.05521472392638037,0.4171779141104294,0.26993865030674846,0.04294478527607362,0.2147239263803681
Ballytruckle,Waterford,1986,477,62,38,759,566,84,0.019133937562940583,0.3821752265861027,0.04229607250755287,0.2849949647532729,0.24018126888217523,0.03121852970795569,0.40130916414904333
Ballyvaldon,Wexford,302,85,3,6,102,96,10,0.019867549668874173,0.33774834437086093,0.033112582781456956,0.31788079470198677,0.2814569536423841,0.009933774834437087,0.3576158940397351
Ballyvarra,Limerick,2075,557,39,70,565,747,97,0.033734939759036145,0.27228915662650605,0.04674698795180723,0.36,0.26843373493975903,0.018795180722891568,0.3060240963855422
Ballyvaskin,Clare,176,32,4,4,52,72,12,0.022727272727272728,0.29545454545454547,0.06818181818181818,0.4090909090909091,0.18181818181818182,0.022727272727272728,0.3181818181818182
Ballyvool,Kilkenny,77,22,4,2,29,17,3,0.025974025974025976,0.37662337662337664,0.03896103896103896,0.22077922077922077,0.2857142857142857,0.05194805194805195,0.4025974025974026
Balraheen,Kildare,1177,245,21,37,440,351,83,0.03143585386576041,0.37383177570093457,0.07051826677994902,0.2982158028887001,0.20815632965165676,0.01784197111299915,0.405267629566695
Balrathboyne,Meath,247,77,4,5,89,59,13,0.020242914979757085,0.3603238866396761,0.05263157894736842,0.2388663967611336,0.3117408906882591,0.016194331983805668,0.3805668016194332
Balscadden,Fingal,310,122,1,3,80,96,8,0.00967741935483871,0.25806451612903225,0.025806451612903226,0.3096774193548387,0.3935483870967742,0.0032258064516129032,0.267741935483871
Baltinglass,Wicklow,936,242,22,20,306,291,55,0.021367521367521368,0.3269230769230769,0.05876068376068376,0.3108974358974359,0.25854700854700857,0.023504273504273504,0.3482905982905983
Banada,Sligo,241,75,9,0,64,84,9,0.0,0.26556016597510373,0.03734439834024896,0.34854771784232363,0.3112033195020747,0.03734439834024896,0.26556016597510373
Banagher,Offaly,709,184,32,9,218,240,26,0.012693935119887164,0.307475317348378,0.036671368124118475,0.3385049365303244,0.25952045133991536,0.045133991537376586,0.32016925246826516
Banawn,Kerry,117,26,4,3,37,39,8,0.02564102564102564,0.3162393162393162,0.06837606837606838,0.3333333333333333,0.2222222222222222,0.03418803418803419,0.3418803418803419
Bandon,Cork County,551,152,13,23,146,184,33,0.041742286751361164,0.26497277676951,0.05989110707803993,0.3339382940108893,0.27586206896551724,0.023593466424682397,0.30671506352087113
Bangor,Mayo,162,34,4,6,32,74,12,0.037037037037037035,0.19753086419753085,0.07407407407407407,0.4567901234567901,0.20987654320987653,0.024691358024691357,0.2345679012345679
Banna,Kerry,336,77,9,14,88,124,24,0.041666666666666664,0.2619047619047619,0.07142857142857142,0.36904761904761907,0.22916666666666666,0.026785714285714284,0.30357142857142855
Bannow,Wexford,417,120,6,6,127,135,23,0.014388489208633094,0.30455635491606714,0.05515587529976019,0.3237410071942446,0.28776978417266186,0.014388489208633094,0.31894484412470026
Bansha,Tipperary,310,86,4,5,93,103,19,0.016129032258064516,0.3,0.06129032258064516,0.33225806451612905,0.27741935483870966,0.012903225806451613,0.3161290322580645
Banteer,Cork County,302,79,14,1,75,109,24,0.0033112582781456954,0.24834437086092714,0.07947019867549669,0.3609271523178808,0.26158940397350994,0.046357615894039736,0.25165562913907286
Bantry Urban,Cork County,1226,289,35,33,319,462,88,0.026916802610114192,0.2601957585644372,0.07177814029363784,0.3768352365415987,0.23572593800978792,0.028548123980424143,0.28711256117455136
Barleyhill,Cork County,200,61,3,0,62,64,10,0.0,0.31,0.05,0.32,0.305,0.015,0.31
Barna,Offaly,86,27,3,5,19,26,6,0.05813953488372093,0.22093023255813954,0.06976744186046512,0.3023255813953488,0.313953488372093,0.03488372093023256,0.27906976744186046
Barnacurra,Cork County,96,18,2,3,42,26,5,0.03125,0.4375,0.052083333333333336,0.2708333333333333,0.1875,0.020833333333333332,0.46875
Barnameenagh,Leitrim,49,16,0,3,11,18,1,0.061224489795918366,0.22448979591836735,0.02040816326530612,0.3673469387755102,0.32653061224489793,0.0,0.2857142857142857
Barr Rúscaí,Maigh Eo,56,10,2,0,15,22,7,0.0,0.26785714285714285,0.125,0.39285714285714285,0.17857142857142858,0.03571428571428571,0.26785714285714285
Barrack Village,Wexford,42,9,0,1,11,19,2,0.023809523809523808,0.2619047619047619,0.047619047619047616,0.4523809523809524,0.21428571428571427,0.0,0.2857142857142857
Barronstown,Louth,317,59,10,15,92,122,19,0.0473186119873817,0.2902208201892745,0.05993690851735016,0.38485804416403785,0.1861198738170347,0.031545741324921134,0.33753943217665616
Barronstown,Wexford,218,56,7,3,79,62,11,0.013761467889908258,0.3623853211009174,0.05045871559633028,0.28440366972477066,0.25688073394495414,0.03211009174311927,0.3761467889908257
Barrowhouse,Laois,252,63,6,2,95,75,11,0.007936507936507936,0.376984126984127,0.04365079365079365,0.2976190476190476,0.25,0.023809523809523808,0.38492063492063494
Baslick,Roscommon,54,15,1,0,20,15,3,0.0,0.37037037037037035,0.05555555555555555,0.2777777777777778,0.2777777777777778,0.018518518518518517,0.37037037037037035
Baunmore,Kilkenny,53,17,1,0,16,19,0,0.0,0.3018867924528302,0.0,0.3584905660377358,0.32075471698113206,0.018867924528301886,0.3018867924528302
Baurleigh,Cork County,196,42,5,2,82,57,8,0.01020408163265306,0.41836734693877553,0.04081632653061224,0.29081632653061223,0.21428571428571427,0.025510204081632654,0.42857142857142855
Baurtregaum,Kerry,159,31,5,6,34,74,9,0.03773584905660377,0.2138364779874214,0.05660377358490566,0.46540880503144655,0.1949685534591195,0.031446540880503145,0.25157232704402516
Bawn,Offaly,114,39,3,0,34,38,0,0.0,0.2982456140350877,0.0,0.3333333333333333,0.34210526315789475,0.02631578947368421,0.2982456140350877
Bawnboy,Cavan,240,61,2,9,84,72,12,0.0375,0.35,0.05,0.3,0.25416666666666665,0.008333333333333333,0.3875
Bawncross,Cork County,83,20,2,0,26,33,2,0.0,0.3132530120481928,0.024096385542168676,0.39759036144578314,0.24096385542168675,0.024096385542168676,0.3132530120481928
Beagh,Galway County,365,84,11,8,126,121,15,0.021917808219178082,0.3452054794520548,0.0410958904109589,0.3315068493150685,0.23013698630136986,0.030136986301369864,0.36712328767123287
Beaghmore,Galway County,161,34,2,8,45,62,10,0.049689440993788817,0.2795031055900621,0.062111801242236024,0.38509316770186336,0.2111801242236025,0.012422360248447204,0.32919254658385094
Beal,Kerry,71,19,5,1,12,30,4,0.014084507042253521,0.16901408450704225,0.056338028169014086,0.4225352112676056,0.2676056338028169,0.07042253521126761,0.18309859154929578
Bealock,Cork County,151,30,3,10,37,55,16,0.06622516556291391,0.24503311258278146,0.10596026490066225,0.36423841059602646,0.1986754966887417,0.019867549668874173,0.31125827814569534
Bear,Cork County,90,15,1,2,21,47,4,0.022222222222222223,0.23333333333333334,0.044444444444444446,0.5222222222222223,0.16666666666666666,0.011111111111111112,0.25555555555555554
Bearna,Cathair na Gaillimhe,8024,1385,169,706,2213,2826,725,0.08798604187437686,0.27579760717846463,0.09035393818544367,0.35219341974077767,0.1726071784646062,0.021061814556331007,0.3637836490528415
Bearna,Gaillimh,2521,346,48,261,683,899,284,0.10353034510115033,0.2709242364141214,0.11265370884569616,0.35660452201507337,0.1372471241570805,0.019040063466878223,0.3744545815152717
Beaumont A,Dublin City,1074,282,17,45,244,411,75,0.04189944134078212,0.2271880819366853,0.06983240223463687,0.38268156424581007,0.26256983240223464,0.015828677839851025,0.26908752327746743
Beaumont B,Dublin City,1440,384,44,45,366,527,74,0.03125,0.25416666666666665,0.05138888888888889,0.3659722222222222,0.26666666666666666,0.030555555555555555,0.28541666666666665
Beaumont C,Dublin City,1199,324,37,49,301,410,78,0.0408673894912427,0.2510425354462052,0.06505421184320268,0.3419516263552961,0.2702251876563803,0.030859049207673062,0.2919099249374479
Beaumont D,Dublin City,786,242,12,32,156,282,62,0.04071246819338423,0.1984732824427481,0.07888040712468193,0.35877862595419846,0.30788804071246817,0.015267175572519083,0.23918575063613232
Beaumont E,Dublin City,845,227,17,46,195,308,52,0.054437869822485205,0.23076923076923078,0.06153846153846154,0.36449704142011835,0.2686390532544379,0.020118343195266272,0.285207100591716
Beaumont F,Dublin City,1617,450,52,55,439,526,95,0.034013605442176874,0.2714904143475572,0.05875077303648732,0.32529375386518244,0.2782931354359926,0.032158317872603585,0.30550401978973407
Bective,Meath,510,150,9,12,147,174,18,0.023529411764705882,0.28823529411764703,0.03529411764705882,0.3411764705882353,0.29411764705882354,0.01764705882352941,0.31176470588235294
Beihy,Leitrim,136,25,2,0,49,56,4,0.0,0.3602941176470588,0.029411764705882353,0.4117647058823529,0.18382352941176472,0.014705882352941176,0.3602941176470588
Bekan,Mayo,305,102,8,5,98,86,6,0.01639344262295082,0.32131147540983607,0.019672131147540985,0.2819672131147541,0.3344262295081967,0.02622950819672131,0.3377049180327869
Belan,Kildare,108,22,2,2,36,39,7,0.018518518518518517,0.3333333333333333,0.06481481481481481,0.3611111111111111,0.2037037037037037,0.018518518518518517,0.35185185185185186
Belclare,Galway County,311,70,18,8,97,93,25,0.02572347266881029,0.31189710610932475,0.08038585209003216,0.2990353697749196,0.22508038585209003,0.05787781350482315,0.33762057877813506
Belhavel,Leitrim,107,23,0,2,34,35,13,0.018691588785046728,0.3177570093457944,0.12149532710280374,0.32710280373831774,0.21495327102803738,0.0,0.3364485981308411
Bellanagare,Roscommon,244,75,9,4,61,75,20,0.01639344262295082,0.25,0.08196721311475409,0.3073770491803279,0.3073770491803279,0.036885245901639344,0.26639344262295084
Bellanalack,Westmeath,230,76,9,1,59,67,18,0.004347826086956522,0.2565217391304348,0.0782608695652174,0.29130434782608694,0.33043478260869563,0.0391304347826087,0.2608695652173913
Bellananagh,Cavan,482,134,19,12,180,117,20,0.024896265560165973,0.37344398340248963,0.04149377593360996,0.24273858921161826,0.27800829875518673,0.03941908713692946,0.3983402489626556
Bellanode,Monaghan,606,121,16,24,214,191,40,0.039603960396039604,0.35313531353135313,0.066006600660066,0.31518151815181517,0.19966996699669967,0.026402640264026403,0.3927392739273927
Bellatrain,Monaghan,132,35,4,1,46,33,13,0.007575757575757576,0.3484848484848485,0.09848484848484848,0.25,0.26515151515151514,0.030303030303030304,0.3560606060606061
Bellavary,Mayo,462,115,10,13,149,155,20,0.02813852813852814,0.3225108225108225,0.04329004329004329,0.3354978354978355,0.24891774891774893,0.021645021645021644,0.35064935064935066
Belleville,Galway County,277,68,4,7,91,94,13,0.02527075812274368,0.3285198555956679,0.04693140794223827,0.33935018050541516,0.24548736462093862,0.01444043321299639,0.35379061371841153
Belturbet,Cavan,523,139,17,6,159,182,20,0.011472275334608031,0.30401529636711283,0.03824091778202677,0.3479923518164436,0.26577437858508607,0.032504780114722756,0.3154875717017208
Belvidere,Westmeath,343,121,6,2,63,131,20,0.0058309037900874635,0.1836734693877551,0.05830903790087463,0.3819241982507289,0.35276967930029157,0.01749271137026239,0.18950437317784258
Bengour,Cork County,162,36,8,2,40,65,11,0.012345679012345678,0.24691358024691357,0.06790123456790123,0.4012345679012346,0.2222222222222222,0.04938271604938271,0.25925925925925924
Bennettsbridge,Kilkenny,507,109,14,15,142,191,36,0.029585798816568046,0.28007889546351084,0.07100591715976332,0.3767258382642998,0.21499013806706113,0.027613412228796843,0.3096646942800789
Bert,Kildare,58,14,2,1,20,13,8,0.017241379310344827,0.3448275862068966,0.13793103448275862,0.22413793103448276,0.2413793103448276,0.034482758620689655,0.3620689655172414
Bilberry,Cavan,63,16,3,2,19,19,4,0.031746031746031744,0.30158730158730157,0.06349206349206349,0.30158730158730157,0.25396825396825395,0.047619047619047616,0.3333333333333333
Bilberry,Waterford,209,71,11,3,32,79,13,0.014354066985645933,0.15311004784688995,0.06220095693779904,0.37799043062200954,0.3397129186602871,0.05263157894736842,0.1674641148325359
Bilboa,Limerick,181,51,4,2,50,61,13,0.011049723756906077,0.27624309392265195,0.0718232044198895,0.3370165745856354,0.281767955801105,0.022099447513812154,0.287292817679558
Binn an Choire,Gaillimh,60,8,1,9,4,30,8,0.15,0.06666666666666667,0.13333333333333333,0.5,0.13333333333333333,0.016666666666666666,0.21666666666666667
Birdhill,Tipperary,348,109,4,6,94,111,24,0.017241379310344827,0.27011494252873564,0.06896551724137931,0.31896551724137934,0.3132183908045977,0.011494252873563218,0.28735632183908044
Birdstown,Donegal,329,73,11,17,150,62,16,0.05167173252279635,0.45592705167173253,0.0486322188449848,0.1884498480243161,0.22188449848024316,0.03343465045592705,0.5075987841945289
Birr Rural,Offaly,470,136,15,6,128,161,24,0.01276595744680851,0.2723404255319149,0.05106382978723404,0.3425531914893617,0.28936170212765955,0.031914893617021274,0.2851063829787234
Birr Urban,Offaly,1546,369,36,26,461,553,101,0.016817593790426907,0.2981888745148771,0.06532988357050452,0.3576972833117723,0.23868046571798188,0.02328589909443726,0.315006468305304
Bishopstown,Cork City,155,44,7,5,40,54,5,0.03225806451612903,0.25806451612903225,0.03225806451612903,0.34838709677419355,0.2838709677419355,0.04516129032258064,0.2903225806451613
Bishopstown A,Cork City,933,289,13,33,103,431,64,0.03536977491961415,0.11039657020364416,0.06859592711682744,0.46195069667738475,0.3097534833869239,0.013933547695605574,0.1457663451232583
Bishopstown B,Cork City,936,318,19,27,128,379,65,0.028846153846153848,0.13675213675213677,0.06944444444444445,0.4049145299145299,0.33974358974358976,0.0202991452991453,0.1655982905982906
Bishopstown C,Cork City,2351,585,48,90,471,966,191,0.038281582305401955,0.20034028073160356,0.08124202467035305,0.41088898341131436,0.24883028498511273,0.020416843896214378,0.23862186303700553
Bishopstown D,Cork City,869,234,10,26,158,379,62,0.02991944764096663,0.18181818181818182,0.0713463751438435,0.4361334867663982,0.26927502876869963,0.011507479861910242,0.21173762945914845
Bishopstown E,Cork City,1343,373,33,53,244,542,98,0.039463886820551006,0.18168279970215934,0.07297096053611318,0.4035740878629933,0.27773641102010427,0.024571854058078928,0.22114668652271036
Blackpool,Cork County,560,147,20,11,166,185,31,0.019642857142857142,0.29642857142857143,0.055357142857142855,0.33035714285714285,0.2625,0.03571428571428571,0.31607142857142856
Blackpool A,Cork City,181,56,10,1,40,63,11,0.0055248618784530384,0.22099447513812154,0.06077348066298342,0.34806629834254144,0.30939226519337015,0.055248618784530384,0.2265193370165746
Blackpool B,Cork City,491,130,17,16,89,208,31,0.032586558044806514,0.18126272912423624,0.06313645621181263,0.42362525458248473,0.26476578411405294,0.034623217922606926,0.21384928716904278
Blackrock-Booterstown,Dún Laoghaire-Rathdown,1535,455,33,50,315,584,98,0.03257328990228013,0.20521172638436483,0.06384364820846905,0.38045602605863194,0.2964169381107492,0.021498371335504887,0.23778501628664495
Blackrock-Carysfort,Dún Laoghaire-Rathdown,2743,826,42,115,628,980,152,0.041924899744804955,0.22894640904119576,0.055413780532263944,0.35727305869485965,0.3011301494713817,0.015311702515493984,0.27087130878600074
Blackrock-Central,Dún Laoghaire-Rathdown,1697,510,29,51,370,626,111,0.030053034767236298,0.21803182086034179,0.06540954625810254,0.3688862698880377,0.300530347672363,0.01708898055391868,0.24808485562757807
Blackrock-Glenomena,Dún Laoghaire-Rathdown,971,320,18,23,213,333,64,0.02368692070030896,0.21936148300720906,0.06591143151390319,0.3429454170957775,0.329557157569516,0.018537590113285273,0.243048403707518
Blackrock-Monkstown,Dún Laoghaire-Rathdown,1599,466,27,93,355,555,103,0.058161350844277676,0.22201375859912445,0.06441525953721075,0.34709193245778613,0.29143214509068166,0.016885553470919325,0.2801751094434021
Blackrock-Newpark,Dún Laoghaire-Rathdown,1010,282,30,38,240,338,82,0.03762376237623762,0.2376237623762376,0.08118811881188119,0.3346534653465347,0.27920792079207923,0.0297029702970297,0.27524752475247527
Blackrock-Seapoint,Dún Laoghaire-Rathdown,742,197,20,36,153,273,63,0.04851752021563342,0.20619946091644206,0.08490566037735849,0.36792452830188677,0.26549865229110514,0.026954177897574125,0.25471698113207547
Blackrock-Stradbrook,Dún Laoghaire-Rathdown,1032,282,20,63,252,340,75,0.061046511627906974,0.2441860465116279,0.07267441860465117,0.32945736434108525,0.27325581395348836,0.01937984496124031,0.30523255813953487
Blackrock-Templehill,Dún Laoghaire-Rathdown,1178,351,21,50,267,402,87,0.042444821731748725,0.2266553480475382,0.07385398981324279,0.34125636672325976,0.29796264855687604,0.017826825127334467,0.2691001697792869
Blackrock-Williamstown,Dún Laoghaire-Rathdown,1129,366,28,28,215,430,62,0.024800708591674048,0.1904340124003543,0.05491585473870682,0.3808680248007086,0.32418069087688217,0.024800708591674048,0.21523472099202834
Blanchardstown-Abbotstown,Fingal,1594,322,36,34,640,484,78,0.02132998745294856,0.4015056461731493,0.04893350062735257,0.30363864491844417,0.20200752823086573,0.02258469259723965,0.4228356336260979
Blanchardstown-Blakestown,Fingal,13524,2878,338,392,5463,3665,788,0.028985507246376812,0.4039485359361136,0.05826678497485951,0.2709997042295179,0.21280686187518486,0.024992605737947354,0.4329340431824904
Blanchardstown-Coolmine,Fingal,2928,685,102,101,1002,862,176,0.03449453551912568,0.3422131147540984,0.060109289617486336,0.29439890710382516,0.23394808743169399,0.03483606557377049,0.37670765027322406
Blanchardstown-Corduff,Fingal,864,200,27,35,259,294,49,0.04050925925925926,0.29976851851851855,0.056712962962962965,0.3402777777777778,0.23148148148148148,0.03125,0.3402777777777778
Blanchardstown-Delwood,Fingal,1870,479,41,50,491,693,116,0.026737967914438502,0.2625668449197861,0.06203208556149733,0.37058823529411766,0.25614973262032087,0.021925133689839574,0.2893048128342246
Blanchardstown-Mulhuddart,Fingal,965,193,31,29,426,232,54,0.03005181347150259,0.44145077720207254,0.05595854922279793,0.24041450777202072,0.2,0.03212435233160622,0.47150259067357514
Blanchardstown-Roselawn,Fingal,702,173,15,35,144,292,43,0.04985754985754986,0.20512820512820512,0.06125356125356125,0.41595441595441596,0.24643874643874644,0.021367521367521368,0.254985754985755
Blanchardstown-Tyrrelstown,Fingal,785,125,29,15,372,206,38,0.01910828025477707,0.47388535031847134,0.048407643312101914,0.2624203821656051,0.1592356687898089,0.03694267515923567,0.4929936305732484
Blandsfort,Laois,138,34,3,4,45,47,5,0.028985507246376812,0.32608695652173914,0.036231884057971016,0.34057971014492755,0.2463768115942029,0.021739130434782608,0.35507246376811596
Blarney,Cork City,2258,642,45,55,676,731,109,0.024357838795394153,0.2993799822852081,0.04827280779450841,0.3237378210806023,0.2843224092116918,0.019929140832595216,0.3237378210806023
Blarney,Cork County,337,81,9,11,97,123,16,0.032640949554896145,0.2878338278931751,0.04747774480712166,0.3649851632047478,0.2403560830860534,0.026706231454005934,0.32047477744807124
Blennerville,Kerry,314,75,5,14,65,139,16,0.044585987261146494,0.2070063694267516,0.050955414012738856,0.4426751592356688,0.23885350318471338,0.01592356687898089,0.2515923566878981
Blessington,Wicklow,1713,438,48,46,579,505,97,0.026853473438412143,0.3380035026269702,0.056625802685347344,0.29480443666082895,0.25569176882662,0.028021015761821366,0.36485697606538237
Bocks,Monaghan,259,58,6,6,114,64,11,0.023166023166023165,0.44015444015444016,0.04247104247104247,0.2471042471042471,0.22393822393822393,0.023166023166023165,0.46332046332046334
Bodenstown,Kildare,2098,541,38,59,709,613,138,0.028122020972354625,0.33794089609151573,0.0657769304099142,0.2921830314585319,0.2578646329837941,0.01811248808388942,0.36606291706387034
Bohadoon,Waterford,179,37,9,9,45,64,15,0.05027932960893855,0.25139664804469275,0.08379888268156424,0.3575418994413408,0.20670391061452514,0.05027932960893855,0.3016759776536313
Boherboy,Cork County,306,73,10,4,88,122,9,0.013071895424836602,0.2875816993464052,0.029411764705882353,0.39869281045751637,0.238562091503268,0.032679738562091505,0.3006535947712418
Boherboy,Meath,112,34,3,1,35,33,6,0.008928571428571428,0.3125,0.05357142857142857,0.29464285714285715,0.30357142857142855,0.026785714285714284,0.32142857142857145
Boherglass,Clare,138,30,5,6,54,37,6,0.043478260869565216,0.391304347826087,0.043478260869565216,0.26811594202898553,0.21739130434782608,0.036231884057971016,0.43478260869565216
Bohernabreena,South Dublin,1984,475,55,81,665,571,137,0.040826612903225805,0.33518145161290325,0.0690524193548387,0.2878024193548387,0.23941532258064516,0.027721774193548387,0.37600806451612906
Boherquill,Westmeath,77,22,1,0,38,13,3,0.0,0.4935064935064935,0.03896103896103896,0.16883116883116883,0.2857142857142857,0.012987012987012988,0.4935064935064935
Bohola,Mayo,139,41,3,5,25,55,10,0.03597122302158273,0.17985611510791366,0.07194244604316546,0.39568345323741005,0.2949640287769784,0.02158273381294964,0.2158273381294964
Bolaboy,Wexford,347,107,6,7,134,87,6,0.020172910662824207,0.3861671469740634,0.01729106628242075,0.2507204610951009,0.30835734870317005,0.01729106628242075,0.40634005763688763
Bonnyglen,Donegal,146,39,4,1,55,42,5,0.00684931506849315,0.3767123287671233,0.03424657534246575,0.2876712328767123,0.2671232876712329,0.0273972602739726,0.3835616438356164
Boola,Limerick,71,20,1,1,22,24,3,0.014084507042253521,0.30985915492957744,0.04225352112676056,0.3380281690140845,0.28169014084507044,0.014084507042253521,0.323943661971831
Boolteens,Kerry,224,55,6,6,51,88,18,0.026785714285714284,0.22767857142857142,0.08035714285714286,0.39285714285714285,0.24553571428571427,0.026785714285714284,0.2544642857142857
Boolyglass,Kilkenny,79,25,0,1,26,23,4,0.012658227848101266,0.3291139240506329,0.05063291139240506,0.2911392405063291,0.31645569620253167,0.0,0.34177215189873417
Borris,Carlow,370,118,12,1,96,129,14,0.002702702702702703,0.2594594594594595,0.03783783783783784,0.34864864864864864,0.31891891891891894,0.032432432432432434,0.26216216216216215
Borris,Laois,535,124,6,14,203,139,49,0.026168224299065422,0.3794392523364486,0.09158878504672897,0.25981308411214954,0.23177570093457944,0.011214953271028037,0.405607476635514
Borris-In-Ossory,Laois,327,64,9,2,87,139,26,0.0061162079510703364,0.26605504587155965,0.07951070336391437,0.42507645259938837,0.19571865443425077,0.027522935779816515,0.27217125382262997
Borrisnafarney,Tipperary,150,61,3,0,46,28,12,0.0,0.30666666666666664,0.08,0.18666666666666668,0.4066666666666667,0.02,0.30666666666666664
Borrisnoe,Tipperary,66,7,5,3,21,23,7,0.045454545454545456,0.3181818181818182,0.10606060606060606,0.3484848484848485,0.10606060606060606,0.07575757575757576,0.36363636363636365
Borrisokane,Tipperary,561,143,15,10,156,202,35,0.017825311942959002,0.27807486631016043,0.062388591800356503,0.3600713012477718,0.2549019607843137,0.026737967914438502,0.29590017825311943
Borrisoleigh,Tipperary,560,130,15,11,168,211,25,0.019642857142857142,0.3,0.044642857142857144,0.3767857142857143,0.23214285714285715,0.026785714285714284,0.3196428571428571
Boston,Clare,134,35,1,8,30,55,5,0.05970149253731343,0.22388059701492538,0.03731343283582089,0.41044776119402987,0.26119402985074625,0.007462686567164179,0.2835820895522388
Botanic A,Dublin City,1348,359,25,65,254,548,97,0.04821958456973294,0.1884272997032641,0.07195845697329377,0.4065281899109792,0.2663204747774481,0.018545994065281898,0.23664688427299704
Botanic B,Dublin City,1702,437,39,69,351,669,137,0.04054054054054054,0.20622796709753233,0.08049353701527615,0.39306698002350177,0.25675675675675674,0.022914218566392478,0.24676850763807284
Botanic C,Dublin City,907,233,18,50,218,328,60,0.05512679162072767,0.24035281146637266,0.06615214994487321,0.36163175303197354,0.25689084895259096,0.019845644983461964,0.2954796030871003
Boulteen,Cork County,348,93,9,4,111,115,16,0.011494252873563218,0.31896551724137934,0.04597701149425287,0.33045977011494254,0.2672413793103448,0.02586206896551724,0.33045977011494254
Bourney East,Tipperary,167,49,1,6,43,62,6,0.03592814371257485,0.25748502994011974,0.03592814371257485,0.3712574850299401,0.2934131736526946,0.005988023952095809,0.2934131736526946
Bourney West,Tipperary,170,55,5,0,55,48,7,0.0,0.3235294117647059,0.041176470588235294,0.2823529411764706,0.3235294117647059,0.029411764705882353,0.3235294117647059
Boyle Rural,Roscommon,707,241,10,12,185,223,36,0.016973125884016973,0.26166902404526166,0.05091937765205092,0.31541725601131543,0.3408769448373409,0.014144271570014143,0.27864214992927866
Boyle Urban,Roscommon,468,117,8,10,145,171,17,0.021367521367521368,0.30982905982905984,0.03632478632478633,0.36538461538461536,0.25,0.017094017094017096,0.3311965811965812
Boyounagh,Galway County,93,35,2,0,22,31,3,0.0,0.23655913978494625,0.03225806451612903,0.3333333333333333,0.3763440860215054,0.021505376344086023,0.23655913978494625
Bracklagh,Galway County,225,74,3,2,65,62,19,0.008888888888888889,0.28888888888888886,0.08444444444444445,0.27555555555555555,0.3288888888888889,0.013333333333333334,0.29777777777777775
Bracklin,Westmeath,99,25,2,0,34,33,5,0.0,0.3434343434343434,0.050505050505050504,0.3333333333333333,0.25252525252525254,0.020202020202020204,0.3434343434343434
Brackloon,Mayo,304,71,7,11,105,101,9,0.03618421052631579,0.34539473684210525,0.029605263157894735,0.33223684210526316,0.23355263157894737,0.023026315789473683,0.3815789473684211
Bracknagh,Offaly,406,115,10,6,121,124,30,0.014778325123152709,0.29802955665024633,0.07389162561576355,0.3054187192118227,0.2832512315270936,0.024630541871921183,0.312807881773399
Bragan,Monaghan,116,28,1,3,48,31,5,0.02586206896551724,0.41379310344827586,0.04310344827586207,0.2672413793103448,0.2413793103448276,0.008620689655172414,0.4396551724137931
Bramblestown,Kilkenny,155,35,4,3,67,37,9,0.01935483870967742,0.432258064516129,0.05806451612903226,0.23870967741935484,0.22580645161290322,0.025806451612903226,0.45161290322580644
Branchfield/Carrownaskeagh,Sligo,75,30,1,0,15,23,6,0.0,0.2,0.08,0.30666666666666664,0.4,0.013333333333333334,0.2
Bray No. 1,Wicklow,537,109,18,21,162,191,36,0.03910614525139665,0.3016759776536313,0.0670391061452514,0.35567970204841715,0.20297951582867785,0.0335195530726257,0.3407821229050279
Bray No. 2,Wicklow,2400,599,57,84,601,876,183,0.035,0.2504166666666667,0.07625,0.365,0.24958333333333332,0.02375,0.28541666666666665
Bray No. 3,Wicklow,2231,577,57,73,596,817,111,0.03272075302554908,0.2671447781264007,0.04975347377857463,0.3662034961900493,0.25862841774988793,0.025549081129538322,0.2998655311519498
Breaghwy,Mayo,887,216,22,13,263,306,67,0.014656144306651634,0.2965050732807215,0.07553551296505073,0.34498308906426156,0.24351747463359638,0.02480270574971815,0.3111612175873732
Breandrum,Leitrim,85,24,2,3,27,28,1,0.03529411764705882,0.3176470588235294,0.011764705882352941,0.32941176470588235,0.2823529411764706,0.023529411764705882,0.35294117647058826
Breanrisk,Longford,319,76,8,3,105,108,19,0.009404388714733543,0.329153605015674,0.05956112852664577,0.3385579937304075,0.23824451410658307,0.025078369905956112,0.3385579937304075
Bredagh,Cork County,287,84,3,7,77,94,22,0.024390243902439025,0.2682926829268293,0.07665505226480836,0.32752613240418116,0.2926829268292683,0.010452961672473868,0.2926829268292683
Bree,Wexford,600,148,11,31,210,177,23,0.051666666666666666,0.35,0.03833333333333333,0.295,0.24666666666666667,0.018333333333333333,0.40166666666666667
Breedoge,Roscommon,86,32,6,2,25,19,2,0.023255813953488372,0.29069767441860467,0.023255813953488372,0.22093023255813954,0.37209302325581395,0.06976744186046512,0.313953488372093
Breencorragh,Sligo,46,15,0,2,4,24,1,0.043478260869565216,0.08695652173913043,0.021739130434782608,0.5217391304347826,0.32608695652173914,0.0,0.13043478260869565
Brewsterfield,Kerry,363,92,3,6,108,126,28,0.01652892561983471,0.2975206611570248,0.07713498622589532,0.34710743801652894,0.2534435261707989,0.008264462809917356,0.3140495867768595
Bricklieve,Sligo,92,24,2,2,20,35,9,0.021739130434782608,0.21739130434782608,0.09782608695652174,0.3804347826086957,0.2608695652173913,0.021739130434782608,0.2391304347826087
Bridgetown,Wexford,363,97,9,6,130,100,21,0.01652892561983471,0.3581267217630854,0.05785123966942149,0.27548209366391185,0.26721763085399447,0.024793388429752067,0.3746556473829201
Brinny,Cork County,309,80,7,2,98,104,18,0.006472491909385114,0.31715210355987056,0.05825242718446602,0.3365695792880259,0.2588996763754045,0.022653721682847898,0.32362459546925565
Broadford,Limerick,462,97,7,9,148,174,27,0.01948051948051948,0.3203463203463203,0.05844155844155844,0.37662337662337664,0.20995670995670995,0.015151515151515152,0.3398268398268398
Brockagh,Wicklow,243,73,11,5,54,82,18,0.0205761316872428,0.2222222222222222,0.07407407407407407,0.3374485596707819,0.3004115226337449,0.04526748971193416,0.24279835390946503
Broomfield,Monaghan,278,75,5,11,76,80,31,0.039568345323741004,0.2733812949640288,0.11151079136690648,0.28776978417266186,0.2697841726618705,0.017985611510791366,0.3129496402877698
Brosna,Kerry,309,77,10,6,88,113,15,0.019417475728155338,0.284789644012945,0.04854368932038835,0.3656957928802589,0.24919093851132687,0.032362459546925564,0.3042071197411003
Broughal,Offaly,38,12,1,0,9,15,1,0.0,0.23684210526315788,0.02631578947368421,0.39473684210526316,0.3157894736842105,0.02631578947368421,0.23684210526315788
Browningstown,Cork City,600,161,12,18,161,212,36,0.03,0.2683333333333333,0.06,0.35333333333333333,0.2683333333333333,0.02,0.29833333333333334
Brownsford,Kilkenny,72,13,2,2,32,12,11,0.027777777777777776,0.4444444444444444,0.1527777777777778,0.16666666666666666,0.18055555555555555,0.027777777777777776,0.4722222222222222
Bruce Hall,Cavan,66,11,2,0,22,22,9,0.0,0.3333333333333333,0.13636363636363635,0.3333333333333333,0.16666666666666666,0.030303030303030304,0.3333333333333333
Bruff,Limerick,576,151,20,6,137,222,40,0.010416666666666666,0.2378472222222222,0.06944444444444445,0.3854166666666667,0.2621527777777778,0.034722222222222224,0.2482638888888889
Bruis,Tipperary,184,57,4,1,53,60,9,0.005434782608695652,0.28804347826086957,0.04891304347826087,0.32608695652173914,0.30978260869565216,0.021739130434782608,0.29347826086956524
Bruree,Limerick,434,117,9,5,134,144,25,0.01152073732718894,0.3087557603686636,0.0576036866359447,0.3317972350230415,0.2695852534562212,0.020737327188940093,0.32027649769585254
Buckill,Roscommon,144,45,3,8,33,47,8,0.05555555555555555,0.22916666666666666,0.05555555555555555,0.3263888888888889,0.3125,0.020833333333333332,0.2847222222222222
Bulgaden,Limerick,119,47,1,2,40,25,4,0.01680672268907563,0.33613445378151263,0.03361344537815126,0.21008403361344538,0.3949579831932773,0.008403361344537815,0.35294117647058826
Bullaun,Galway County,160,35,2,2,59,51,11,0.0125,0.36875,0.06875,0.31875,0.21875,0.0125,0.38125
Bumlin,Roscommon,215,50,5,2,58,86,14,0.009302325581395349,0.26976744186046514,0.06511627906976744,0.4,0.23255813953488372,0.023255813953488372,0.27906976744186046
Buncrana Rural,Donegal,1254,254,23,53,508,328,88,0.04226475279106858,0.405103668261563,0.07017543859649122,0.26156299840510366,0.2025518341307815,0.018341307814992026,0.4473684210526316
Buncrana Urban,Donegal,971,211,37,39,266,339,79,0.04016477857878476,0.27394438722966014,0.08135942327497425,0.349124613800206,0.21730175077239958,0.03810504634397528,0.3141091658084449
Buncrowey,Sligo,88,27,3,4,17,31,6,0.045454545454545456,0.19318181818181818,0.06818181818181818,0.3522727272727273,0.3068181818181818,0.03409090909090909,0.23863636363636365
Bundoran Rural,Donegal,434,124,4,5,143,138,20,0.01152073732718894,0.3294930875576037,0.04608294930875576,0.31797235023041476,0.2857142857142857,0.009216589861751152,0.34101382488479265
Bundoran Urban,Donegal,630,151,16,13,150,265,35,0.020634920634920634,0.23809523809523808,0.05555555555555555,0.42063492063492064,0.2396825396825397,0.025396825396825397,0.25873015873015875
Bunlahy,Longford,84,13,6,1,25,29,10,0.011904761904761904,0.2976190476190476,0.11904761904761904,0.34523809523809523,0.15476190476190477,0.07142857142857142,0.30952380952380953
Bunnybeg,Leitrim,65,14,2,4,17,23,5,0.06153846153846154,0.26153846153846155,0.07692307692307693,0.35384615384615387,0.2153846153846154,0.03076923076923077,0.3230769230769231
Bunowen,Galway County,130,30,2,2,27,60,9,0.015384615384615385,0.2076923076923077,0.06923076923076923,0.46153846153846156,0.23076923076923078,0.015384615384615385,0.2230769230769231
Buolick,Tipperary,227,71,6,3,74,67,6,0.013215859030837005,0.32599118942731276,0.02643171806167401,0.29515418502202645,0.31277533039647576,0.02643171806167401,0.3392070484581498
Burgage,Wicklow,815,210,19,21,311,208,46,0.025766871165644172,0.3815950920245399,0.05644171779141104,0.2552147239263804,0.25766871165644173,0.023312883435582823,0.40736196319018403
Burgesbeg,Tipperary,246,61,5,4,70,94,12,0.016260162601626018,0.2845528455284553,0.04878048780487805,0.3821138211382114,0.24796747967479674,0.02032520325203252,0.3008130081300813
Burnchurch,Kilkenny,302,61,8,13,104,91,25,0.04304635761589404,0.3443708609271523,0.08278145695364239,0.30132450331125826,0.20198675496688742,0.026490066225165563,0.38741721854304634
Burncourt,Tipperary,220,67,4,0,69,64,16,0.0,0.31363636363636366,0.07272727272727272,0.2909090909090909,0.30454545454545456,0.01818181818181818,0.31363636363636366
Burren,Mayo,153,39,5,8,55,38,8,0.05228758169934641,0.35947712418300654,0.05228758169934641,0.24836601307189543,0.2549019607843137,0.032679738562091505,0.4117647058823529
Burriscarra,Mayo,202,43,3,6,60,72,18,0.0297029702970297,0.297029702970297,0.0891089108910891,0.3564356435643564,0.21287128712871287,0.01485148514851485,0.32673267326732675
Burry,Meath,124,27,4,0,50,35,8,0.0,0.4032258064516129,0.06451612903225806,0.28225806451612906,0.21774193548387097,0.03225806451612903,0.4032258064516129
Burt,Donegal,257,55,15,14,88,68,17,0.054474708171206226,0.3424124513618677,0.06614785992217899,0.26459143968871596,0.2140077821011673,0.058365758754863814,0.3968871595330739
Burton Hall,Carlow,241,56,5,2,99,64,15,0.008298755186721992,0.4107883817427386,0.06224066390041494,0.26556016597510373,0.23236514522821577,0.02074688796680498,0.4190871369294606
Burtown,Kildare,155,30,1,4,66,42,12,0.025806451612903226,0.4258064516129032,0.07741935483870968,0.2709677419354839,0.1935483870967742,0.0064516129032258064,0.45161290322580644
Butler's Bridge,Cavan,192,44,4,1,68,69,6,0.005208333333333333,0.3541666666666667,0.03125,0.359375,0.22916666666666666,0.020833333333333332,0.359375
Butlerstown,Cork County,222,74,4,4,72,60,8,0.018018018018018018,0.32432432432432434,0.036036036036036036,0.2702702702702703,0.3333333333333333,0.018018018018018018,0.34234234234234234
Buttevant,Cork County,650,188,27,11,184,210,30,0.016923076923076923,0.28307692307692306,0.046153846153846156,0.3230769230769231,0.28923076923076924,0.04153846153846154,0.3
Béal Deirg Mór,Maigh Eo,65,11,4,4,11,31,4,0.06153846153846154,0.16923076923076924,0.06153846153846154,0.47692307692307695,0.16923076923076924,0.06153846153846154,0.23076923076923078
Béal an Mhuirthead,Maigh Eo,1028,180,32,50,249,430,87,0.048638132295719845,0.24221789883268482,0.08463035019455253,0.4182879377431907,0.17509727626459143,0.0311284046692607,0.2908560311284047
Béal Átha an Ghaorthaidh (Dún Mánmhaí),Corcaigh,136,6,0,45,18,34,33,0.33088235294117646,0.1323529411764706,0.2426470588235294,0.25,0.04411764705882353,0.0,0.4632352941176471
Béal Átha an Ghaorthaidh (Maigh Chromtha),Corcaigh,449,19,9,170,83,94,74,0.37861915367483295,0.18485523385300667,0.16481069042316257,0.20935412026726058,0.042316258351893093,0.0200445434298441,0.5634743875278396
Cabinteely-Granitefield,Dún Laoghaire-Rathdown,1155,330,31,20,304,409,61,0.017316017316017316,0.2632034632034632,0.05281385281385281,0.3541125541125541,0.2857142857142857,0.02683982683982684,0.2805194805194805
Cabinteely-Kilbogget,Dún Laoghaire-Rathdown,900,245,17,23,260,296,59,0.025555555555555557,0.28888888888888886,0.06555555555555556,0.3288888888888889,0.2722222222222222,0.01888888888888889,0.31444444444444447
Cabinteely-Loughlinstown,Dún Laoghaire-Rathdown,1723,467,27,30,596,506,97,0.017411491584445733,0.3459082994776553,0.05629715612304121,0.293673824724318,0.2710388856645386,0.01567034242600116,0.363319791062101
Cabinteely-Pottery,Dún Laoghaire-Rathdown,2028,586,44,66,515,683,134,0.03254437869822485,0.2539447731755424,0.06607495069033531,0.33678500986193294,0.28895463510848124,0.021696252465483234,0.2864891518737673
Cabra East A,Dublin City,1906,499,37,102,359,755,154,0.053515215110178385,0.18835257082896117,0.080797481636936,0.39611752360965374,0.26180482686253936,0.019412381951731374,0.24186778593913955
Cabra East B,Dublin City,1126,284,33,54,295,412,48,0.047957371225577264,0.2619893428063943,0.04262877442273535,0.36589698046181174,0.2522202486678508,0.02930728241563055,0.3099467140319716
Cabra East C,Dublin City,1090,284,32,46,191,449,88,0.04220183486238532,0.17522935779816515,0.08073394495412844,0.41192660550458715,0.26055045871559634,0.029357798165137616,0.21743119266055047
Cabra West A,Dublin City,370,76,15,27,105,114,33,0.07297297297297298,0.28378378378378377,0.0891891891891892,0.3081081081081081,0.20540540540540542,0.04054054054054054,0.3567567567567568
Cabra West B,Dublin City,581,135,22,23,169,191,41,0.039586919104991396,0.2908777969018933,0.07056798623063683,0.3287435456110155,0.23235800344234078,0.0378657487091222,0.3304647160068847
Cabra West C,Dublin City,732,162,28,37,183,264,58,0.050546448087431695,0.25,0.07923497267759563,0.36065573770491804,0.22131147540983606,0.03825136612021858,0.3005464480874317
Cabra West D,Dublin City,860,247,17,23,222,297,54,0.026744186046511628,0.25813953488372093,0.06279069767441861,0.3453488372093023,0.2872093023255814,0.019767441860465116,0.28488372093023256
Cadamstown,Kildare,637,186,11,25,209,178,28,0.03924646781789639,0.3281004709576138,0.04395604395604396,0.2794348508634223,0.29199372056514916,0.01726844583987441,0.3673469387755102
Caddagh,Monaghan,223,65,5,3,85,48,17,0.013452914798206279,0.3811659192825112,0.07623318385650224,0.21524663677130046,0.2914798206278027,0.02242152466367713,0.39461883408071746
Caher,Clare,120,41,2,2,23,43,9,0.016666666666666666,0.19166666666666668,0.075,0.35833333333333334,0.3416666666666667,0.016666666666666666,0.20833333333333334
Caher,Kerry,734,173,15,34,148,313,51,0.04632152588555858,0.2016348773841962,0.06948228882833787,0.4264305177111717,0.2356948228882834,0.020435967302452316,0.24795640326975477
Caher,Laois,53,13,5,0,20,14,1,0.0,0.37735849056603776,0.018867924528301886,0.2641509433962264,0.24528301886792453,0.09433962264150944,0.37735849056603776
Caher,Limerick,156,40,3,1,50,51,11,0.00641025641025641,0.32051282051282054,0.07051282051282051,0.3269230769230769,0.2564102564102564,0.019230769230769232,0.3269230769230769
Caher,Tipperary,418,121,7,9,97,157,27,0.0215311004784689,0.23205741626794257,0.0645933014354067,0.37559808612440193,0.2894736842105263,0.01674641148325359,0.2535885167464115
Caheragh,Cork County,120,27,2,1,33,55,2,0.008333333333333333,0.275,0.016666666666666666,0.4583333333333333,0.225,0.016666666666666666,0.2833333333333333
Caherbarnagh,Cork County,232,57,7,0,67,89,12,0.0,0.28879310344827586,0.05172413793103448,0.38362068965517243,0.24568965517241378,0.03017241379310345,0.28879310344827586
Caherconlish East,Limerick,263,62,3,9,83,90,16,0.034220532319391636,0.3155893536121673,0.060836501901140684,0.34220532319391633,0.23574144486692014,0.011406844106463879,0.34980988593155893
Caherconlish West,Limerick,798,202,21,20,314,217,24,0.02506265664160401,0.39348370927318294,0.03007518796992481,0.2719298245614035,0.2531328320802005,0.02631578947368421,0.41854636591478694
Cahercorney,Limerick,377,105,7,2,137,109,17,0.005305039787798408,0.363395225464191,0.04509283819628647,0.2891246684350133,0.27851458885941643,0.01856763925729443,0.3687002652519894
Caherduggan,Cork County,271,50,7,9,106,89,10,0.033210332103321034,0.39114391143911437,0.03690036900369004,0.3284132841328413,0.18450184501845018,0.025830258302583026,0.42435424354243545
Caherelly,Limerick,191,61,5,1,50,68,6,0.005235602094240838,0.2617801047120419,0.031413612565445025,0.35602094240837695,0.3193717277486911,0.02617801047120419,0.2670157068062827
Caherhurly,Clare,79,15,1,2,28,29,4,0.02531645569620253,0.35443037974683544,0.05063291139240506,0.3670886075949367,0.189873417721519,0.012658227848101266,0.379746835443038
Caherlag,Cork City,2111,528,31,65,741,633,113,0.030791094268119375,0.3510184746565609,0.05352913311226907,0.29985788725722407,0.2501184272856466,0.01468498342018001,0.38180956892468026
Caherlag,Cork County,1744,431,29,49,510,627,98,0.02809633027522936,0.29243119266055045,0.05619266055045872,0.35951834862385323,0.24713302752293578,0.016628440366972478,0.3205275229357798
Cahermore,Cork County,150,40,1,3,36,62,8,0.02,0.24,0.05333333333333334,0.41333333333333333,0.26666666666666666,0.006666666666666667,0.26
Cahermore,Galway County,273,69,2,3,102,79,18,0.01098901098901099,0.37362637362637363,0.06593406593406594,0.2893772893772894,0.25274725274725274,0.007326007326007326,0.38461538461538464
Cahermurphy,Clare,120,23,4,2,40,45,6,0.016666666666666666,0.3333333333333333,0.05,0.375,0.19166666666666668,0.03333333333333333,0.35
Cahermurphy/Corlea,Clare,52,20,0,0,12,17,3,0.0,0.23076923076923078,0.057692307692307696,0.3269230769230769,0.38461538461538464,0.0,0.23076923076923078
Cahore,Wexford,187,45,6,7,65,53,11,0.0374331550802139,0.34759358288770054,0.058823529411764705,0.28342245989304815,0.24064171122994651,0.03208556149732621,0.3850267379679144
Caisleán na dTuath,Dún na nGall,104,18,4,6,30,37,9,0.057692307692307696,0.28846153846153844,0.08653846153846154,0.3557692307692308,0.17307692307692307,0.038461538461538464,0.34615384615384615
Calary,Wicklow,145,26,1,8,48,50,12,0.05517241379310345,0.3310344827586207,0.08275862068965517,0.3448275862068966,0.1793103448275862,0.006896551724137931,0.38620689655172413
Caldragh,Longford,1021,250,25,21,367,312,46,0.02056807051909892,0.3594515181194907,0.04505386875612145,0.30558276199804113,0.24485798237022527,0.024485798237022526,0.38001958863858964
Callan Rural,Kilkenny,801,215,26,19,268,237,36,0.02372034956304619,0.33458177278401996,0.0449438202247191,0.2958801498127341,0.26841448189762795,0.03245942571785269,0.35830212234706615
Callan Urban,Kilkenny,617,168,16,7,209,194,23,0.011345218800648298,0.3387358184764992,0.03727714748784441,0.31442463533225284,0.27228525121555913,0.02593192868719611,0.3500810372771475
Callow,Mayo,178,47,5,10,53,54,9,0.056179775280898875,0.29775280898876405,0.05056179775280899,0.30337078651685395,0.2640449438202247,0.028089887640449437,0.3539325842696629
Calry,Sligo,911,245,26,19,231,328,62,0.020856201975850714,0.2535675082327113,0.06805708013172337,0.3600439077936334,0.2689352360043908,0.02854006586169045,0.27442371020856204
Caltra,Galway County,199,70,7,3,48,65,6,0.01507537688442211,0.24120603015075376,0.03015075376884422,0.32663316582914576,0.35175879396984927,0.035175879396984924,0.2562814070351759
Caltragh,Roscommon,130,36,1,1,45,41,6,0.007692307692307693,0.34615384615384615,0.046153846153846156,0.3153846153846154,0.27692307692307694,0.007692307692307693,0.35384615384615387
Camas,Gaillimh,286,4,9,202,43,10,18,0.7062937062937062,0.15034965034965034,0.06293706293706294,0.03496503496503497,0.013986013986013986,0.03146853146853147,0.8566433566433567
Cams,Roscommon,222,48,7,1,50,99,17,0.0045045045045045045,0.22522522522522523,0.07657657657657657,0.44594594594594594,0.21621621621621623,0.03153153153153153,0.22972972972972974
Cangort,Offaly,96,34,1,1,31,26,3,0.010416666666666666,0.3229166666666667,0.03125,0.2708333333333333,0.3541666666666667,0.010416666666666666,0.3333333333333333
Cannaway,Cork County,376,87,4,11,123,119,32,0.02925531914893617,0.3271276595744681,0.0851063829787234,0.31648936170212766,0.23138297872340424,0.010638297872340425,0.35638297872340424
Canningstown,Cavan,200,57,8,3,67,58,7,0.015,0.335,0.035,0.29,0.285,0.04,0.35
Capard/Brisha,Laois,124,37,2,3,42,31,9,0.024193548387096774,0.3387096774193548,0.07258064516129033,0.25,0.29838709677419356,0.016129032258064516,0.3629032258064516
Cappagh,Kerry,180,41,6,2,50,72,9,0.011111111111111112,0.2777777777777778,0.05,0.4,0.22777777777777777,0.03333333333333333,0.28888888888888886
Cappagh,Tipperary,440,126,9,3,152,122,28,0.006818181818181818,0.34545454545454546,0.06363636363636363,0.2772727272727273,0.2863636363636364,0.020454545454545454,0.3522727272727273
Cappagh,Waterford,195,51,1,7,46,78,12,0.035897435897435895,0.2358974358974359,0.06153846153846154,0.4,0.26153846153846155,0.005128205128205128,0.2717948717948718
Cappaghabaun,Clare,56,8,0,0,23,22,3,0.0,0.4107142857142857,0.05357142857142857,0.39285714285714285,0.14285714285714285,0.0,0.4107142857142857
Cappalough,Laois,165,57,1,1,52,46,8,0.006060606060606061,0.3151515151515151,0.048484848484848485,0.2787878787878788,0.34545454545454546,0.006060606060606061,0.3212121212121212
Cappalusk,Galway County,188,54,3,4,57,52,18,0.02127659574468085,0.30319148936170215,0.09574468085106383,0.2765957446808511,0.2872340425531915,0.015957446808510637,0.324468085106383
Cappamore,Limerick,576,154,22,11,158,208,23,0.019097222222222224,0.2743055555555556,0.03993055555555555,0.3611111111111111,0.2673611111111111,0.03819444444444445,0.2934027777777778
Cappancur,Offaly,728,177,17,16,261,213,44,0.02197802197802198,0.3585164835164835,0.06043956043956044,0.2925824175824176,0.24313186813186813,0.023351648351648352,0.3804945054945055
Cappard,Galway County,39,6,1,4,9,18,1,0.10256410256410256,0.23076923076923078,0.02564102564102564,0.46153846153846156,0.15384615384615385,0.02564102564102564,0.3333333333333333
Cappavilla,Clare,464,164,5,13,57,192,33,0.028017241379310345,0.12284482758620689,0.07112068965517242,0.41379310344827586,0.35344827586206895,0.010775862068965518,0.15086206896551724
Cappoquin,Waterford,442,104,15,14,123,166,20,0.03167420814479638,0.27828054298642535,0.04524886877828054,0.3755656108597285,0.23529411764705882,0.033936651583710405,0.30995475113122173
Caragh,Kerry,406,108,10,8,99,160,21,0.019704433497536946,0.2438423645320197,0.05172413793103448,0.39408866995073893,0.2660098522167488,0.024630541871921183,0.26354679802955666
Caraun,Mayo,170,58,7,2,33,58,12,0.011764705882352941,0.19411764705882353,0.07058823529411765,0.3411764705882353,0.3411764705882353,0.041176470588235294,0.20588235294117646
Carbury,Kildare,759,195,13,8,271,230,42,0.010540184453227932,0.3570487483530962,0.05533596837944664,0.30303030303030304,0.25691699604743085,0.017127799736495388,0.3675889328063241
Cardtown,Laois,77,25,1,0,26,24,1,0.0,0.33766233766233766,0.012987012987012988,0.3116883116883117,0.3246753246753247,0.012987012987012988,0.33766233766233766
Carker,Kerry,162,50,2,1,48,52,9,0.006172839506172839,0.2962962962962963,0.05555555555555555,0.32098765432098764,0.30864197530864196,0.012345679012345678,0.30246913580246915
Carlingford,Louth,713,183,24,13,203,233,57,0.0182328190743338,0.2847124824684432,0.07994389901823282,0.3267882187938289,0.25666199158485276,0.033660589060308554,0.302945301542777
Carlow Rural,Carlow,5773,1337,147,215,1869,1879,326,0.037242335007794905,0.3237484843235753,0.0564697730815867,0.3254806859518448,0.23159535769963624,0.0254633639355621,0.36099081933137017
Carlow Urban,Carlow,1300,380,51,28,280,483,78,0.021538461538461538,0.2153846153846154,0.06,0.37153846153846154,0.2923076923076923,0.03923076923076923,0.23692307692307693
Carn,Cavan,83,29,4,0,23,24,3,0.0,0.27710843373493976,0.03614457831325301,0.2891566265060241,0.3493975903614458,0.04819277108433735,0.27710843373493976
Carn,Westmeath,324,87,3,3,78,141,12,0.009259259259259259,0.24074074074074073,0.037037037037037035,0.4351851851851852,0.26851851851851855,0.009259259259259259,0.25
Carna,Dublin City,490,116,20,18,148,167,21,0.036734693877551024,0.3020408163265306,0.04285714285714286,0.3408163265306122,0.23673469387755103,0.04081632653061224,0.33877551020408164
Carnagarve,Cavan,198,46,8,0,65,73,6,0.0,0.3282828282828283,0.030303030303030304,0.3686868686868687,0.23232323232323232,0.04040404040404041,0.3282828282828283
Carnagh,Roscommon,417,124,2,14,138,118,21,0.03357314148681055,0.33093525179856115,0.050359712230215826,0.2829736211031175,0.2973621103117506,0.004796163069544364,0.3645083932853717
Carnagh,Wexford,204,48,1,0,71,73,11,0.0,0.3480392156862745,0.05392156862745098,0.35784313725490197,0.23529411764705882,0.004901960784313725,0.3480392156862745
Carnalway,Kildare,850,194,23,18,256,298,61,0.021176470588235293,0.30117647058823527,0.07176470588235294,0.35058823529411764,0.22823529411764706,0.027058823529411764,0.32235294117647056
Carndonagh,Donegal,763,174,11,25,253,240,60,0.0327653997378768,0.3315858453473132,0.07863695937090433,0.3145478374836173,0.22804718217562253,0.014416775884665793,0.36435124508519
Carnew,Wicklow,595,144,17,12,207,188,27,0.020168067226890758,0.34789915966386553,0.0453781512605042,0.31596638655462184,0.24201680672268908,0.02857142857142857,0.3680672268907563
Carney,Sligo,344,87,6,8,101,125,17,0.023255813953488372,0.2936046511627907,0.04941860465116279,0.3633720930232558,0.25290697674418605,0.01744186046511628,0.3168604651162791
Carrafin,Cavan,194,43,3,11,55,65,17,0.05670103092783505,0.28350515463917525,0.08762886597938144,0.33505154639175255,0.22164948453608246,0.015463917525773196,0.3402061855670103
Carragh,Kildare,879,242,22,19,291,248,57,0.02161547212741752,0.3310580204778157,0.06484641638225255,0.2821387940841866,0.2753128555176337,0.02502844141069397,0.35267349260523323
Carraig Airt,Dún na nGall,433,73,18,37,104,149,52,0.08545034642032333,0.24018475750577367,0.12009237875288684,0.3441108545034642,0.16859122401847576,0.04157043879907621,0.325635103926097
Carran,Clare,90,27,0,3,22,34,4,0.03333333333333333,0.24444444444444444,0.044444444444444446,0.37777777777777777,0.3,0.0,0.2777777777777778
Carrick,Kildare,134,31,1,5,43,46,8,0.03731343283582089,0.3208955223880597,0.05970149253731343,0.34328358208955223,0.23134328358208955,0.007462686567164179,0.3582089552238806
Carrick,Westmeath,128,32,4,2,37,47,6,0.015625,0.2890625,0.046875,0.3671875,0.25,0.03125,0.3046875
Carrick,Wexford,811,217,17,21,246,254,56,0.025893958076448828,0.3033292231812577,0.0690505548705302,0.31319358816276205,0.2675709001233046,0.02096177558569667,0.32922318125770655
Carrick-On-Shannon,Leitrim,1589,370,31,50,540,499,99,0.03146633102580239,0.3398363750786658,0.062303335431088736,0.31403398363750784,0.2328508495909377,0.019509125235997484,0.3713027061044682
Carrick-On-Suir Rural,Tipperary,220,74,8,9,54,69,6,0.04090909090909091,0.24545454545454545,0.02727272727272727,0.31363636363636366,0.33636363636363636,0.03636363636363636,0.2863636363636364
Carrick-On-Suir Urban,Tipperary,1328,367,52,29,390,435,55,0.021837349397590362,0.2936746987951807,0.04141566265060241,0.32756024096385544,0.276355421686747,0.0391566265060241,0.31551204819277107
Carrickaslane,Monaghan,268,79,5,8,94,68,14,0.029850746268656716,0.35074626865671643,0.05223880597014925,0.2537313432835821,0.2947761194029851,0.018656716417910446,0.3805970149253731
Carrickatee,Monaghan,170,47,1,0,69,45,8,0.0,0.40588235294117647,0.047058823529411764,0.2647058823529412,0.27647058823529413,0.0058823529411764705,0.40588235294117647
Carrickbanagher,Sligo,269,71,7,7,95,82,7,0.026022304832713755,0.35315985130111527,0.026022304832713755,0.3048327137546468,0.26394052044609667,0.026022304832713755,0.379182156133829
Carrickbeg Rural,Waterford,205,54,6,7,55,70,13,0.03414634146341464,0.2682926829268293,0.06341463414634146,0.34146341463414637,0.2634146341463415,0.02926829268292683,0.3024390243902439
Carrickbeg Urban,Tipperary,602,149,12,17,197,194,33,0.02823920265780731,0.3272425249169435,0.054817275747508304,0.3222591362126246,0.24750830564784054,0.019933554817275746,0.3554817275747508
Carrickboy,Donegal,126,31,3,2,24,57,9,0.015873015873015872,0.19047619047619047,0.07142857142857142,0.4523809523809524,0.24603174603174602,0.023809523809523808,0.20634920634920634
Carrickbyrne,Wexford,209,66,8,2,61,65,7,0.009569377990430622,0.291866028708134,0.03349282296650718,0.31100478468899523,0.3157894736842105,0.03827751196172249,0.3014354066985646
Carrickleck,Meath,140,32,3,8,49,46,2,0.05714285714285714,0.35,0.014285714285714285,0.32857142857142857,0.22857142857142856,0.02142857142857143,0.40714285714285714
Carrickmacross Rural,Monaghan,1687,355,37,43,654,512,86,0.025489033787788974,0.3876704208654416,0.05097806757557795,0.3034973325429757,0.2104327208061648,0.021932424422050976,0.41315945465323056
Carrickmacross Urban,Monaghan,723,151,22,34,243,233,40,0.04702627939142462,0.3360995850622407,0.05532503457814661,0.32226832641770403,0.20885200553250347,0.030428769017980636,0.3831258644536653
Carrig,"Cork County, 047069",124,34,6,1,41,33,9,0.008064516129032258,0.33064516129032256,0.07258064516129033,0.2661290322580645,0.27419354838709675,0.04838709677419355,0.3387096774193548
Carrig,"Cork County, 047070",70,21,2,3,17,22,5,0.04285714285714286,0.24285714285714285,0.07142857142857142,0.3142857142857143,0.3,0.02857142857142857,0.2857142857142857
Carrig,Kerry,132,44,3,2,28,45,10,0.015151515151515152,0.21212121212121213,0.07575757575757576,0.3409090909090909,0.3333333333333333,0.022727272727272728,0.22727272727272727
Carrig,Limerick,306,79,2,6,102,92,25,0.0196078431372549,0.3333333333333333,0.08169934640522876,0.3006535947712418,0.2581699346405229,0.006535947712418301,0.35294117647058826
Carrig,Tipperary,82,19,2,0,28,27,6,0.0,0.34146341463414637,0.07317073170731707,0.32926829268292684,0.23170731707317074,0.024390243902439025,0.34146341463414637
Carrigaline,"Cork County, 047071",1283,293,18,26,474,377,95,0.020265003897116135,0.36944660950896335,0.0740452065471551,0.2938425565081839,0.2283710054559626,0.014029618082618862,0.3897116134060795
Carrigaline,"Cork County, 047072",5852,1500,104,143,1929,1816,360,0.02443609022556391,0.3296308954203691,0.06151742993848257,0.3103212576896787,0.2563226247436774,0.0177717019822283,0.35406698564593303
Carrigaline/Monkstown Rural/Douglas,Cork City,9952,3069,208,218,2610,3319,528,0.021905144694533762,0.2622588424437299,0.05305466237942122,0.3335008038585209,0.3083802250803859,0.02090032154340836,0.2841639871382637
Carrigallen East,Leitrim,95,29,7,1,26,31,1,0.010526315789473684,0.2736842105263158,0.010526315789473684,0.3263157894736842,0.30526315789473685,0.07368421052631578,0.28421052631578947
Carrigallen West,Leitrim,200,46,13,4,66,62,9,0.02,0.33,0.045,0.31,0.23,0.065,0.35
Carrigatogher,Tipperary,400,127,3,8,104,131,27,0.02,0.26,0.0675,0.3275,0.3175,0.0075,0.28
Carrigbaun,Cork County,150,26,2,3,42,69,8,0.02,0.28,0.05333333333333334,0.46,0.17333333333333334,0.013333333333333334,0.3
Carrigboy,Cork County,246,73,4,7,71,79,12,0.028455284552845527,0.2886178861788618,0.04878048780487805,0.32113821138211385,0.2967479674796748,0.016260162601626018,0.3170731707317073
Carrigcastle,Waterford,106,34,6,0,23,35,8,0.0,0.2169811320754717,0.07547169811320754,0.330188679245283,0.32075471698113206,0.05660377358490566,0.2169811320754717
Carrigeen,Kildare,271,63,9,8,84,93,14,0.02952029520295203,0.30996309963099633,0.05166051660516605,0.34317343173431736,0.23247232472324722,0.033210332103321034,0.33948339483394835
Carriglea,Waterford,280,86,3,10,65,104,12,0.03571428571428571,0.23214285714285715,0.04285714285714286,0.37142857142857144,0.30714285714285716,0.010714285714285714,0.26785714285714285
Carrignavar,Cork County,650,186,8,6,212,197,41,0.009230769230769232,0.3261538461538461,0.06307692307692307,0.3030769230769231,0.28615384615384615,0.012307692307692308,0.3353846153846154
Carrigrohanebeg,Cork City,490,127,8,14,127,184,30,0.02857142857142857,0.25918367346938775,0.061224489795918366,0.37551020408163266,0.25918367346938775,0.0163265306122449,0.28775510204081634
Carrigrohanebeg,Cork County,325,94,3,7,96,110,15,0.021538461538461538,0.2953846153846154,0.046153846153846156,0.3384615384615385,0.28923076923076924,0.009230769230769232,0.3169230769230769
Carrigtohill,Cork County,3381,769,58,70,1341,979,164,0.020703933747412008,0.3966282165039929,0.048506359065365275,0.28955930198166224,0.2274475007394262,0.01715468796214138,0.4173321502514049
Carrowbaun,Clare,57,11,1,2,19,18,6,0.03508771929824561,0.3333333333333333,0.10526315789473684,0.3157894736842105,0.19298245614035087,0.017543859649122806,0.3684210526315789
Carrowduff,Roscommon,84,28,1,3,21,26,5,0.03571428571428571,0.25,0.05952380952380952,0.30952380952380953,0.3333333333333333,0.011904761904761904,0.2857142857142857
Carrowmore,Mayo,366,94,11,1,111,126,23,0.00273224043715847,0.30327868852459017,0.06284153005464481,0.3442622950819672,0.2568306010928962,0.030054644808743168,0.30601092896174864
Carrownagur,Galway County,164,47,3,3,50,51,10,0.018292682926829267,0.3048780487804878,0.06097560975609756,0.31097560975609756,0.2865853658536585,0.018292682926829267,0.3231707317073171
Carrowreagh,Roscommon,259,72,7,3,84,74,19,0.011583011583011582,0.32432432432432434,0.07335907335907337,0.2857142857142857,0.277992277992278,0.02702702702702703,0.3359073359073359
Carrowrevagh,Galway County,208,58,2,8,64,70,6,0.038461538461538464,0.3076923076923077,0.028846153846153848,0.33653846153846156,0.27884615384615385,0.009615384615384616,0.34615384615384615
Carthage,Donegal,245,63,8,5,102,58,9,0.02040816326530612,0.4163265306122449,0.036734693877551024,0.23673469387755103,0.2571428571428571,0.0326530612244898,0.43673469387755104
Cartron,Sligo,76,19,2,0,21,32,2,0.0,0.27631578947368424,0.02631578947368421,0.42105263157894735,0.25,0.02631578947368421,0.27631578947368424
Cashel,Cork County,220,64,6,10,54,74,12,0.045454545454545456,0.24545454545454545,0.05454545454545454,0.33636363636363636,0.2909090909090909,0.02727272727272727,0.2909090909090909
Cashel,Leitrim,74,21,0,1,27,21,4,0.013513513513513514,0.36486486486486486,0.05405405405405406,0.28378378378378377,0.28378378378378377,0.0,0.3783783783783784
Cashel East,Longford,98,30,2,0,33,33,0,0.0,0.336734693877551,0.0,0.336734693877551,0.30612244897959184,0.02040816326530612,0.336734693877551
Cashel Rural,Tipperary,1125,292,37,33,406,308,49,0.029333333333333333,0.36088888888888887,0.043555555555555556,0.2737777777777778,0.25955555555555554,0.03288888888888889,0.39022222222222225
Cashel Urban,Tipperary,680,194,25,7,183,248,23,0.010294117647058823,0.2691176470588235,0.033823529411764704,0.36470588235294116,0.2852941176470588,0.03676470588235294,0.27941176470588236
Cashel West,Longford,283,71,6,9,77,101,19,0.03180212014134275,0.27208480565371024,0.06713780918727916,0.3568904593639576,0.2508833922261484,0.02120141342756184,0.303886925795053
Castle,Westmeath,504,146,7,4,164,159,24,0.007936507936507936,0.3253968253968254,0.047619047619047616,0.31547619047619047,0.2896825396825397,0.013888888888888888,0.3333333333333333
Castle A,Limerick,432,134,7,13,101,150,27,0.03009259259259259,0.2337962962962963,0.0625,0.3472222222222222,0.3101851851851852,0.016203703703703703,0.2638888888888889
Castle B,Limerick,187,54,1,7,33,80,12,0.0374331550802139,0.17647058823529413,0.06417112299465241,0.42780748663101603,0.2887700534759358,0.0053475935828877,0.21390374331550802
Castle C,Limerick,572,135,16,18,130,239,34,0.03146853146853147,0.22727272727272727,0.05944055944055944,0.4178321678321678,0.23601398601398602,0.027972027972027972,0.25874125874125875
Castle D,Limerick,1158,273,20,36,301,438,90,0.031088082901554404,0.2599309153713299,0.07772020725388601,0.37823834196891193,0.23575129533678757,0.017271157167530225,0.2910189982728843
Castle Ellis,Wexford,497,125,13,6,164,160,29,0.012072434607645875,0.3299798792756539,0.05835010060362173,0.32193158953722334,0.2515090543259557,0.026156941649899398,0.3420523138832998
Castle Hyde,Cork County,334,85,7,8,107,104,23,0.023952095808383235,0.3203592814371258,0.0688622754491018,0.31137724550898205,0.25449101796407186,0.020958083832335328,0.344311377245509
Castle Talbot,Wexford,317,89,7,12,102,90,17,0.03785488958990536,0.3217665615141956,0.05362776025236593,0.28391167192429023,0.2807570977917981,0.022082018927444796,0.35962145110410093
Castlebanny,Kilkenny,67,25,1,1,25,12,3,0.014925373134328358,0.373134328358209,0.04477611940298507,0.1791044776119403,0.373134328358209,0.014925373134328358,0.3880597014925373
Castlebar Rural,Mayo,3423,841,53,109,1001,1195,224,0.03184341221151037,0.29243353783231085,0.065439672801636,0.3491089687408706,0.24569091440257085,0.015483494011101374,0.32427695004382123
Castlebar Urban,Mayo,2150,514,65,58,465,885,163,0.026976744186046512,0.21627906976744185,0.0758139534883721,0.4116279069767442,0.23906976744186045,0.030232558139534883,0.24325581395348836
Castlebellingham,Louth,551,161,13,8,162,180,27,0.014519056261343012,0.294010889292196,0.04900181488203267,0.32667876588021777,0.29219600725952816,0.023593466424682397,0.308529945553539
Castleblakeney,Galway County,248,69,4,7,70,86,12,0.028225806451612902,0.28225806451612906,0.04838709677419355,0.3467741935483871,0.2782258064516129,0.016129032258064516,0.31048387096774194
Castleblayney Rural,Monaghan,1319,307,44,30,480,364,94,0.022744503411675512,0.3639120545868082,0.0712661106899166,0.2759666413949962,0.23275208491281274,0.03335860500379075,0.3866565579984837
Castleblayney Urban,Monaghan,231,53,10,7,76,73,12,0.030303030303030304,0.329004329004329,0.05194805194805195,0.31601731601731603,0.22943722943722944,0.04329004329004329,0.3593073593073593
Castleboro,Wexford,390,86,10,7,137,118,32,0.017948717948717947,0.35128205128205126,0.08205128205128205,0.30256410256410254,0.2205128205128205,0.02564102564102564,0.36923076923076925
Castleboy,Galway County,271,60,3,3,97,92,16,0.01107011070110701,0.35793357933579334,0.05904059040590406,0.33948339483394835,0.22140221402214022,0.01107011070110701,0.36900369003690037
Castlecary,Donegal,219,55,2,7,77,59,19,0.0319634703196347,0.3515981735159817,0.0867579908675799,0.2694063926940639,0.2511415525114155,0.0091324200913242,0.3835616438356164
Castlecomer,Kilkenny,794,241,17,12,213,274,37,0.015113350125944584,0.2682619647355164,0.04659949622166247,0.345088161209068,0.3035264483627204,0.021410579345088162,0.28337531486146095
Castleconnell,Limerick,1523,387,38,41,466,485,106,0.026920551543007223,0.30597504924491137,0.0695994747209455,0.3184504267892318,0.2541037426132633,0.02495075508864084,0.3328956007879186
Castleconor East,Sligo,98,30,1,0,32,33,2,0.0,0.32653061224489793,0.02040816326530612,0.336734693877551,0.30612244897959184,0.01020408163265306,0.32653061224489793
Castleconor West,Sligo,539,114,12,10,171,189,43,0.01855287569573284,0.3172541743970315,0.07977736549165121,0.35064935064935066,0.21150278293135436,0.022263450834879406,0.3358070500927644
Castlecooke,Cork County,113,40,3,1,31,35,3,0.008849557522123894,0.2743362831858407,0.02654867256637168,0.30973451327433627,0.35398230088495575,0.02654867256637168,0.2831858407079646
Castlecor,Cork County,219,63,8,5,70,59,14,0.0228310502283105,0.319634703196347,0.0639269406392694,0.2694063926940639,0.2876712328767123,0.0365296803652968,0.3424657534246575
Castlecove,Kerry,136,29,4,4,36,54,9,0.029411764705882353,0.2647058823529412,0.0661764705882353,0.39705882352941174,0.21323529411764705,0.029411764705882353,0.29411764705882354
Castlecrine,Clare,236,59,15,4,79,69,10,0.01694915254237288,0.3347457627118644,0.0423728813559322,0.2923728813559322,0.25,0.0635593220338983,0.3516949152542373
Castlecuffe,Laois,152,57,1,3,53,31,7,0.019736842105263157,0.34868421052631576,0.046052631578947366,0.20394736842105263,0.375,0.006578947368421052,0.3684210526315789
Castledaly,Westmeath,304,87,7,1,100,99,10,0.003289473684210526,0.32894736842105265,0.03289473684210526,0.3256578947368421,0.28618421052631576,0.023026315789473683,0.33223684210526316
Castledermot,Kildare,608,164,12,15,203,190,24,0.024671052631578948,0.3338815789473684,0.039473684210526314,0.3125,0.26973684210526316,0.019736842105263157,0.35855263157894735
Castledockrell,Wexford,201,57,3,3,62,71,5,0.014925373134328358,0.30845771144278605,0.024875621890547265,0.35323383084577115,0.2835820895522388,0.014925373134328358,0.32338308457711445
Castleffrench,Galway County,252,78,7,8,72,74,13,0.031746031746031744,0.2857142857142857,0.051587301587301584,0.29365079365079366,0.30952380952380953,0.027777777777777776,0.31746031746031744
Castlefinn,Donegal,258,70,12,3,96,64,13,0.011627906976744186,0.37209302325581395,0.050387596899224806,0.24806201550387597,0.2713178294573643,0.046511627906976744,0.38372093023255816
Castlefore,Leitrim,103,22,4,2,31,37,7,0.019417475728155338,0.30097087378640774,0.06796116504854369,0.3592233009708738,0.21359223300970873,0.038834951456310676,0.32038834951456313
Castleforward,Donegal,337,60,17,16,110,107,27,0.04747774480712166,0.3264094955489614,0.08011869436201781,0.31750741839762614,0.17804154302670624,0.050445103857566766,0.37388724035608306
Castlegannon,Kilkenny,64,15,2,1,22,20,4,0.015625,0.34375,0.0625,0.3125,0.234375,0.03125,0.359375
Castlegregory,Kerry,516,96,14,18,124,213,51,0.03488372093023256,0.24031007751937986,0.09883720930232558,0.4127906976744186,0.18604651162790697,0.027131782945736434,0.2751937984496124
Castlehaven North,Cork County,352,94,11,6,109,115,17,0.017045454545454544,0.3096590909090909,0.048295454545454544,0.32670454545454547,0.26704545454545453,0.03125,0.32670454545454547
Castlehaven South,Cork County,246,51,1,2,70,100,22,0.008130081300813009,0.2845528455284553,0.08943089430894309,0.4065040650406504,0.2073170731707317,0.0040650406504065045,0.2926829268292683
Castleisland,Kerry,1376,317,26,28,373,554,78,0.020348837209302327,0.2710755813953488,0.056686046511627904,0.40261627906976744,0.23037790697674418,0.0188953488372093,0.2914244186046512
Castlejordan,Meath,137,40,2,1,39,48,7,0.0072992700729927005,0.2846715328467153,0.051094890510948905,0.35036496350364965,0.291970802919708,0.014598540145985401,0.291970802919708
Castlekeeran,Meath,188,48,2,1,66,54,17,0.005319148936170213,0.35106382978723405,0.09042553191489362,0.2872340425531915,0.2553191489361702,0.010638297872340425,0.35638297872340424
Castleknock-Knockmaroon,Fingal,8963,2403,170,241,2678,2907,564,0.02688831864331139,0.2987838893227714,0.06292535981256275,0.3243333705232623,0.26810219792480194,0.018966863773290193,0.32567220796608276
Castleknock-Park,Fingal,2760,810,42,71,680,989,168,0.02572463768115942,0.2463768115942029,0.06086956521739131,0.35833333333333334,0.29347826086956524,0.015217391304347827,0.27210144927536234
Castlelost,Westmeath,597,183,26,8,172,184,24,0.01340033500837521,0.288107202680067,0.04020100502512563,0.3082077051926298,0.3065326633165829,0.04355108877721943,0.3015075376884422
Castlelyons,Cork County,519,112,17,15,166,167,42,0.028901734104046242,0.3198458574181118,0.08092485549132948,0.3217726396917148,0.21579961464354527,0.03275529865125241,0.348747591522158
Castlemagner,Cork County,286,75,4,5,99,93,10,0.017482517482517484,0.34615384615384615,0.03496503496503497,0.32517482517482516,0.26223776223776224,0.013986013986013986,0.36363636363636365
Castlemartyr,Cork County,458,102,8,17,150,148,33,0.03711790393013101,0.32751091703056767,0.07205240174672489,0.3231441048034934,0.22270742358078602,0.017467248908296942,0.3646288209606987
Castleplunket,Roscommon,196,37,3,7,62,75,12,0.03571428571428571,0.3163265306122449,0.061224489795918366,0.3826530612244898,0.18877551020408162,0.015306122448979591,0.3520408163265306
Castlequin,Kerry,269,54,7,15,71,103,19,0.055762081784386616,0.26394052044609667,0.07063197026022305,0.3828996282527881,0.20074349442379183,0.026022304832713755,0.31970260223048325
Castlerahan,Cavan,312,74,6,6,97,107,22,0.019230769230769232,0.3108974358974359,0.07051282051282051,0.34294871794871795,0.23717948717948717,0.019230769230769232,0.3301282051282051
Castlereagh,Roscommon,932,243,20,22,233,348,66,0.023605150214592276,0.25,0.07081545064377683,0.37339055793991416,0.2607296137339056,0.02145922746781116,0.27360515021459225
Castlerichard,Waterford,232,61,3,3,70,87,8,0.01293103448275862,0.3017241379310345,0.034482758620689655,0.375,0.2629310344827586,0.01293103448275862,0.3146551724137931
Castlerickard,Meath,802,171,21,17,325,223,45,0.02119700748129676,0.40523690773067333,0.05610972568578554,0.27805486284289277,0.21321695760598502,0.026184538653366583,0.42643391521197005
Castlering,Louth,428,112,8,14,149,124,21,0.03271028037383177,0.34813084112149534,0.04906542056074766,0.2897196261682243,0.2616822429906542,0.018691588785046728,0.3808411214953271
Castlesampson,Roscommon,186,61,7,0,56,56,6,0.0,0.3010752688172043,0.03225806451612903,0.3010752688172043,0.3279569892473118,0.03763440860215054,0.3010752688172043
Castlesaunderson,Cavan,128,27,8,1,51,33,8,0.0078125,0.3984375,0.0625,0.2578125,0.2109375,0.0625,0.40625
Castleshane,Monaghan,453,118,9,17,177,99,33,0.037527593818984545,0.39072847682119205,0.0728476821192053,0.2185430463576159,0.26048565121412803,0.019867549668874173,0.4282560706401766
Castletaylor,Galway County,341,86,12,8,99,115,21,0.02346041055718475,0.2903225806451613,0.06158357771260997,0.33724340175953077,0.25219941348973607,0.03519061583577713,0.31378299120234604
Castleteheen,Roscommon,110,34,5,1,31,30,9,0.00909090909090909,0.2818181818181818,0.08181818181818182,0.2727272727272727,0.3090909090909091,0.045454545454545456,0.2909090909090909
Castletown,Clare,40,7,2,0,11,18,2,0.0,0.275,0.05,0.45,0.175,0.05,0.275
Castletown,Cork County,223,56,8,9,70,66,14,0.04035874439461883,0.31390134529147984,0.06278026905829596,0.29596412556053814,0.25112107623318386,0.03587443946188341,0.3542600896860987
Castletown,Laois,360,107,11,11,100,112,19,0.030555555555555555,0.2777777777777778,0.05277777777777778,0.3111111111111111,0.2972222222222222,0.030555555555555555,0.30833333333333335
Castletown,"Limerick, 127042",176,49,4,1,42,75,5,0.005681818181818182,0.23863636363636365,0.028409090909090908,0.42613636363636365,0.2784090909090909,0.022727272727272728,0.24431818181818182
Castletown,"Limerick, 127043",230,75,5,6,62,65,17,0.02608695652173913,0.26956521739130435,0.07391304347826087,0.2826086956521739,0.32608695652173914,0.021739130434782608,0.2956521739130435
Castletown,Meath,342,89,1,10,137,90,15,0.029239766081871343,0.40058479532163743,0.043859649122807015,0.2631578947368421,0.260233918128655,0.0029239766081871343,0.4298245614035088
Castletown,Tipperary,664,173,12,16,201,228,34,0.024096385542168676,0.30271084337349397,0.05120481927710843,0.3433734939759036,0.2605421686746988,0.018072289156626505,0.32680722891566266
Castletown,Westmeath,332,94,12,3,105,106,12,0.009036144578313253,0.31626506024096385,0.03614457831325301,0.3192771084337349,0.28313253012048195,0.03614457831325301,0.3253012048192771
Castletown (North),Louth,887,235,30,14,273,287,48,0.015783540022547914,0.30777903043968435,0.05411499436302142,0.32356257046223225,0.2649379932356257,0.033821871476888386,0.32356257046223225
Castletown (South),Louth,349,92,9,4,121,106,17,0.011461318051575931,0.3467048710601719,0.04871060171919771,0.3037249283667622,0.2636103151862464,0.025787965616045846,0.35816618911174786
Castletownroche,Cork County,307,80,9,3,88,111,16,0.009771986970684038,0.28664495114006516,0.05211726384364821,0.36156351791530944,0.26058631921824105,0.029315960912052116,0.2964169381107492
Castleventry,Cork County,114,30,3,2,25,46,8,0.017543859649122806,0.21929824561403508,0.07017543859649122,0.40350877192982454,0.2631578947368421,0.02631578947368421,0.23684210526315788
Castlewray,Donegal,1594,363,34,100,451,537,109,0.06273525721455459,0.28293601003764113,0.06838143036386449,0.3368883312421581,0.22772898368883313,0.02132998745294856,0.3456712672521957
Cathair Dónall,Ciarraí,154,31,6,5,26,73,13,0.032467532467532464,0.16883116883116883,0.08441558441558442,0.474025974025974,0.2012987012987013,0.03896103896103896,0.2012987012987013
Cattan,Leitrim,116,31,3,0,41,37,4,0.0,0.35344827586206895,0.034482758620689655,0.31896551724137934,0.2672413793103448,0.02586206896551724,0.35344827586206895
Causeway,Kerry,198,48,1,6,44,94,5,0.030303030303030304,0.2222222222222222,0.025252525252525252,0.47474747474747475,0.24242424242424243,0.005050505050505051,0.25252525252525254
Cavan Rural,Cavan,2795,609,64,66,1075,833,148,0.023613595706618962,0.38461538461538464,0.05295169946332737,0.2980322003577818,0.2178890876565295,0.02289803220035778,0.40822898032200355
Cavan Urban,Cavan,848,214,36,18,267,261,52,0.02122641509433962,0.31485849056603776,0.06132075471698113,0.30778301886792453,0.25235849056603776,0.04245283018867924,0.33608490566037735
Cavangarden,Donegal,135,31,2,0,65,33,4,0.0,0.48148148148148145,0.02962962962962963,0.24444444444444444,0.22962962962962963,0.014814814814814815,0.48148148148148145
Ceanannas Mór Rural,Meath,1636,421,43,38,541,503,90,0.023227383863080684,0.3306845965770171,0.0550122249388753,0.30745721271393645,0.25733496332518335,0.02628361858190709,0.3539119804400978
Ceanannas Mór Urban,Meath,563,147,23,16,155,194,28,0.028419182948490232,0.2753108348134991,0.0497335701598579,0.34458259325044405,0.261101243339254,0.04085257548845471,0.3037300177619893
Ceann Droma,Corcaigh,228,13,3,51,55,82,24,0.2236842105263158,0.2412280701754386,0.10526315789473684,0.35964912280701755,0.05701754385964912,0.013157894736842105,0.4649122807017544
Ceann Trá,Ciarraí,294,7,12,119,55,58,43,0.40476190476190477,0.1870748299319728,0.14625850340136054,0.19727891156462585,0.023809523809523808,0.04081632653061224,0.5918367346938775
Ceathrú an Bhrúnaigh,Gaillimh,528,94,12,40,139,187,56,0.07575757575757576,0.26325757575757575,0.10606060606060606,0.3541666666666667,0.17803030303030304,0.022727272727272728,0.3390151515151515
Celbridge,Kildare,6295,1722,128,201,1835,2070,339,0.03193010325655282,0.2915011914217633,0.05385226370135028,0.3288324066719619,0.27355043685464653,0.020333598093725178,0.3234312946783161
Centre A,Cork City,160,46,7,6,14,80,7,0.0375,0.0875,0.04375,0.5,0.2875,0.04375,0.125
Centre A,Waterford,148,44,15,6,27,49,7,0.04054054054054054,0.18243243243243243,0.0472972972972973,0.3310810810810811,0.2972972972972973,0.10135135135135136,0.22297297297297297
Centre B,Cork City,396,113,13,10,69,165,26,0.025252525252525252,0.17424242424242425,0.06565656565656566,0.4166666666666667,0.28535353535353536,0.03282828282828283,0.1994949494949495
Centre B,Waterford,73,25,5,1,13,25,4,0.0136986301369863,0.1780821917808219,0.0547945205479452,0.3424657534246575,0.3424657534246575,0.0684931506849315,0.1917808219178082
Chapelizod,Dublin City,1074,310,54,30,242,381,57,0.027932960893854747,0.22532588454376165,0.05307262569832402,0.3547486033519553,0.2886405959031657,0.05027932960893855,0.2532588454376164
Cherry Orchard A,Dublin City,526,121,42,12,177,136,38,0.022813688212927757,0.3365019011406844,0.07224334600760456,0.2585551330798479,0.2300380228136882,0.07984790874524715,0.3593155893536122
Cherry Orchard C,Dublin City,855,126,39,19,371,244,56,0.022222222222222223,0.43391812865497076,0.06549707602339182,0.28538011695906434,0.14736842105263157,0.0456140350877193,0.45614035087719296
Church Hill,Monaghan,252,62,3,11,89,72,15,0.04365079365079365,0.3531746031746032,0.05952380952380952,0.2857142857142857,0.24603174603174602,0.011904761904761904,0.3968253968253968
Churchfield,Cork City,333,90,10,9,86,114,24,0.02702702702702703,0.25825825825825827,0.07207207207207207,0.34234234234234234,0.2702702702702703,0.03003003003003003,0.2852852852852853
Churchtown,Cork County,438,110,14,7,138,146,23,0.01598173515981735,0.3150684931506849,0.05251141552511415,0.3333333333333333,0.2511415525114155,0.0319634703196347,0.3310502283105023
Churchtown,Kerry,177,50,3,4,51,65,4,0.022598870056497175,0.288135593220339,0.022598870056497175,0.3672316384180791,0.2824858757062147,0.01694915254237288,0.3107344632768362
Churchtown,Kildare,228,42,13,4,63,91,15,0.017543859649122806,0.27631578947368424,0.06578947368421052,0.3991228070175439,0.18421052631578946,0.05701754385964912,0.29385964912280704
Churchtown,Westmeath,149,40,3,0,59,39,8,0.0,0.3959731543624161,0.053691275167785234,0.26174496644295303,0.2684563758389262,0.020134228187919462,0.3959731543624161
Churchtown-Castle,Dún Laoghaire-Rathdown,739,215,13,32,194,235,50,0.04330175913396482,0.2625169147496617,0.06765899864682003,0.31799729364005414,0.29093369418132614,0.017591339648173207,0.30581867388362655
Churchtown-Landscape,Dún Laoghaire-Rathdown,760,236,17,12,203,223,69,0.015789473684210527,0.26710526315789473,0.09078947368421053,0.29342105263157897,0.3105263157894737,0.02236842105263158,0.28289473684210525
Churchtown-Nutgrove,Dún Laoghaire-Rathdown,1118,320,32,40,286,365,75,0.03577817531305903,0.2558139534883721,0.06708407871198568,0.32647584973166366,0.28622540250447226,0.028622540250447227,0.29159212880143115
Churchtown-Orwell,Dún Laoghaire-Rathdown,1007,247,13,42,233,379,93,0.041708043694141016,0.2313803376365442,0.09235352532274081,0.37636544190665344,0.24528301886792453,0.012909632571996028,0.2730883813306852
Churchtown-Woodlawn,Dún Laoghaire-Rathdown,746,220,11,26,167,252,70,0.03485254691689008,0.22386058981233245,0.0938337801608579,0.3378016085790885,0.2949061662198391,0.014745308310991957,0.2587131367292225
Cill Aithnín,Gaillimh,908,15,32,587,139,77,58,0.6464757709251101,0.15308370044052863,0.06387665198237885,0.08480176211453745,0.016519823788546256,0.03524229074889868,0.7995594713656388
Cill Bhríde,An Mhí,299,49,7,49,90,84,20,0.16387959866220736,0.3010033444816054,0.06688963210702341,0.2809364548494983,0.16387959866220736,0.023411371237458192,0.46488294314381273
Cill Charthaigh,Dún na nGall,462,47,14,62,94,178,67,0.1341991341991342,0.20346320346320346,0.14502164502164502,0.3852813852813853,0.10173160173160173,0.030303030303030304,0.33766233766233766
Cill Chuimín,"Gaillimh, 067121",110,4,7,37,30,19,13,0.33636363636363636,0.2727272727272727,0.11818181818181818,0.17272727272727273,0.03636363636363636,0.06363636363636363,0.6090909090909091
Cill Chuimín,"Gaillimh, 067122",1150,7,47,779,196,58,63,0.6773913043478261,0.17043478260869566,0.05478260869565217,0.050434782608695654,0.00608695652173913,0.0408695652173913,0.8478260869565217
Cill Chuáin,Ciarraí,354,4,4,257,43,20,26,0.7259887005649718,0.12146892655367232,0.07344632768361582,0.05649717514124294,0.011299435028248588,0.011299435028248588,0.847457627118644
Cill Ghabhlaigh,Dún na nGall,264,20,8,57,59,88,32,0.2159090909090909,0.22348484848484848,0.12121212121212122,0.3333333333333333,0.07575757575757576,0.030303030303030304,0.4393939393939394
Cill Maoilchéadair,Ciarraí,406,3,17,235,58,47,46,0.5788177339901478,0.14285714285714285,0.11330049261083744,0.11576354679802955,0.007389162561576354,0.04187192118226601,0.7216748768472906
Cill na Martra,Corcaigh,450,58,5,44,137,152,54,0.09777777777777778,0.30444444444444446,0.12,0.3377777777777778,0.1288888888888889,0.011111111111111112,0.4022222222222222
Cinn Aird,Ciarraí,247,5,4,66,47,91,34,0.26720647773279355,0.1902834008097166,0.13765182186234817,0.3684210526315789,0.020242914979757085,0.016194331983805668,0.4574898785425101
City Hall A,Cork City,315,104,11,7,25,147,21,0.022222222222222223,0.07936507936507936,0.06666666666666667,0.4666666666666667,0.33015873015873015,0.03492063492063492,0.10158730158730159
City Hall B,Cork City,441,162,3,11,61,191,13,0.024943310657596373,0.1383219954648526,0.02947845804988662,0.4331065759637188,0.3673469387755102,0.006802721088435374,0.16326530612244897
Claddagh,Galway City,1181,250,24,76,184,542,105,0.06435224386113463,0.15580016934801016,0.08890770533446232,0.45893310753598643,0.21168501270110077,0.02032176121930567,0.2201524132091448
Clane,Kildare,3495,942,85,65,1158,1060,185,0.01859799713876967,0.3313304721030043,0.05293276108726753,0.3032904148783977,0.26952789699570817,0.024320457796852647,0.34992846924177395
Claonráth,Corcaigh,151,7,2,50,29,40,23,0.33112582781456956,0.19205298013245034,0.152317880794702,0.26490066225165565,0.046357615894039736,0.013245033112582781,0.5231788079470199
Clara,Kilkenny,332,85,3,10,92,123,19,0.030120481927710843,0.27710843373493976,0.0572289156626506,0.3704819277108434,0.2560240963855422,0.009036144578313253,0.3072289156626506
Clara,Offaly,1242,379,35,17,392,364,55,0.013687600644122383,0.31561996779388085,0.04428341384863124,0.29307568438003223,0.30515297906602257,0.02818035426731079,0.32930756843800324
Clare Island,Mayo,58,6,1,4,18,25,4,0.06896551724137931,0.3103448275862069,0.06896551724137931,0.43103448275862066,0.10344827586206896,0.017241379310344827,0.3793103448275862
Clareabbey,Clare,1568,408,39,43,425,571,82,0.0274234693877551,0.2710459183673469,0.05229591836734694,0.36415816326530615,0.2602040816326531,0.024872448979591837,0.29846938775510207
Claremorris,Mayo,1801,432,39,52,509,640,129,0.028872848417545807,0.28262076624097726,0.07162687395891172,0.3553581343697946,0.23986674069961134,0.021654636313159357,0.31149361465852304
Claretuam,Galway County,538,110,10,14,166,206,32,0.026022304832713755,0.30855018587360594,0.05947955390334572,0.3828996282527881,0.20446096654275092,0.01858736059479554,0.3345724907063197
Clarina,Limerick,921,238,14,13,290,313,53,0.014115092290988056,0.31487513572204123,0.05754614549402823,0.33984799131378934,0.25841476655808904,0.01520086862106406,0.3289902280130293
Clarinbridge,Galway County,2113,454,46,96,600,756,161,0.04543303360151443,0.28395646000946523,0.07619498343587316,0.35778513961192615,0.21486038807382868,0.021769995267392334,0.32938949361097963
Clash,Laois,136,30,5,1,49,46,5,0.007352941176470588,0.3602941176470588,0.03676470588235294,0.3382352941176471,0.22058823529411764,0.03676470588235294,0.36764705882352944
Clashmore,Waterford,188,51,4,15,35,70,13,0.0797872340425532,0.18617021276595744,0.06914893617021277,0.3723404255319149,0.2712765957446808,0.02127659574468085,0.26595744680851063
Cleaboy,Waterford,923,242,41,22,255,320,43,0.023835319609967497,0.27627302275189597,0.04658721560130011,0.3466955579631636,0.26218851570964247,0.044420368364030335,0.3001083423618635
Cleanglass,Limerick,116,37,1,4,31,42,1,0.034482758620689655,0.2672413793103448,0.008620689655172414,0.3620689655172414,0.31896551724137934,0.008620689655172414,0.3017241379310345
Cleggan,Galway County,77,10,5,3,18,34,7,0.03896103896103896,0.23376623376623376,0.09090909090909091,0.44155844155844154,0.12987012987012986,0.06493506493506493,0.2727272727272727
Clenagh,Clare,3739,1045,99,71,1128,1220,176,0.018989034501203532,0.3016849424979941,0.04707140946777213,0.3262904519925114,0.27948649371489703,0.026477667825621824,0.32067397699919764
Clenor,Cork County,172,54,1,1,48,53,15,0.005813953488372093,0.27906976744186046,0.0872093023255814,0.3081395348837209,0.313953488372093,0.005813953488372093,0.28488372093023256
Clifden,Galway County,635,133,19,25,154,241,63,0.03937007874015748,0.24251968503937008,0.09921259842519685,0.3795275590551181,0.2094488188976378,0.029921259842519685,0.28188976377952757
Cliff,Donegal,91,27,1,2,33,25,3,0.02197802197802198,0.3626373626373626,0.03296703296703297,0.27472527472527475,0.2967032967032967,0.01098901098901099,0.38461538461538464
Cliffony North,Sligo,398,118,8,2,89,156,25,0.005025125628140704,0.2236180904522613,0.06281407035175879,0.39195979899497485,0.2964824120603015,0.020100502512562814,0.228643216080402
Cliffony South,Sligo,197,59,3,9,39,76,11,0.04568527918781726,0.19796954314720813,0.05583756345177665,0.38578680203045684,0.29949238578680204,0.015228426395939087,0.2436548223350254
Cloch na Rón,Gaillimh,152,32,6,6,30,63,15,0.039473684210526314,0.19736842105263158,0.09868421052631579,0.4144736842105263,0.21052631578947367,0.039473684210526314,0.23684210526315788
Clogh,Kilkenny,510,151,13,4,133,182,27,0.00784313725490196,0.2607843137254902,0.052941176470588235,0.3568627450980392,0.296078431372549,0.025490196078431372,0.26862745098039215
Cloghan,Offaly,304,82,4,5,95,100,18,0.01644736842105263,0.3125,0.05921052631578947,0.32894736842105265,0.26973684210526316,0.013157894736842105,0.32894736842105265
Cloghan,Westmeath,186,57,11,2,56,50,10,0.010752688172043012,0.3010752688172043,0.053763440860215055,0.26881720430107525,0.3064516129032258,0.05913978494623656,0.3118279569892473
Cloghard,Donegal,141,33,7,1,53,46,1,0.0070921985815602835,0.375886524822695,0.0070921985815602835,0.3262411347517731,0.23404255319148937,0.04964539007092199,0.3829787234042553
Clogharinka,Kilkenny,123,30,6,0,41,34,12,0.0,0.3333333333333333,0.0975609756097561,0.2764227642276423,0.24390243902439024,0.04878048780487805,0.3333333333333333
Cloghaun,Clare,84,20,1,1,23,31,8,0.011904761904761904,0.27380952380952384,0.09523809523809523,0.36904761904761907,0.23809523809523808,0.011904761904761904,0.2857142857142857
Cloghbrack,Meath,159,49,9,7,37,47,10,0.0440251572327044,0.23270440251572327,0.06289308176100629,0.29559748427672955,0.3081761006289308,0.05660377358490566,0.27672955974842767
Cloghdonnell,Cork County,148,53,4,1,29,51,10,0.006756756756756757,0.19594594594594594,0.06756756756756757,0.34459459459459457,0.3581081081081081,0.02702702702702703,0.20270270270270271
Clogheen,Tipperary,324,104,19,2,90,95,14,0.006172839506172839,0.2777777777777778,0.043209876543209874,0.2932098765432099,0.32098765432098764,0.05864197530864197,0.2839506172839506
Clogher,Donegal,446,116,7,22,123,135,43,0.04932735426008968,0.2757847533632287,0.09641255605381166,0.30269058295964124,0.2600896860986547,0.01569506726457399,0.3251121076233184
Clogher,Louth,1222,346,34,27,455,306,54,0.0220949263502455,0.3723404255319149,0.044189852700491,0.25040916530278234,0.28314238952536824,0.027823240589198037,0.3944353518821604
Clogher,"Mayo, 157052",273,63,4,6,86,98,16,0.02197802197802198,0.315018315018315,0.05860805860805861,0.358974358974359,0.23076923076923078,0.014652014652014652,0.336996336996337
Clogher,"Mayo, 157053",404,93,7,21,109,145,29,0.05198019801980198,0.2698019801980198,0.07178217821782178,0.3589108910891089,0.2301980198019802,0.017326732673267328,0.3217821782178218
Clogher,Tipperary,112,32,4,1,39,36,0,0.008928571428571428,0.3482142857142857,0.0,0.32142857142857145,0.2857142857142857,0.03571428571428571,0.35714285714285715
Cloghera,Clare,321,83,9,8,102,99,20,0.024922118380062305,0.3177570093457944,0.06230529595015576,0.308411214953271,0.2585669781931464,0.028037383177570093,0.3426791277258567
Clogherbrien,Kerry,794,215,15,29,203,288,44,0.036523929471032744,0.25566750629722923,0.055415617128463476,0.36272040302267,0.2707808564231738,0.018891687657430732,0.29219143576826195
Cloghermore,Mayo,91,23,1,0,30,31,6,0.0,0.32967032967032966,0.06593406593406594,0.34065934065934067,0.25274725274725274,0.01098901098901099,0.32967032967032966
Cloghjordan,Tipperary,499,95,14,18,162,177,33,0.036072144288577156,0.3246492985971944,0.06613226452905811,0.35470941883767537,0.1903807615230461,0.028056112224448898,0.36072144288577157
Cloghprior,Tipperary,169,33,5,4,45,62,20,0.023668639053254437,0.26627218934911245,0.11834319526627218,0.3668639053254438,0.1952662721893491,0.029585798816568046,0.28994082840236685
Clogrenan,Carlow,418,99,16,8,137,132,26,0.019138755980861243,0.3277511961722488,0.06220095693779904,0.3157894736842105,0.23684210526315788,0.03827751196172249,0.34688995215311
Clohaskin,Tipperary,82,23,3,2,20,28,6,0.024390243902439025,0.24390243902439024,0.07317073170731707,0.34146341463414637,0.2804878048780488,0.036585365853658534,0.2682926829268293
Clomantagh,Kilkenny,163,46,1,3,58,47,8,0.018404907975460124,0.3558282208588957,0.049079754601226995,0.2883435582822086,0.2822085889570552,0.006134969325153374,0.37423312883435583
Clonakilty Rural,Cork County,1076,273,17,42,332,344,68,0.03903345724907063,0.30855018587360594,0.06319702602230483,0.31970260223048325,0.2537174721189591,0.015799256505576207,0.3475836431226766
Clonakilty Urban,Cork County,1751,417,46,57,521,594,116,0.03255282695602513,0.29754426042261567,0.06624785836664764,0.33923472301541974,0.23814962878355225,0.026270702455739578,0.3300970873786408
Clonarney,Westmeath,200,56,7,6,65,55,11,0.03,0.325,0.055,0.275,0.28,0.035,0.355
Clonaslee,Laois,332,102,11,6,92,109,12,0.018072289156626505,0.27710843373493976,0.03614457831325301,0.32831325301204817,0.3072289156626506,0.03313253012048193,0.29518072289156627
Clonbeg,Tipperary,400,98,7,7,119,144,25,0.0175,0.2975,0.0625,0.36,0.245,0.0175,0.315
Clonbern,Galway County,158,41,1,4,40,68,4,0.02531645569620253,0.25316455696202533,0.02531645569620253,0.43037974683544306,0.25949367088607594,0.006329113924050633,0.27848101265822783
Clonbrock,Galway County,282,70,6,2,79,105,20,0.0070921985815602835,0.2801418439716312,0.07092198581560284,0.3723404255319149,0.24822695035460993,0.02127659574468085,0.2872340425531915
Clonbulloge,Offaly,239,52,9,4,79,89,6,0.016736401673640166,0.3305439330543933,0.02510460251046025,0.3723849372384937,0.2175732217573222,0.03765690376569038,0.3472803347280335
Cloncagh,Limerick,172,36,4,4,69,52,7,0.023255813953488372,0.4011627906976744,0.040697674418604654,0.3023255813953488,0.20930232558139536,0.023255813953488372,0.42441860465116277
Cloncurry,"Kildare, 087026",800,206,10,25,245,265,49,0.03125,0.30625,0.06125,0.33125,0.2575,0.0125,0.3375
Cloncurry,"Kildare, 087027",193,55,10,1,60,53,14,0.0051813471502590676,0.31088082901554404,0.07253886010362694,0.27461139896373055,0.2849740932642487,0.05181347150259067,0.3160621761658031
Clondagad,Clare,357,80,6,7,125,114,25,0.0196078431372549,0.35014005602240894,0.0700280112044818,0.31932773109243695,0.22408963585434175,0.01680672268907563,0.3697478991596639
Clondalkin Village,South Dublin,2961,651,68,160,963,885,234,0.05403579871664978,0.3252279635258359,0.0790273556231003,0.2988855116514691,0.2198581560283688,0.022965214454576156,0.37926376224248565
Clondalkin-Ballymount,South Dublin,545,158,18,14,157,160,38,0.025688073394495414,0.28807339449541286,0.06972477064220184,0.29357798165137616,0.28990825688073396,0.03302752293577982,0.3137614678899083
Clondalkin-Cappaghmore,South Dublin,584,110,21,15,212,191,35,0.025684931506849314,0.363013698630137,0.059931506849315065,0.3270547945205479,0.18835616438356165,0.03595890410958904,0.3886986301369863
Clondalkin-Dunawley,South Dublin,2806,585,101,75,1049,827,169,0.026728439059158945,0.37384176764076976,0.06022808267997149,0.2947255880256593,0.20848182466143977,0.03599429793300071,0.4005702066999287
Clondalkin-Monastery,South Dublin,3463,715,121,260,1051,1073,243,0.07507941091539128,0.3034940802772163,0.07017037250938493,0.30984695350851865,0.206468380017326,0.03494080277216286,0.3785734911926076
Clondalkin-Moorfield,South Dublin,1430,299,50,38,522,450,71,0.026573426573426574,0.365034965034965,0.04965034965034965,0.3146853146853147,0.20909090909090908,0.03496503496503497,0.3916083916083916
Clondalkin-Rowlagh,South Dublin,695,155,37,21,253,194,35,0.030215827338129497,0.3640287769784173,0.050359712230215826,0.27913669064748203,0.22302158273381295,0.053237410071942444,0.3942446043165468
Clondarrig,Laois,912,200,15,17,415,230,35,0.01864035087719298,0.4550438596491228,0.03837719298245614,0.25219298245614036,0.21929824561403508,0.01644736842105263,0.47368421052631576
Clondrohid,Cork County,442,89,11,17,116,184,25,0.038461538461538464,0.26244343891402716,0.05656108597285068,0.416289592760181,0.20135746606334842,0.024886877828054297,0.3009049773755656
Clonea,"Waterford, 227023",161,42,4,4,48,58,5,0.024844720496894408,0.2981366459627329,0.031055900621118012,0.36024844720496896,0.2608695652173913,0.024844720496894408,0.32298136645962733
Clonea,"Waterford, 227024",1233,304,16,54,379,395,85,0.043795620437956206,0.3073803730738037,0.0689375506893755,0.32035685320356855,0.24655312246553124,0.012976480129764802,0.35117599351175993
Cloneen,Tipperary,198,52,3,1,75,59,8,0.005050505050505051,0.3787878787878788,0.04040404040404041,0.29797979797979796,0.26262626262626265,0.015151515151515152,0.3838383838383838
Clonegall,Carlow,411,103,10,7,147,133,11,0.0170316301703163,0.35766423357664234,0.0267639902676399,0.3236009732360097,0.25060827250608275,0.024330900243309004,0.3746958637469586
Clonervy,Cavan,370,91,5,7,135,115,17,0.01891891891891892,0.36486486486486486,0.04594594594594595,0.3108108108108108,0.24594594594594596,0.013513513513513514,0.3837837837837838
Clones,Monaghan,204,61,8,7,61,57,10,0.03431372549019608,0.29901960784313725,0.049019607843137254,0.27941176470588236,0.29901960784313725,0.0392156862745098,0.3333333333333333
Clones Rural,Monaghan,577,129,11,14,216,175,32,0.024263431542461005,0.37435008665511266,0.05545927209705372,0.30329289428076256,0.22357019064124783,0.019064124783362217,0.3986135181975737
Clones Urban,Monaghan,265,45,11,10,98,85,16,0.03773584905660377,0.36981132075471695,0.06037735849056604,0.32075471698113206,0.16981132075471697,0.04150943396226415,0.4075471698113208
Clonfad,Westmeath,267,76,3,4,65,104,15,0.0149812734082397,0.24344569288389514,0.056179775280898875,0.3895131086142322,0.2846441947565543,0.011235955056179775,0.25842696629213485
Clonfert,Galway County,152,51,3,0,37,48,13,0.0,0.24342105263157895,0.08552631578947369,0.3157894736842105,0.3355263157894737,0.019736842105263157,0.24342105263157895
Clonfert East,Cork County,161,52,2,3,49,45,10,0.018633540372670808,0.30434782608695654,0.062111801242236024,0.2795031055900621,0.32298136645962733,0.012422360248447204,0.32298136645962733
Clonfert West,Cork County,47,9,5,0,12,19,2,0.0,0.2553191489361702,0.0425531914893617,0.40425531914893614,0.19148936170212766,0.10638297872340426,0.2553191489361702
Clongeen,Wexford,313,92,10,5,88,104,14,0.01597444089456869,0.28115015974440893,0.04472843450479233,0.33226837060702874,0.2939297124600639,0.03194888178913738,0.2971246006389776
Clonin,Laois,98,20,4,2,25,38,9,0.02040816326530612,0.25510204081632654,0.09183673469387756,0.3877551020408163,0.20408163265306123,0.04081632653061224,0.2755102040816326
Clonkeen,Laois,327,96,8,16,85,94,28,0.04892966360856269,0.2599388379204893,0.0856269113149847,0.2874617737003058,0.29357798165137616,0.024464831804281346,0.308868501529052
Clonkeen,Limerick,419,105,12,14,145,125,18,0.03341288782816229,0.3460620525059666,0.04295942720763723,0.29832935560859186,0.25059665871121717,0.028639618138424822,0.3794749403341289
Clonkeen,Louth,273,67,6,2,104,77,17,0.007326007326007326,0.38095238095238093,0.06227106227106227,0.28205128205128205,0.2454212454212454,0.02197802197802198,0.3882783882783883
Clonleigh,Wexford,182,57,6,2,64,43,10,0.01098901098901099,0.3516483516483517,0.054945054945054944,0.23626373626373626,0.3131868131868132,0.03296703296703297,0.3626373626373626
Clonleigh North,Donegal,254,81,13,4,67,70,19,0.015748031496062992,0.2637795275590551,0.07480314960629922,0.2755905511811024,0.3188976377952756,0.051181102362204724,0.2795275590551181
Clonleigh South,Donegal,404,73,14,21,135,125,36,0.05198019801980198,0.3341584158415842,0.0891089108910891,0.3094059405940594,0.1806930693069307,0.034653465346534656,0.38613861386138615
Clonlost,Westmeath,195,48,2,3,58,71,13,0.015384615384615385,0.29743589743589743,0.06666666666666667,0.3641025641025641,0.24615384615384617,0.010256410256410256,0.3128205128205128
Clonmacduff,Meath,222,45,10,13,65,75,14,0.05855855855855856,0.2927927927927928,0.06306306306306306,0.33783783783783783,0.20270270270270271,0.04504504504504504,0.35135135135135137
Clonmacnoise,Offaly,129,30,3,1,47,43,5,0.007751937984496124,0.3643410852713178,0.03875968992248062,0.3333333333333333,0.23255813953488372,0.023255813953488372,0.37209302325581395
Clonmeen,Cork County,128,30,5,4,42,40,7,0.03125,0.328125,0.0546875,0.3125,0.234375,0.0390625,0.359375
Clonmel East Urban,Tipperary,1425,396,31,33,372,517,76,0.023157894736842106,0.26105263157894737,0.05333333333333334,0.36280701754385963,0.27789473684210525,0.02175438596491228,0.28421052631578947
Clonmel Rural,Tipperary,2164,542,40,45,773,653,111,0.020794824399260628,0.3572088724584104,0.05129390018484288,0.30175600739371533,0.25046210720887246,0.018484288354898338,0.378003696857671
Clonmel West Urban,Tipperary,1695,524,52,28,391,602,98,0.016519174041297935,0.23067846607669618,0.05781710914454277,0.3551622418879056,0.30914454277286135,0.030678466076696165,0.2471976401179941
Clonmethan,Fingal,366,100,5,12,119,102,28,0.03278688524590164,0.3251366120218579,0.07650273224043716,0.2786885245901639,0.273224043715847,0.01366120218579235,0.35792349726775957
Clonmore,Carlow,213,58,4,2,57,77,15,0.009389671361502348,0.2676056338028169,0.07042253521126761,0.3615023474178404,0.27230046948356806,0.018779342723004695,0.27699530516431925
Clonmore,Laois,76,25,0,1,23,23,4,0.013157894736842105,0.3026315789473684,0.05263157894736842,0.3026315789473684,0.32894736842105265,0.0,0.3157894736842105
Clonmore,Offaly,183,54,8,4,60,40,17,0.02185792349726776,0.32786885245901637,0.09289617486338798,0.2185792349726776,0.29508196721311475,0.04371584699453552,0.34972677595628415
Clonmoyle,Cork County,292,75,7,12,103,82,13,0.0410958904109589,0.3527397260273973,0.04452054794520548,0.2808219178082192,0.2568493150684932,0.023972602739726026,0.3938356164383562
Clonmult,Cork County,99,30,1,2,32,31,3,0.020202020202020204,0.32323232323232326,0.030303030303030304,0.31313131313131315,0.30303030303030304,0.010101010101010102,0.3434343434343434
Clonoulty East,Tipperary,217,59,9,8,53,77,11,0.03686635944700461,0.24423963133640553,0.05069124423963134,0.3548387096774194,0.271889400921659,0.041474654377880185,0.28110599078341014
Clonoulty West,Tipperary,293,96,5,2,101,76,13,0.006825938566552901,0.3447098976109215,0.04436860068259386,0.2593856655290102,0.32764505119453924,0.017064846416382253,0.3515358361774744
Clonpriest,Cork County,484,160,11,12,125,151,25,0.024793388429752067,0.25826446280991733,0.05165289256198347,0.3119834710743802,0.3305785123966942,0.022727272727272728,0.2830578512396694
Clonroche,Wexford,437,122,14,4,143,131,23,0.009153318077803204,0.32723112128146453,0.05263157894736842,0.2997711670480549,0.2791762013729977,0.032036613272311214,0.33638443935926776
Clonskeagh-Belfield,Dún Laoghaire-Rathdown,1383,399,22,54,114,676,118,0.039045553145336226,0.0824295010845987,0.08532176428054954,0.48879248011569054,0.2885032537960954,0.015907447577729574,0.12147505422993492
Clonskeagh-Farranboley,Dún Laoghaire-Rathdown,609,176,14,22,148,205,44,0.0361247947454844,0.24302134646962234,0.0722495894909688,0.3366174055829228,0.2889983579638752,0.022988505747126436,0.2791461412151067
Clonskeagh-Milltown,Dún Laoghaire-Rathdown,1044,328,11,35,218,388,64,0.033524904214559385,0.20881226053639848,0.06130268199233716,0.3716475095785441,0.31417624521072796,0.01053639846743295,0.24233716475095785
Clonskeagh-Roebuck,Dún Laoghaire-Rathdown,1422,431,37,41,311,514,88,0.028832630098452883,0.21870604781997188,0.06188466947960619,0.36146272855133615,0.3030942334739803,0.026019690576652602,0.24753867791842477
Clonskeagh-Windy Arbour,Dún Laoghaire-Rathdown,1249,347,32,57,256,485,72,0.045636509207365894,0.20496397117694154,0.057646116893514815,0.388310648518815,0.277822257806245,0.025620496397117692,0.25060048038430743
Clontarf East A,Dublin City,1559,380,40,74,410,534,121,0.04746632456703015,0.26298909557408595,0.07761385503527903,0.3425272610647851,0.24374599101988453,0.025657472738935216,0.3104554201411161
Clontarf East B,Dublin City,3540,959,60,129,843,1300,249,0.036440677966101696,0.23813559322033898,0.07033898305084746,0.3672316384180791,0.27090395480225987,0.01694915254237288,0.2745762711864407
Clontarf East C,Dublin City,1633,464,29,54,367,619,100,0.03306797305572566,0.224739742804654,0.0612369871402327,0.37905695039804044,0.28413962033067974,0.017758726270667484,0.25780771586037965
Clontarf East D,Dublin City,1466,408,25,37,367,531,98,0.0252387448840382,0.2503410641200546,0.06684856753069578,0.36221009549795363,0.2783083219645293,0.017053206002728513,0.2755798090040928
Clontarf East E,Dublin City,867,232,21,35,213,307,59,0.040369088811995385,0.24567474048442905,0.06805074971164937,0.35409457900807384,0.2675893886966551,0.02422145328719723,0.28604382929642447
Clontarf West A,Dublin City,1581,387,36,99,371,569,119,0.06261859582542695,0.2346616065781151,0.07526881720430108,0.35989879822896903,0.24478178368121442,0.022770398481973434,0.2972802024035421
Clontarf West B,Dublin City,682,220,15,25,144,218,60,0.036656891495601175,0.21114369501466276,0.08797653958944282,0.3196480938416422,0.3225806451612903,0.021994134897360705,0.24780058651026393
Clontarf West C,Dublin City,1606,453,36,45,336,630,106,0.028019925280199254,0.20921544209215442,0.0660024906600249,0.39227895392278955,0.2820672478206725,0.0224159402241594,0.23723536737235368
Clontarf West D,Dublin City,885,237,20,40,210,326,52,0.04519774011299435,0.23728813559322035,0.05875706214689266,0.36836158192090396,0.2677966101694915,0.022598870056497175,0.2824858757062147
Clontarf West E,Dublin City,1120,291,19,38,280,418,74,0.033928571428571426,0.25,0.06607142857142857,0.3732142857142857,0.2598214285714286,0.016964285714285713,0.2839285714285714
Clontibret,Monaghan,333,92,3,7,103,106,22,0.021021021021021023,0.30930930930930933,0.06606606606606606,0.3183183183183183,0.27627627627627627,0.009009009009009009,0.3303303303303303
Clontuskert,Galway County,82,23,0,0,15,35,9,0.0,0.18292682926829268,0.10975609756097561,0.4268292682926829,0.2804878048780488,0.0,0.18292682926829268
Clonygowan,Offaly,276,80,4,1,100,75,16,0.0036231884057971015,0.36231884057971014,0.057971014492753624,0.2717391304347826,0.2898550724637681,0.014492753623188406,0.36594202898550726
Cloonacool,Sligo,109,45,5,2,26,23,8,0.01834862385321101,0.23853211009174313,0.07339449541284404,0.21100917431192662,0.41284403669724773,0.045871559633027525,0.25688073394495414
Cloonadrum,Clare,256,47,7,8,60,112,22,0.03125,0.234375,0.0859375,0.4375,0.18359375,0.02734375,0.265625
Cloonanaha,Clare,144,34,3,2,35,63,7,0.013888888888888888,0.24305555555555555,0.04861111111111111,0.4375,0.2361111111111111,0.020833333333333332,0.2569444444444444
Cloonburren,Roscommon,103,29,4,2,25,37,6,0.019417475728155338,0.24271844660194175,0.05825242718446602,0.3592233009708738,0.2815533980582524,0.038834951456310676,0.2621359223300971
Cloonclare,Leitrim,36,8,1,0,10,15,2,0.0,0.2777777777777778,0.05555555555555555,0.4166666666666667,0.2222222222222222,0.027777777777777776,0.2777777777777778
Clooncoorha,Clare,189,36,5,1,72,64,11,0.005291005291005291,0.38095238095238093,0.0582010582010582,0.3386243386243386,0.19047619047619047,0.026455026455026454,0.3862433862433862
Cloondara,Longford,296,86,6,2,81,102,19,0.006756756756756757,0.27364864864864863,0.06418918918918919,0.34459459459459457,0.2905405405405405,0.02027027027027027,0.28040540540540543
Cloone,Leitrim,151,47,0,3,40,54,7,0.019867549668874173,0.26490066225165565,0.046357615894039736,0.3576158940397351,0.31125827814569534,0.0,0.2847682119205298
Cloonee,Longford,355,118,6,6,102,108,15,0.016901408450704224,0.28732394366197184,0.04225352112676056,0.30422535211267604,0.3323943661971831,0.016901408450704224,0.30422535211267604
Clooney,"Clare, 037034",111,30,2,3,28,46,2,0.02702702702702703,0.25225225225225223,0.018018018018018018,0.4144144144144144,0.2702702702702703,0.018018018018018018,0.27927927927927926
Clooney,"Clare, 037035",281,69,4,7,90,85,26,0.02491103202846975,0.3202846975088968,0.09252669039145907,0.302491103202847,0.24555160142348753,0.014234875444839857,0.34519572953736655
Cloonfinlough,Roscommon,67,11,3,0,24,28,1,0.0,0.3582089552238806,0.014925373134328358,0.417910447761194,0.16417910447761194,0.04477611940298507,0.3582089552238806
Cloonfower,Roscommon,114,34,8,0,24,40,8,0.0,0.21052631578947367,0.07017543859649122,0.3508771929824561,0.2982456140350877,0.07017543859649122,0.21052631578947367
Cloonkeen,Cork County,164,45,4,2,47,51,15,0.012195121951219513,0.2865853658536585,0.09146341463414634,0.31097560975609756,0.27439024390243905,0.024390243902439025,0.29878048780487804
Cloonkeen,"Galway County, 067065",172,42,4,3,56,58,9,0.01744186046511628,0.32558139534883723,0.05232558139534884,0.3372093023255814,0.2441860465116279,0.023255813953488372,0.3430232558139535
Cloonkeen,"Galway County, 067066",197,61,1,4,57,61,13,0.02030456852791878,0.2893401015228426,0.06598984771573604,0.3096446700507614,0.3096446700507614,0.005076142131979695,0.3096446700507614
Cloonkeen,"Galway County, 067067",191,56,3,1,51,68,12,0.005235602094240838,0.2670157068062827,0.06282722513089005,0.35602094240837695,0.2931937172774869,0.015706806282722512,0.27225130890052357
Cloonkeen,Mayo,388,96,11,7,97,144,33,0.01804123711340206,0.25,0.08505154639175258,0.3711340206185567,0.24742268041237114,0.028350515463917526,0.26804123711340205
Cloonlogher,Leitrim,137,37,0,9,38,38,15,0.06569343065693431,0.2773722627737226,0.10948905109489052,0.2773722627737226,0.27007299270072993,0.0,0.34306569343065696
Cloonmore,Mayo,137,48,5,1,24,47,12,0.0072992700729927005,0.17518248175182483,0.08759124087591241,0.34306569343065696,0.35036496350364965,0.0364963503649635,0.18248175182481752
Cloonoghill,Sligo,112,27,2,1,34,39,9,0.008928571428571428,0.30357142857142855,0.08035714285714286,0.3482142857142857,0.24107142857142858,0.017857142857142856,0.3125
Cloonown,Roscommon,129,37,2,3,43,40,4,0.023255813953488372,0.3333333333333333,0.031007751937984496,0.31007751937984496,0.2868217054263566,0.015503875968992248,0.35658914728682173
Cloonteen,Roscommon,152,40,4,2,43,61,2,0.013157894736842105,0.28289473684210525,0.013157894736842105,0.40131578947368424,0.2631578947368421,0.02631578947368421,0.29605263157894735
Cloontra,Clare,171,36,5,5,64,50,11,0.029239766081871343,0.3742690058479532,0.06432748538011696,0.29239766081871343,0.21052631578947367,0.029239766081871343,0.40350877192982454
Cloontubbrid,Kerry,119,23,1,12,34,42,7,0.10084033613445378,0.2857142857142857,0.058823529411764705,0.35294117647058826,0.19327731092436976,0.008403361344537815,0.3865546218487395
Cloontuskert,Roscommon,487,165,9,11,118,166,18,0.022587268993839837,0.24229979466119098,0.03696098562628337,0.3408624229979466,0.33880903490759756,0.018480492813141684,0.2648870636550308
Cloonusker,Clare,62,14,0,0,21,25,2,0.0,0.3387096774193548,0.03225806451612903,0.4032258064516129,0.22580645161290322,0.0,0.3387096774193548
Cloonygormican,Roscommon,184,60,4,3,40,70,7,0.016304347826086956,0.21739130434782608,0.03804347826086957,0.3804347826086957,0.32608695652173914,0.021739130434782608,0.23369565217391305
Cloonyquin,Roscommon,108,35,1,5,26,37,4,0.046296296296296294,0.24074074074074073,0.037037037037037035,0.3425925925925926,0.32407407407407407,0.009259259259259259,0.28703703703703703
Cloverhill,Leitrim,98,27,3,1,24,37,6,0.01020408163265306,0.24489795918367346,0.061224489795918366,0.37755102040816324,0.2755102040816326,0.030612244897959183,0.25510204081632654
Cloyne,Cork County,1893,461,48,46,659,569,110,0.024300052826201797,0.3481246698362388,0.05810882197569995,0.300581088219757,0.24352879027997887,0.025356576862123614,0.3724247226624406
Clydagh,Kerry,67,13,3,4,10,24,13,0.05970149253731343,0.14925373134328357,0.19402985074626866,0.3582089552238806,0.19402985074626866,0.04477611940298507,0.208955223880597
Cléire,Corcaigh,154,34,1,34,17,49,19,0.22077922077922077,0.11038961038961038,0.12337662337662338,0.3181818181818182,0.22077922077922077,0.006493506493506494,0.33116883116883117
Cnoc Colbha,Dún na nGall,102,21,1,4,37,31,8,0.0392156862745098,0.3627450980392157,0.0784313725490196,0.30392156862745096,0.20588235294117646,0.00980392156862745,0.4019607843137255
Cnoc an Daimh,Maigh Eo,245,7,9,97,40,53,39,0.39591836734693875,0.16326530612244897,0.15918367346938775,0.2163265306122449,0.02857142857142857,0.036734693877551024,0.5591836734693878
Cnoc na Cathrach,Cathair na Gaillimhe,765,163,11,42,152,318,79,0.054901960784313725,0.19869281045751633,0.10326797385620914,0.41568627450980394,0.2130718954248366,0.01437908496732026,0.25359477124183005
Cnoc na Lobhar,Maigh Eo,365,59,12,23,61,175,35,0.06301369863013699,0.16712328767123288,0.0958904109589041,0.4794520547945205,0.16164383561643836,0.03287671232876712,0.23013698630136986
Cnoc na Ráithe,Maigh Eo,337,58,9,25,74,135,36,0.07418397626112759,0.2195845697329377,0.10682492581602374,0.40059347181008903,0.17210682492581603,0.026706231454005934,0.29376854599406527
Cobh Rural,Cork County,3370,853,57,88,1131,1037,204,0.026112759643916916,0.33560830860534124,0.060534124629080116,0.30771513353115726,0.25311572700296736,0.01691394658753709,0.36172106824925815
Cobh Urban,Cork County,2476,701,67,57,634,874,143,0.023021001615508886,0.2560581583198708,0.05775444264943457,0.3529886914378029,0.2831179321486268,0.02705977382875606,0.27907915993537963
Colligan,Waterford,394,90,8,11,123,131,31,0.027918781725888325,0.31218274111675126,0.07868020304568528,0.33248730964467005,0.22842639593908629,0.02030456852791878,0.3401015228426396
Collinstown,Westmeath,229,57,3,6,83,69,11,0.026200873362445413,0.3624454148471616,0.048034934497816595,0.30131004366812225,0.24890829694323144,0.013100436681222707,0.388646288209607
Collon,Louth,678,173,13,13,244,185,50,0.019174041297935103,0.35988200589970504,0.07374631268436578,0.2728613569321534,0.2551622418879056,0.019174041297935103,0.37905604719764013
Collooney,Sligo,1196,346,30,31,398,326,65,0.025919732441471572,0.33277591973244147,0.05434782608695652,0.2725752508361204,0.28929765886287623,0.02508361204013378,0.358695652173913
Colman,Tipperary,210,56,8,2,57,73,14,0.009523809523809525,0.2714285714285714,0.06666666666666667,0.3476190476190476,0.26666666666666666,0.0380952380952381,0.28095238095238095
Colmanstown,Galway County,48,9,0,1,15,20,3,0.020833333333333332,0.3125,0.0625,0.4166666666666667,0.1875,0.0,0.3333333333333333
Colmanswell,Limerick,234,84,5,6,60,73,6,0.02564102564102564,0.2564102564102564,0.02564102564102564,0.31196581196581197,0.358974358974359,0.021367521367521368,0.28205128205128205
Colt,Laois,81,22,1,0,11,46,1,0.0,0.13580246913580246,0.012345679012345678,0.5679012345679012,0.2716049382716049,0.012345679012345678,0.13580246913580246
Columbkille,Longford,227,86,4,2,66,61,8,0.00881057268722467,0.2907488986784141,0.03524229074889868,0.2687224669603524,0.3788546255506608,0.01762114537444934,0.29955947136563876
Comeragh,Waterford,210,69,3,2,67,65,4,0.009523809523809525,0.319047619047619,0.01904761904761905,0.30952380952380953,0.32857142857142857,0.014285714285714285,0.32857142857142857
Commons,Cork City,289,64,13,4,92,103,13,0.01384083044982699,0.31833910034602075,0.04498269896193772,0.356401384083045,0.22145328719723184,0.04498269896193772,0.33217993079584773
Cong,Mayo,388,88,7,19,109,137,28,0.04896907216494845,0.2809278350515464,0.07216494845360824,0.35309278350515466,0.2268041237113402,0.01804123711340206,0.32989690721649484
Conga/An Ros,Gaillimh,474,20,19,141,104,125,65,0.2974683544303797,0.21940928270042195,0.1371308016877637,0.26371308016877637,0.04219409282700422,0.04008438818565401,0.5168776371308017
Convoy,Donegal,640,142,17,18,208,197,58,0.028125,0.325,0.090625,0.3078125,0.221875,0.0265625,0.353125
Coolagarranroe,Tipperary,236,66,4,6,62,88,10,0.025423728813559324,0.2627118644067797,0.0423728813559322,0.3728813559322034,0.2796610169491525,0.01694915254237288,0.288135593220339
Coolagh,Cork County,62,18,1,3,15,23,2,0.04838709677419355,0.24193548387096775,0.03225806451612903,0.3709677419354839,0.2903225806451613,0.016129032258064516,0.2903225806451613
Coolaghmore,Kilkenny,201,53,1,6,70,60,11,0.029850746268656716,0.3482587064676617,0.05472636815920398,0.29850746268656714,0.263681592039801,0.004975124378109453,0.3781094527363184
Coolamber,Longford,166,53,7,0,47,46,13,0.0,0.28313253012048195,0.0783132530120482,0.27710843373493976,0.3192771084337349,0.04216867469879518,0.28313253012048195
Coolaney,Sligo,608,162,15,15,219,165,32,0.024671052631578948,0.36019736842105265,0.05263157894736842,0.2713815789473684,0.26644736842105265,0.024671052631578948,0.3848684210526316
Coolattin,Wicklow,123,38,1,3,38,35,8,0.024390243902439025,0.3089430894308943,0.06504065040650407,0.2845528455284553,0.3089430894308943,0.008130081300813009,0.3333333333333333
Coolavin,Sligo,163,46,8,1,46,55,7,0.006134969325153374,0.2822085889570552,0.04294478527607362,0.3374233128834356,0.2822085889570552,0.049079754601226995,0.2883435582822086
Coolballintaggart,Wicklow,174,53,4,2,59,48,8,0.011494252873563218,0.3390804597701149,0.04597701149425287,0.27586206896551724,0.3045977011494253,0.022988505747126436,0.3505747126436782
Coolboy,Wicklow,205,53,0,2,75,54,21,0.00975609756097561,0.36585365853658536,0.1024390243902439,0.2634146341463415,0.25853658536585367,0.0,0.375609756097561
Coolclogh,Cork County,202,52,3,2,66,65,14,0.009900990099009901,0.32673267326732675,0.06930693069306931,0.3217821782178218,0.25742574257425743,0.01485148514851485,0.33663366336633666
Coolcraheen,Cork County,336,97,5,7,90,117,20,0.020833333333333332,0.26785714285714285,0.05952380952380952,0.3482142857142857,0.28869047619047616,0.01488095238095238,0.28869047619047616
Coolcraheen,Kilkenny,234,57,5,2,62,87,21,0.008547008547008548,0.26495726495726496,0.08974358974358974,0.3717948717948718,0.24358974358974358,0.021367521367521368,0.27350427350427353
Coole,Cork County,525,131,10,9,187,160,28,0.017142857142857144,0.35619047619047617,0.05333333333333334,0.3047619047619048,0.24952380952380954,0.01904761904761905,0.37333333333333335
Coole,Westmeath,86,19,0,3,19,40,5,0.03488372093023256,0.22093023255813954,0.05813953488372093,0.46511627906976744,0.22093023255813954,0.0,0.2558139534883721
Cooleagh,Tipperary,217,73,7,3,63,58,13,0.013824884792626729,0.2903225806451613,0.059907834101382486,0.2672811059907834,0.33640552995391704,0.03225806451612903,0.30414746543778803
Coolgreany,Wexford,401,84,9,3,153,130,22,0.007481296758104738,0.38154613466334164,0.05486284289276808,0.32418952618453867,0.20947630922693267,0.022443890274314215,0.38902743142144636
Coolhill,Kilkenny,159,42,2,2,41,61,11,0.012578616352201259,0.2578616352201258,0.06918238993710692,0.3836477987421384,0.2641509433962264,0.012578616352201259,0.27044025157232704
Coolies,Kerry,419,100,6,12,107,154,40,0.028639618138424822,0.2553699284009546,0.0954653937947494,0.36754176610978523,0.2386634844868735,0.014319809069212411,0.2840095465393795
Coolmain,Cork County,202,60,3,5,53,78,3,0.024752475247524754,0.2623762376237624,0.01485148514851485,0.38613861386138615,0.297029702970297,0.01485148514851485,0.2871287128712871
Coolmeen,Clare,115,30,1,2,28,49,5,0.017391304347826087,0.24347826086956523,0.043478260869565216,0.4260869565217391,0.2608695652173913,0.008695652173913044,0.2608695652173913
Coolmountain,Cork County,159,43,2,3,47,57,7,0.018867924528301886,0.29559748427672955,0.0440251572327044,0.3584905660377358,0.27044025157232704,0.012578616352201259,0.31446540880503143
Coolnaha,Mayo,247,74,7,3,83,71,9,0.012145748987854251,0.3360323886639676,0.03643724696356275,0.2874493927125506,0.29959514170040485,0.02834008097165992,0.3481781376518219
Cooloo,Galway County,266,73,7,5,81,89,11,0.018796992481203006,0.30451127819548873,0.041353383458646614,0.33458646616541354,0.2744360902255639,0.02631578947368421,0.3233082706766917
Coolougher,Roscommon,159,46,4,1,39,65,4,0.006289308176100629,0.24528301886792453,0.025157232704402517,0.4088050314465409,0.2893081761006289,0.025157232704402517,0.25157232704402516
Coolrain,Laois,128,44,0,3,31,44,6,0.0234375,0.2421875,0.046875,0.34375,0.34375,0.0,0.265625
Coolraine,Limerick,824,204,16,32,168,360,44,0.038834951456310676,0.20388349514563106,0.05339805825242718,0.4368932038834951,0.24757281553398058,0.019417475728155338,0.24271844660194175
Coolreagh,Clare,45,14,1,1,10,18,1,0.022222222222222223,0.2222222222222222,0.022222222222222223,0.4,0.3111111111111111,0.022222222222222223,0.24444444444444444
Coolrus,Limerick,181,51,2,1,54,66,7,0.0055248618784530384,0.2983425414364641,0.03867403314917127,0.36464088397790057,0.281767955801105,0.011049723756906077,0.30386740331491713
Coolure,Westmeath,124,18,5,4,37,48,12,0.03225806451612903,0.29838709677419356,0.0967741935483871,0.3870967741935484,0.14516129032258066,0.04032258064516129,0.33064516129032256
Coom,Kerry,823,236,14,12,245,285,31,0.014580801944106925,0.2976913730255164,0.03766707168894289,0.3462940461725395,0.2867557715674362,0.01701093560145808,0.31227217496962334
Coomlogane,Cork County,372,85,14,6,118,118,31,0.016129032258064516,0.3172043010752688,0.08333333333333333,0.3172043010752688,0.22849462365591397,0.03763440860215054,0.3333333333333333
Coonard,Mayo,137,39,2,2,28,61,5,0.014598540145985401,0.20437956204379562,0.0364963503649635,0.44525547445255476,0.2846715328467153,0.014598540145985401,0.21897810218978103
Coonogue,Carlow,67,17,2,1,25,21,1,0.014925373134328358,0.373134328358209,0.014925373134328358,0.31343283582089554,0.2537313432835821,0.029850746268656716,0.3880597014925373
Cooraclare,Clare,271,79,8,5,71,98,10,0.01845018450184502,0.26199261992619927,0.03690036900369004,0.36162361623616235,0.2915129151291513,0.02952029520295203,0.28044280442804426
Cootehill Rural,Cavan,450,98,7,19,163,139,24,0.042222222222222223,0.3622222222222222,0.05333333333333334,0.3088888888888889,0.21777777777777776,0.015555555555555555,0.40444444444444444
Cootehill Urban,Cavan,429,98,14,8,140,143,26,0.018648018648018648,0.32634032634032634,0.06060606060606061,0.3333333333333333,0.22843822843822845,0.03263403263403263,0.34498834498834496
Copperalley,Westmeath,78,23,1,1,27,24,2,0.01282051282051282,0.34615384615384615,0.02564102564102564,0.3076923076923077,0.2948717948717949,0.01282051282051282,0.358974358974359
Corboy,Longford,151,27,4,1,53,62,4,0.006622516556291391,0.3509933774834437,0.026490066225165563,0.4105960264900662,0.17880794701986755,0.026490066225165563,0.3576158940397351
Cordal,Kerry,124,34,2,1,45,36,6,0.008064516129032258,0.3629032258064516,0.04838709677419355,0.2903225806451613,0.27419354838709675,0.016129032258064516,0.3709677419354839
Corkbeg,Cork County,1174,282,25,28,423,347,69,0.02385008517887564,0.36030664395229983,0.05877342419080068,0.29557069846678025,0.2402044293015332,0.02129471890971039,0.3841567291311755
Corkermore,Donegal,99,32,2,0,28,34,3,0.0,0.2828282828282828,0.030303030303030304,0.3434343434343434,0.32323232323232326,0.020202020202020204,0.2828282828282828
Cormeen,Monaghan,196,37,2,5,84,59,9,0.025510204081632654,0.42857142857142855,0.04591836734693878,0.3010204081632653,0.18877551020408162,0.01020408163265306,0.45408163265306123
Corr,Cavan,113,29,1,3,34,37,9,0.02654867256637168,0.3008849557522124,0.07964601769911504,0.3274336283185841,0.25663716814159293,0.008849557522123894,0.3274336283185841
Corracharra,Monaghan,114,34,4,0,35,35,6,0.0,0.30701754385964913,0.05263157894736842,0.30701754385964913,0.2982456140350877,0.03508771929824561,0.30701754385964913
Corrala,Leitrim,76,24,3,2,19,22,6,0.02631578947368421,0.25,0.07894736842105263,0.2894736842105263,0.3157894736842105,0.039473684210526314,0.27631578947368424
Corraneary,Cavan,176,45,7,2,48,67,7,0.011363636363636364,0.2727272727272727,0.03977272727272727,0.3806818181818182,0.2556818181818182,0.03977272727272727,0.2840909090909091
Corraun,Mayo,448,41,8,75,82,180,62,0.16741071428571427,0.18303571428571427,0.13839285714285715,0.4017857142857143,0.09151785714285714,0.017857142857142856,0.35044642857142855
Corravaddy,Donegal,619,124,15,41,218,170,51,0.06623586429725363,0.35218093699515346,0.08239095315024232,0.27463651050080773,0.20032310177705978,0.024232633279483037,0.4184168012924071
Corries,Carlow,157,44,4,3,49,50,7,0.01910828025477707,0.31210191082802546,0.044585987261146494,0.3184713375796178,0.2802547770700637,0.025477707006369428,0.33121019108280253
Corriga,Leitrim,76,19,1,1,26,23,6,0.013157894736842105,0.34210526315789475,0.07894736842105263,0.3026315789473684,0.25,0.013157894736842105,0.35526315789473684
Corrofin,Clare,675,140,17,22,209,255,32,0.03259259259259259,0.30962962962962964,0.047407407407407405,0.37777777777777777,0.2074074074074074,0.025185185185185185,0.3422222222222222
Coulagh,Cork County,246,74,5,10,52,86,19,0.04065040650406504,0.21138211382113822,0.07723577235772358,0.34959349593495936,0.3008130081300813,0.02032520325203252,0.25203252032520324
Coumaraglin,Waterford,132,37,2,4,38,44,7,0.030303030303030304,0.2878787878787879,0.05303030303030303,0.3333333333333333,0.2803030303030303,0.015151515151515152,0.3181818181818182
Course,Mayo,159,46,2,3,43,61,4,0.018867924528301886,0.27044025157232704,0.025157232704402517,0.3836477987421384,0.2893081761006289,0.012578616352201259,0.2893081761006289
Courtmacsherry,Cork County,378,106,2,14,98,130,28,0.037037037037037035,0.25925925925925924,0.07407407407407407,0.3439153439153439,0.2804232804232804,0.005291005291005291,0.2962962962962963
Courtown,Wexford,1175,357,29,22,320,382,65,0.01872340425531915,0.2723404255319149,0.05531914893617021,0.3251063829787234,0.3038297872340426,0.02468085106382979,0.29106382978723405
Craggs,Limerick,130,36,7,3,39,38,7,0.023076923076923078,0.3,0.05384615384615385,0.2923076923076923,0.27692307692307694,0.05384615384615385,0.3230769230769231
Cranemore,Carlow,429,133,12,5,134,119,26,0.011655011655011656,0.3123543123543124,0.06060606060606061,0.2773892773892774,0.31002331002331,0.027972027972027972,0.32400932400932403
Crannagh,Roscommon,572,150,5,12,168,199,38,0.02097902097902098,0.2937062937062937,0.06643356643356643,0.3479020979020979,0.26223776223776224,0.008741258741258742,0.3146853146853147
Cratloe,Clare,706,199,18,9,208,233,39,0.012747875354107648,0.29461756373937675,0.05524079320113314,0.330028328611898,0.2818696883852691,0.025495750708215296,0.3073654390934844
Craughwell,Galway County,926,204,20,17,300,315,70,0.0183585313174946,0.32397408207343414,0.0755939524838013,0.34017278617710583,0.2203023758099352,0.02159827213822894,0.34233261339092874
Creagh,Roscommon,427,117,8,5,80,184,33,0.0117096018735363,0.1873536299765808,0.07728337236533958,0.4309133489461358,0.27400468384074944,0.01873536299765808,0.1990632318501171
Creamhghort,Dún na nGall,296,46,13,15,78,125,19,0.05067567567567568,0.2635135135135135,0.06418918918918919,0.4222972972972973,0.1554054054054054,0.04391891891891892,0.3141891891891892
Crean,Limerick,173,51,3,5,46,57,11,0.028901734104046242,0.2658959537572254,0.06358381502890173,0.32947976878612717,0.2947976878612717,0.017341040462427744,0.2947976878612717
Crecora,Limerick,220,55,5,6,71,77,6,0.02727272727272727,0.32272727272727275,0.02727272727272727,0.35,0.25,0.022727272727272728,0.35
Creegh,Clare,214,49,5,7,51,84,18,0.03271028037383177,0.2383177570093458,0.08411214953271028,0.3925233644859813,0.22897196261682243,0.02336448598130841,0.27102803738317754
Creeve,Monaghan,292,81,5,4,117,72,13,0.0136986301369863,0.4006849315068493,0.04452054794520548,0.2465753424657534,0.2773972602739726,0.017123287671232876,0.4143835616438356
Creeve,"Roscommon, 197046",59,13,2,0,14,25,5,0.0,0.23728813559322035,0.0847457627118644,0.423728813559322,0.22033898305084745,0.03389830508474576,0.23728813559322035
Creeve,"Roscommon, 197047",60,13,2,5,17,22,1,0.08333333333333333,0.2833333333333333,0.016666666666666666,0.36666666666666664,0.21666666666666667,0.03333333333333333,0.36666666666666664
Creevy,Longford,142,45,4,1,32,49,11,0.007042253521126761,0.22535211267605634,0.07746478873239436,0.34507042253521125,0.31690140845070425,0.028169014084507043,0.2323943661971831
Cregga,Roscommon,77,25,2,2,23,22,3,0.025974025974025976,0.2987012987012987,0.03896103896103896,0.2857142857142857,0.3246753246753247,0.025974025974025976,0.3246753246753247
Creggan Upper,Louth,296,64,4,13,89,106,20,0.04391891891891892,0.30067567567567566,0.06756756756756757,0.3581081081081081,0.21621621621621623,0.013513513513513514,0.34459459459459457
Creggs,Galway County,139,44,4,0,33,53,5,0.0,0.23741007194244604,0.03597122302158273,0.381294964028777,0.31654676258992803,0.02877697841726619,0.23741007194244604
Cremartin,Monaghan,463,120,8,14,167,132,22,0.03023758099352052,0.36069114470842334,0.047516198704103674,0.28509719222462204,0.2591792656587473,0.017278617710583154,0.39092872570194387
Crinnaloo,Cork County,82,20,1,1,33,22,5,0.012195121951219513,0.4024390243902439,0.06097560975609756,0.2682926829268293,0.24390243902439024,0.012195121951219513,0.4146341463414634
Crinny,Kerry,125,30,3,7,26,46,13,0.056,0.208,0.104,0.368,0.24,0.024,0.264
Croagh,Limerick,393,129,9,3,123,114,15,0.007633587786259542,0.31297709923664124,0.03816793893129771,0.2900763358778626,0.3282442748091603,0.022900763358778626,0.32061068702290074
Croaghmoyle,Mayo,63,22,0,1,16,22,2,0.015873015873015872,0.25396825396825395,0.031746031746031744,0.3492063492063492,0.3492063492063492,0.0,0.2698412698412698
Croaghpatrick,Mayo,342,81,12,17,91,109,32,0.049707602339181284,0.26608187134502925,0.0935672514619883,0.31871345029239767,0.23684210526315788,0.03508771929824561,0.3157894736842105
Croghan,Offaly,193,48,7,8,51,69,10,0.04145077720207254,0.26424870466321243,0.05181347150259067,0.35751295336787564,0.24870466321243523,0.03626943005181347,0.30569948186528495
Croghan,Roscommon,182,54,4,3,55,56,10,0.016483516483516484,0.3021978021978022,0.054945054945054944,0.3076923076923077,0.2967032967032967,0.02197802197802198,0.31868131868131866
Crohane,Tipperary,122,28,5,0,38,43,8,0.0,0.3114754098360656,0.06557377049180328,0.3524590163934426,0.22950819672131148,0.040983606557377046,0.3114754098360656
Cronebane,Wicklow,160,39,10,3,44,56,8,0.01875,0.275,0.05,0.35,0.24375,0.0625,0.29375
Cronelea,Wicklow,61,16,0,1,26,17,1,0.01639344262295082,0.4262295081967213,0.01639344262295082,0.2786885245901639,0.26229508196721313,0.0,0.4426229508196721
Crookhaven,Cork County,71,26,1,2,9,30,3,0.028169014084507043,0.1267605633802817,0.04225352112676056,0.4225352112676056,0.36619718309859156,0.014084507042253521,0.15492957746478872
Croom,Limerick,533,115,15,12,159,205,27,0.0225140712945591,0.29831144465290804,0.05065666041275797,0.38461538461538464,0.21575984990619138,0.028142589118198873,0.32082551594746717
Crosagstown,Longford,97,19,1,4,36,32,5,0.041237113402061855,0.3711340206185567,0.05154639175257732,0.32989690721649484,0.1958762886597938,0.010309278350515464,0.41237113402061853
Crossakeel,Meath,206,58,2,4,75,51,16,0.019417475728155338,0.3640776699029126,0.07766990291262135,0.24757281553398058,0.2815533980582524,0.009708737864077669,0.38349514563106796
Crossalare,Monaghan,308,81,4,10,109,93,11,0.032467532467532464,0.3538961038961039,0.03571428571428571,0.30194805194805197,0.262987012987013,0.012987012987012988,0.38636363636363635
Crossbane,Cavan,222,71,5,3,62,64,17,0.013513513513513514,0.27927927927927926,0.07657657657657657,0.2882882882882883,0.31981981981981983,0.02252252252252252,0.2927927927927928
Crossboyne,Mayo,269,77,4,4,83,91,10,0.01486988847583643,0.30855018587360594,0.03717472118959108,0.3382899628252788,0.2862453531598513,0.01486988847583643,0.32342007434944237
Crossdoney,Cavan,236,66,7,4,76,60,23,0.01694915254237288,0.3220338983050847,0.09745762711864407,0.2542372881355932,0.2796610169491525,0.029661016949152543,0.3389830508474576
Crosskeys,Cavan,225,79,6,2,62,69,7,0.008888888888888889,0.27555555555555555,0.03111111111111111,0.30666666666666664,0.3511111111111111,0.02666666666666667,0.28444444444444444
Crosskeys,Meath,144,33,1,3,52,47,8,0.020833333333333332,0.3611111111111111,0.05555555555555555,0.3263888888888889,0.22916666666666666,0.006944444444444444,0.3819444444444444
Crossmolina North,Mayo,403,104,6,7,106,159,21,0.017369727047146403,0.2630272952853598,0.052109181141439205,0.3945409429280397,0.25806451612903225,0.01488833746898263,0.2803970223325062
Crossmolina South,Mayo,386,99,5,6,98,156,22,0.015544041450777202,0.2538860103626943,0.05699481865284974,0.40414507772020725,0.25647668393782386,0.012953367875647668,0.2694300518134715
Crossna,Roscommon,103,35,3,2,15,35,13,0.019417475728155338,0.14563106796116504,0.1262135922330097,0.33980582524271846,0.33980582524271846,0.02912621359223301,0.1650485436893204
Crownarad,Donegal,114,17,6,9,22,52,8,0.07894736842105263,0.19298245614035087,0.07017543859649122,0.45614035087719296,0.14912280701754385,0.05263157894736842,0.2719298245614035
Cruicetown,Meath,165,54,1,4,43,56,7,0.024242424242424242,0.2606060606060606,0.04242424242424243,0.3393939393939394,0.32727272727272727,0.006060606060606061,0.28484848484848485
Crumlin A,Dublin City,914,264,35,29,242,296,48,0.03172866520787746,0.2647702407002188,0.0525164113785558,0.3238512035010941,0.2888402625820569,0.038293216630196934,0.2964989059080963
Crumlin B,Dublin City,757,210,28,28,203,254,34,0.036988110964332896,0.26816380449141347,0.04491413474240423,0.33553500660501984,0.2774108322324967,0.036988110964332896,0.3051519154557464
Crumlin C,Dublin City,651,166,25,21,170,228,41,0.03225806451612903,0.261136712749616,0.0629800307219662,0.35023041474654376,0.25499231950844853,0.03840245775729647,0.29339477726574503
Crumlin D,Dublin City,1050,278,51,40,272,351,58,0.0380952380952381,0.259047619047619,0.05523809523809524,0.3342857142857143,0.26476190476190475,0.04857142857142857,0.29714285714285715
Crumlin E,Dublin City,649,153,24,15,200,222,35,0.023112480739599383,0.3081664098613251,0.053929121725731895,0.3420647149460709,0.2357473035439137,0.03697996918335902,0.3312788906009245
Crumlin F,Dublin City,842,244,23,33,203,289,50,0.039192399049881234,0.24109263657957244,0.05938242280285035,0.34323040380047504,0.28978622327790976,0.027315914489311165,0.28028503562945367
Crump Island,Galway County,120,11,3,4,61,27,14,0.03333333333333333,0.5083333333333333,0.11666666666666667,0.225,0.09166666666666666,0.025,0.5416666666666666
Crusheen,Clare,563,129,11,15,205,167,36,0.02664298401420959,0.3641207815275311,0.06394316163410302,0.2966252220248668,0.2291296625222025,0.019538188277087035,0.3907637655417407
Críoch na Sméar,Dún na nGall,121,16,4,11,45,29,16,0.09090909090909091,0.371900826446281,0.1322314049586777,0.2396694214876033,0.1322314049586777,0.03305785123966942,0.4628099173553719
Cró Bheithe,Dún na nGall,112,5,3,51,16,21,16,0.45535714285714285,0.14285714285714285,0.14285714285714285,0.1875,0.044642857142857144,0.026785714285714284,0.5982142857142857
Cró Chaorach,Dún na nGall,93,7,0,8,28,36,14,0.08602150537634409,0.3010752688172043,0.15053763440860216,0.3870967741935484,0.07526881720430108,0.0,0.3870967741935484
Cuffsborough,Laois,149,39,6,0,49,50,5,0.0,0.3288590604026846,0.03355704697986577,0.33557046979865773,0.26174496644295303,0.040268456375838924,0.3288590604026846
Cuildoo,Mayo,137,35,3,4,26,60,9,0.029197080291970802,0.1897810218978102,0.06569343065693431,0.43795620437956206,0.25547445255474455,0.021897810218978103,0.21897810218978103
Cuilmore,Sligo,192,64,6,0,57,64,1,0.0,0.296875,0.005208333333333333,0.3333333333333333,0.3333333333333333,0.03125,0.296875
Culdaff,Donegal,249,69,14,6,80,66,14,0.024096385542168676,0.321285140562249,0.05622489959839357,0.26506024096385544,0.27710843373493976,0.05622489959839357,0.3453815261044177
Cullahill,Laois,183,53,3,4,48,67,8,0.02185792349726776,0.26229508196721313,0.04371584699453552,0.366120218579235,0.2896174863387978,0.01639344262295082,0.28415300546448086
Cullane,Limerick,180,53,5,1,53,59,9,0.005555555555555556,0.29444444444444445,0.05,0.3277777777777778,0.29444444444444445,0.027777777777777776,0.3
Cullen,"Cork County, 047120",290,103,3,4,83,81,16,0.013793103448275862,0.28620689655172415,0.05517241379310345,0.2793103448275862,0.35517241379310344,0.010344827586206896,0.3
Cullen,"Cork County, 047121",215,45,7,6,61,83,13,0.027906976744186046,0.2837209302325581,0.06046511627906977,0.386046511627907,0.20930232558139536,0.03255813953488372,0.3116279069767442
Cullen,Tipperary,141,42,5,3,38,44,9,0.02127659574468085,0.2695035460992908,0.06382978723404255,0.3120567375886525,0.2978723404255319,0.03546099290780142,0.2907801418439716
Cullenagh,Laois,61,11,2,1,27,20,0,0.01639344262295082,0.4426229508196721,0.0,0.32786885245901637,0.18032786885245902,0.03278688524590164,0.45901639344262296
Cullenwaine,Offaly,368,116,15,6,99,109,23,0.016304347826086956,0.26902173913043476,0.0625,0.296195652173913,0.31521739130434784,0.04076086956521739,0.28532608695652173
Culliagh,Roscommon,98,31,4,1,21,32,9,0.01020408163265306,0.21428571428571427,0.09183673469387756,0.32653061224489793,0.3163265306122449,0.04081632653061224,0.22448979591836735
Culmullin,Meath,596,178,10,13,172,185,38,0.02181208053691275,0.28859060402684567,0.06375838926174497,0.3104026845637584,0.2986577181208054,0.016778523489932886,0.3104026845637584
Culnacleha,Mayo,192,56,6,0,62,60,8,0.0,0.3229166666666667,0.041666666666666664,0.3125,0.2916666666666667,0.03125,0.3229166666666667
Cummer,Galway County,504,109,12,9,176,155,43,0.017857142857142856,0.3492063492063492,0.08531746031746032,0.30753968253968256,0.21626984126984128,0.023809523809523808,0.36706349206349204
Curraclone,Laois,107,28,2,3,41,29,4,0.028037383177570093,0.38317757009345793,0.037383177570093455,0.27102803738317754,0.2616822429906542,0.018691588785046728,0.411214953271028
Curraghbeg,Kerry,56,13,4,2,12,21,4,0.03571428571428571,0.21428571428571427,0.07142857142857142,0.375,0.23214285714285715,0.07142857142857142,0.25
Curraghmore,Galway County,68,17,1,0,10,38,2,0.0,0.14705882352941177,0.029411764705882353,0.5588235294117647,0.25,0.014705882352941176,0.14705882352941177
Curraghmore,Kerry,165,40,7,1,45,59,13,0.006060606060606061,0.2727272727272727,0.07878787878787878,0.3575757575757576,0.24242424242424243,0.04242424242424243,0.2787878787878788
Curraglass,Cork County,189,65,3,1,54,53,13,0.005291005291005291,0.2857142857142857,0.06878306878306878,0.2804232804232804,0.3439153439153439,0.015873015873015872,0.291005291005291
Curraheen,Tipperary,146,38,3,1,49,51,4,0.00684931506849315,0.3356164383561644,0.0273972602739726,0.3493150684931507,0.2602739726027397,0.02054794520547945,0.3424657534246575
Currans,Kerry,130,32,3,0,38,45,12,0.0,0.2923076923076923,0.09230769230769231,0.34615384615384615,0.24615384615384617,0.023076923076923078,0.2923076923076923
Currin,Monaghan,269,57,6,6,94,87,19,0.022304832713754646,0.34944237918215615,0.07063197026022305,0.32342007434944237,0.21189591078066913,0.022304832713754646,0.37174721189591076
Curryglass,Cork County,175,50,5,11,37,63,9,0.06285714285714286,0.21142857142857144,0.05142857142857143,0.36,0.2857142857142857,0.02857142857142857,0.2742857142857143
Currygrane,Longford,59,17,1,3,13,20,5,0.05084745762711865,0.22033898305084745,0.0847457627118644,0.3389830508474576,0.288135593220339,0.01694915254237288,0.2711864406779661
Custom House,Limerick,62,10,2,2,24,21,3,0.03225806451612903,0.3870967741935484,0.04838709677419355,0.3387096774193548,0.16129032258064516,0.03225806451612903,0.41935483870967744
Custom House A,Waterford,81,24,5,4,9,37,2,0.04938271604938271,0.1111111111111111,0.024691358024691357,0.4567901234567901,0.2962962962962963,0.06172839506172839,0.16049382716049382
Custom House B,Waterford,43,16,0,2,5,17,3,0.046511627906976744,0.11627906976744186,0.06976744186046512,0.3953488372093023,0.37209302325581395,0.0,0.16279069767441862
Cuttragh,Cavan,159,52,1,1,60,38,7,0.006289308176100629,0.37735849056603776,0.0440251572327044,0.2389937106918239,0.3270440251572327,0.006289308176100629,0.3836477987421384
Cé Bhréanainn,Ciarraí,102,9,2,36,10,38,7,0.35294117647058826,0.09803921568627451,0.06862745098039216,0.37254901960784315,0.08823529411764706,0.0196078431372549,0.45098039215686275
Daingean,Offaly,532,141,18,8,163,165,37,0.015037593984962405,0.30639097744360905,0.06954887218045112,0.3101503759398496,0.2650375939849624,0.03383458646616541,0.32142857142857145
Dalgan,Mayo,467,129,8,15,126,160,29,0.032119914346895075,0.2698072805139186,0.06209850107066381,0.3426124197002141,0.2762312633832976,0.017130620985010708,0.3019271948608137
Dalkey Hill,Dún Laoghaire-Rathdown,626,244,13,19,118,203,29,0.03035143769968051,0.18849840255591055,0.0463258785942492,0.3242811501597444,0.38977635782747605,0.020766773162939296,0.21884984025559107
Dalkey Upper,Dún Laoghaire-Rathdown,1047,289,16,36,272,361,73,0.034383954154727794,0.2597898758357211,0.06972301814708691,0.3447946513849093,0.27602674307545366,0.015281757402101241,0.2941738299904489
Dalkey-Avondale,Dún Laoghaire-Rathdown,685,232,10,24,155,225,39,0.035036496350364967,0.22627737226277372,0.05693430656934306,0.3284671532846715,0.3386861313868613,0.014598540145985401,0.2613138686131387
Dalkey-Bullock,Dún Laoghaire-Rathdown,817,255,17,28,175,296,46,0.03427172582619339,0.2141982864137087,0.056303549571603426,0.3623011015911873,0.31211750305997554,0.0208078335373317,0.2484700122399021
Dalkey-Coliemore,Dún Laoghaire-Rathdown,531,159,14,12,115,207,24,0.022598870056497175,0.21657250470809794,0.04519774011299435,0.3898305084745763,0.2994350282485876,0.026365348399246705,0.2391713747645951
Dalystown,Longford,58,15,0,0,21,21,1,0.0,0.3620689655172414,0.017241379310344827,0.3620689655172414,0.25862068965517243,0.0,0.3620689655172414
Danesfort,Kilkenny,218,43,6,9,60,90,10,0.04128440366972477,0.27522935779816515,0.045871559633027525,0.41284403669724773,0.19724770642201836,0.027522935779816515,0.3165137614678899
Danesfort,Roscommon,367,105,6,9,110,110,27,0.02452316076294278,0.2997275204359673,0.07356948228882834,0.2997275204359673,0.28610354223433243,0.01634877384196185,0.3242506811989101
Dangan,Clare,125,32,3,2,37,42,9,0.016,0.296,0.072,0.336,0.256,0.024,0.312
Dangan,Cork County,103,26,3,0,37,36,1,0.0,0.3592233009708738,0.009708737864077669,0.34951456310679613,0.2524271844660194,0.02912621359223301,0.3592233009708738
Dangan,Galway City,1912,486,41,89,229,904,163,0.04654811715481171,0.11976987447698745,0.0852510460251046,0.47280334728033474,0.25418410041841005,0.021443514644351465,0.16631799163179917
Danganbeg,Limerick,163,35,4,6,51,59,8,0.03680981595092025,0.3128834355828221,0.049079754601226995,0.3619631901840491,0.2147239263803681,0.024539877300613498,0.3496932515337423
Dangans,Laois,518,123,21,5,191,145,33,0.009652509652509652,0.3687258687258687,0.0637065637065637,0.2799227799227799,0.23745173745173745,0.04054054054054054,0.3783783783783784
Darragh,Limerick,144,46,3,2,36,48,9,0.013888888888888888,0.25,0.0625,0.3333333333333333,0.3194444444444444,0.020833333333333332,0.2638888888888889
Darver,Louth,267,71,6,9,77,78,26,0.033707865168539325,0.2883895131086142,0.09737827715355805,0.29213483146067415,0.26591760299625467,0.02247191011235955,0.32209737827715357
Dawros,Donegal,237,49,8,12,47,99,22,0.05063291139240506,0.19831223628691982,0.09282700421940929,0.4177215189873418,0.20675105485232068,0.03375527426160337,0.2489451476793249
Dawros,Kerry,247,58,6,9,67,89,18,0.03643724696356275,0.27125506072874495,0.0728744939271255,0.3603238866396761,0.23481781376518218,0.024291497975708502,0.3076923076923077
Dawsongrove,Monaghan,262,66,8,10,85,79,14,0.03816793893129771,0.3244274809160305,0.05343511450381679,0.3015267175572519,0.25190839694656486,0.030534351145038167,0.36259541984732824
Decies,Dublin City,502,126,21,14,161,159,21,0.027888446215139442,0.3207171314741036,0.04183266932270916,0.31673306772908366,0.250996015936255,0.04183266932270916,0.34860557768924305
Deel,Mayo,185,56,3,4,44,68,10,0.021621621621621623,0.23783783783783785,0.05405405405405406,0.3675675675675676,0.3027027027027027,0.016216216216216217,0.2594594594594595
Deelis,Kerry,164,31,4,8,46,63,12,0.04878048780487805,0.2804878048780488,0.07317073170731707,0.38414634146341464,0.18902439024390244,0.024390243902439025,0.32926829268292684
Deerpark,Galway County,597,141,11,16,226,166,37,0.02680067001675042,0.3785594639865997,0.06197654941373534,0.2780569514237856,0.23618090452261306,0.018425460636515914,0.4053601340033501
Delgany,Wicklow,3314,919,56,84,1197,899,159,0.025347012673506336,0.3611949305974653,0.047978273989136996,0.27127338563669284,0.2773083886541943,0.016898008449004225,0.38654194327097163
Delvin,Westmeath,323,77,16,4,129,79,18,0.01238390092879257,0.3993808049535604,0.05572755417956656,0.24458204334365324,0.23839009287925697,0.04953560371517028,0.4117647058823529
Denn,Cavan,219,68,10,1,68,63,9,0.0045662100456621,0.3105022831050228,0.0410958904109589,0.2876712328767123,0.3105022831050228,0.045662100456621,0.3150684931506849
Derragh,Cork County,110,26,3,0,38,35,8,0.0,0.34545454545454546,0.07272727272727272,0.3181818181818182,0.23636363636363636,0.02727272727272727,0.34545454545454546
Derreen,Clare,42,15,1,0,7,18,1,0.0,0.16666666666666666,0.023809523809523808,0.42857142857142855,0.35714285714285715,0.023809523809523808,0.16666666666666666
Derreen,Kerry,84,29,4,0,31,18,2,0.0,0.36904761904761907,0.023809523809523808,0.21428571428571427,0.34523809523809523,0.047619047619047616,0.36904761904761907
Derrew,Galway County,57,19,1,3,15,15,4,0.05263157894736842,0.2631578947368421,0.07017543859649122,0.2631578947368421,0.3333333333333333,0.017543859649122806,0.3157894736842105
Derrin,Cavan,200,55,2,1,67,57,18,0.005,0.335,0.09,0.285,0.275,0.01,0.34
Derrinboy,Offaly,145,31,7,1,38,61,7,0.006896551724137931,0.2620689655172414,0.04827586206896552,0.4206896551724138,0.21379310344827587,0.04827586206896552,0.2689655172413793
Derry,Cork County,219,71,3,8,48,72,17,0.0365296803652968,0.2191780821917808,0.0776255707762557,0.3287671232876712,0.3242009132420091,0.0136986301369863,0.2557077625570776
Derry,Mayo,63,19,4,1,6,25,8,0.015873015873015872,0.09523809523809523,0.12698412698412698,0.3968253968253968,0.30158730158730157,0.06349206349206349,0.1111111111111111
Derryad,Offaly,115,29,1,2,30,48,5,0.017391304347826087,0.2608695652173913,0.043478260869565216,0.41739130434782606,0.25217391304347825,0.008695652173913044,0.2782608695652174
Derrycastle,Tipperary,197,71,11,3,47,59,6,0.015228426395939087,0.23857868020304568,0.030456852791878174,0.29949238578680204,0.3604060913705584,0.05583756345177665,0.25380710659898476
Derrycooly,Offaly,112,32,3,2,38,35,2,0.017857142857142856,0.3392857142857143,0.017857142857142856,0.3125,0.2857142857142857,0.026785714285714284,0.35714285714285715
Derryglassaun,Galway County,457,125,11,11,139,147,24,0.024070021881838075,0.3041575492341357,0.0525164113785558,0.32166301969365424,0.2735229759299781,0.024070021881838075,0.3282275711159737
Derrygorry,Monaghan,97,30,3,8,21,31,4,0.08247422680412371,0.21649484536082475,0.041237113402061855,0.31958762886597936,0.30927835051546393,0.030927835051546393,0.29896907216494845
Derrygrath,Tipperary,328,79,7,2,103,113,24,0.006097560975609756,0.31402439024390244,0.07317073170731707,0.3445121951219512,0.24085365853658536,0.021341463414634148,0.3201219512195122
Derrylahan,Cavan,33,9,1,0,5,17,1,0.0,0.15151515151515152,0.030303030303030304,0.5151515151515151,0.2727272727272727,0.030303030303030304,0.15151515151515152
Derrylaur,Galway County,32,6,0,0,9,15,2,0.0,0.28125,0.0625,0.46875,0.1875,0.0,0.28125
Derrylea/Derrycunlagh,Galway County,126,25,2,7,27,53,12,0.05555555555555555,0.21428571428571427,0.09523809523809523,0.42063492063492064,0.1984126984126984,0.015873015873015872,0.2698412698412698
Derryloughan,Mayo,332,62,10,10,90,137,23,0.030120481927710843,0.2710843373493976,0.06927710843373494,0.4126506024096386,0.18674698795180722,0.030120481927710843,0.30120481927710846
Derrymore,Westmeath,107,26,8,0,31,37,5,0.0,0.2897196261682243,0.04672897196261682,0.34579439252336447,0.24299065420560748,0.07476635514018691,0.2897196261682243
Derrynagittagh,Clare,54,17,1,3,10,18,5,0.05555555555555555,0.18518518518518517,0.09259259259259259,0.3333333333333333,0.3148148148148148,0.018518518518518517,0.24074074074074073
Derryvillane,Cork County,214,57,3,3,60,77,14,0.014018691588785047,0.2803738317757009,0.06542056074766354,0.3598130841121495,0.26635514018691586,0.014018691588785047,0.29439252336448596
Desertegny,Donegal,260,57,6,10,98,70,19,0.038461538461538464,0.3769230769230769,0.07307692307692308,0.2692307692307692,0.21923076923076923,0.023076923076923078,0.4153846153846154
Diamond,Cavan,47,9,0,1,15,22,0,0.02127659574468085,0.3191489361702128,0.0,0.46808510638297873,0.19148936170212766,0.0,0.3404255319148936
Dingle,Kerry,862,77,14,212,141,273,145,0.2459396751740139,0.16357308584686775,0.16821345707656613,0.3167053364269142,0.08932714617169374,0.016241299303944315,0.4095127610208817
Dock A,Limerick,473,110,14,12,162,158,17,0.02536997885835095,0.34249471458773784,0.035940803382663845,0.33403805496828753,0.23255813953488372,0.02959830866807611,0.3678646934460888
Dock B,Limerick,245,56,11,6,65,86,21,0.024489795918367346,0.2653061224489796,0.08571428571428572,0.3510204081632653,0.22857142857142856,0.044897959183673466,0.2897959183673469
Dock C,Limerick,422,101,10,17,86,173,35,0.04028436018957346,0.2037914691943128,0.08293838862559241,0.4099526066350711,0.23933649289099526,0.023696682464454975,0.24407582938388625
Dock D,Limerick,366,56,9,18,121,127,35,0.04918032786885246,0.33060109289617484,0.09562841530054644,0.3469945355191257,0.15300546448087432,0.02459016393442623,0.3797814207650273
Doire Fhínín,Corcaigh,177,15,3,31,35,61,32,0.1751412429378531,0.1977401129943503,0.1807909604519774,0.3446327683615819,0.0847457627118644,0.01694915254237288,0.3728813559322034
Doire Fhíonáin,Ciarraí,106,21,2,11,18,46,8,0.10377358490566038,0.16981132075471697,0.07547169811320754,0.4339622641509434,0.19811320754716982,0.018867924528301886,0.27358490566037735
Doire Ianna/An Chluain,Ciarraí,129,19,2,13,33,52,10,0.10077519379844961,0.2558139534883721,0.07751937984496124,0.40310077519379844,0.14728682170542637,0.015503875968992248,0.35658914728682173
Dolla,Tipperary,99,30,0,0,21,45,3,0.0,0.21212121212121213,0.030303030303030304,0.45454545454545453,0.30303030303030304,0.0,0.21212121212121213
Domhnach Phádraig,An Mhí,948,181,13,80,285,316,73,0.08438818565400844,0.30063291139240506,0.0770042194092827,0.3333333333333333,0.1909282700421941,0.013713080168776372,0.3850210970464135
Donabate,Fingal,4604,1209,113,124,1513,1388,257,0.02693310165073849,0.32862728062554303,0.05582102519548219,0.3014769765421373,0.26259774109470024,0.024543874891398785,0.3555603822762815
Donadea,Kildare,425,133,10,11,128,120,23,0.02588235294117647,0.30117647058823527,0.05411764705882353,0.2823529411764706,0.3129411764705882,0.023529411764705882,0.3270588235294118
Donaghcumper,Kildare,2718,703,60,80,883,815,177,0.029433406916850625,0.3248712288447388,0.06512141280353201,0.29985283296541576,0.2586460632818249,0.02207505518763797,0.3543046357615894
Donaghmore,Laois,96,29,1,1,37,26,2,0.010416666666666666,0.3854166666666667,0.020833333333333332,0.2708333333333333,0.3020833333333333,0.010416666666666666,0.3958333333333333
Donaghmore,Meath,5171,1185,100,193,1888,1470,335,0.03732353509959389,0.3651131309224521,0.06478437439566814,0.2842777025720364,0.22916263778766197,0.01933861922258751,0.40243666602204603
Donaghmore,Wicklow,185,55,6,5,56,57,6,0.02702702702702703,0.3027027027027027,0.032432432432432434,0.3081081081081081,0.2972972972972973,0.032432432432432434,0.32972972972972975
Donaghmoyne,Monaghan,306,68,3,7,114,96,18,0.02287581699346405,0.37254901960784315,0.058823529411764705,0.3137254901960784,0.2222222222222222,0.00980392156862745,0.3954248366013072
Donaghpatrick,Galway County,237,60,2,1,60,93,21,0.004219409282700422,0.25316455696202533,0.08860759493670886,0.3924050632911392,0.25316455696202533,0.008438818565400843,0.25738396624472576
Donard,Wicklow,198,47,4,3,57,77,10,0.015151515151515152,0.2878787878787879,0.050505050505050504,0.3888888888888889,0.23737373737373738,0.020202020202020204,0.30303030303030304
Donegal,Donegal,1475,337,48,53,428,531,78,0.03593220338983051,0.2901694915254237,0.05288135593220339,0.36,0.22847457627118645,0.03254237288135593,0.32610169491525426
Doneraile,Cork County,534,173,18,3,156,164,20,0.0056179775280898875,0.29213483146067415,0.03745318352059925,0.30711610486891383,0.32397003745318353,0.033707865168539325,0.29775280898876405
Donohill,Tipperary,260,77,7,3,77,84,12,0.011538461538461539,0.29615384615384616,0.046153846153846156,0.3230769230769231,0.29615384615384616,0.026923076923076925,0.3076923076923077
Donore,Kildare,371,106,5,10,105,132,13,0.026954177897574125,0.2830188679245283,0.03504043126684636,0.3557951482479784,0.2857142857142857,0.013477088948787063,0.30997304582210244
Donore,Laois,228,52,16,2,65,79,14,0.008771929824561403,0.2850877192982456,0.06140350877192982,0.34649122807017546,0.22807017543859648,0.07017543859649122,0.29385964912280704
Doocarrig,Kerry,283,64,7,7,91,93,21,0.024734982332155476,0.3215547703180212,0.07420494699646643,0.3286219081272085,0.22614840989399293,0.024734982332155476,0.3462897526501767
Doocastle,Mayo,143,50,3,3,32,44,11,0.02097902097902098,0.22377622377622378,0.07692307692307693,0.3076923076923077,0.34965034965034963,0.02097902097902098,0.24475524475524477
Doogary,Cavan,42,7,3,1,9,19,3,0.023809523809523808,0.21428571428571427,0.07142857142857142,0.4523809523809524,0.16666666666666666,0.07142857142857142,0.23809523809523808
Dooish,Donegal,388,75,7,20,140,127,19,0.05154639175257732,0.36082474226804123,0.04896907216494845,0.327319587628866,0.19329896907216496,0.01804123711340206,0.41237113402061853
Doon,Kerry,353,87,7,9,87,140,23,0.025495750708215296,0.24645892351274787,0.06515580736543909,0.39660056657223797,0.24645892351274787,0.019830028328611898,0.2719546742209632
Doon,Offaly,205,62,5,5,58,66,9,0.024390243902439025,0.28292682926829266,0.04390243902439024,0.32195121951219513,0.3024390243902439,0.024390243902439025,0.3073170731707317
Doon South,Limerick,601,184,10,16,161,201,29,0.026622296173044926,0.26788685524126454,0.048252911813643926,0.33444259567387685,0.30615640599001664,0.016638935108153077,0.2945091514143095
Doon West,Limerick,135,42,2,1,39,44,7,0.007407407407407408,0.28888888888888886,0.05185185185185185,0.32592592592592595,0.3111111111111111,0.014814814814814815,0.2962962962962963
Doonane,Laois,299,75,6,5,110,86,17,0.016722408026755852,0.36789297658862874,0.056856187290969896,0.28762541806020064,0.2508361204013378,0.020066889632107024,0.38461538461538464
Doonasleen,Cork County,183,60,2,2,46,56,17,0.01092896174863388,0.25136612021857924,0.09289617486338798,0.30601092896174864,0.32786885245901637,0.01092896174863388,0.26229508196721313
Doonbally,Galway County,263,45,8,7,99,91,13,0.026615969581749048,0.376425855513308,0.049429657794676805,0.34600760456273766,0.17110266159695817,0.030418250950570342,0.40304182509505704
Doonbeg,Clare,333,75,15,7,68,142,26,0.021021021021021023,0.2042042042042042,0.07807807807807808,0.4264264264264264,0.22522522522522523,0.04504504504504504,0.22522522522522523
Doonis,Westmeath,122,30,4,5,33,46,4,0.040983606557377046,0.27049180327868855,0.03278688524590164,0.3770491803278688,0.2459016393442623,0.03278688524590164,0.3114754098360656
Doonloughan,Galway County,27,4,3,0,7,11,2,0.0,0.25925925925925924,0.07407407407407407,0.4074074074074074,0.14814814814814814,0.1111111111111111,0.25925925925925924
Doora,Clare,1074,275,23,20,342,362,52,0.0186219739292365,0.31843575418994413,0.048417132216014895,0.3370577281191806,0.25605214152700184,0.021415270018621976,0.3370577281191806
Doorus,Galway County,427,80,16,17,132,162,20,0.03981264637002342,0.3091334894613583,0.0468384074941452,0.3793911007025761,0.1873536299765808,0.03747072599531616,0.34894613583138173
Doory,Longford,158,44,3,1,43,62,5,0.006329113924050633,0.2721518987341772,0.03164556962025317,0.3924050632911392,0.27848101265822783,0.0189873417721519,0.27848101265822783
Douce,Cork County,84,13,2,8,30,27,4,0.09523809523809523,0.35714285714285715,0.047619047619047616,0.32142857142857145,0.15476190476190477,0.023809523809523808,0.4523809523809524
Douglas,Cork County,67,22,0,2,23,15,5,0.029850746268656716,0.34328358208955223,0.07462686567164178,0.22388059701492538,0.3283582089552239,0.0,0.373134328358209
Douglas/Lehenagh,Cork City,3238,932,54,73,923,1069,187,0.022544780728844967,0.28505250154416306,0.05775169857936998,0.330142063001853,0.2878319950586782,0.016676961087090797,0.30759728227300803
Downings,Kildare,1235,317,23,20,422,372,81,0.016194331983805668,0.3417004048582996,0.06558704453441296,0.30121457489878545,0.25668016194331983,0.01862348178137652,0.35789473684210527
Dowra,Cavan,47,11,1,3,10,21,1,0.06382978723404255,0.2127659574468085,0.02127659574468085,0.44680851063829785,0.23404255319148937,0.02127659574468085,0.2765957446808511
Drangan,Tipperary,285,79,8,3,84,103,8,0.010526315789473684,0.29473684210526313,0.028070175438596492,0.36140350877192984,0.2771929824561403,0.028070175438596492,0.30526315789473685
Drehid,Kildare,125,28,9,0,40,39,9,0.0,0.32,0.072,0.312,0.224,0.072,0.32
Drinagh,"Cork County, 047133",166,47,1,7,54,47,10,0.04216867469879518,0.3253012048192771,0.060240963855421686,0.28313253012048195,0.28313253012048195,0.006024096385542169,0.3674698795180723
Drinagh,"Cork County, 047134",132,41,1,3,41,33,13,0.022727272727272728,0.3106060606060606,0.09848484848484848,0.25,0.3106060606060606,0.007575757575757576,0.3333333333333333
Drinagh,Wexford,403,116,12,4,108,132,31,0.009925558312655087,0.2679900744416873,0.07692307692307693,0.32754342431761785,0.2878411910669975,0.02977667493796526,0.27791563275434245
Dripsey,Cork County,787,205,19,20,227,279,37,0.025412960609911054,0.2884371029224905,0.04701397712833545,0.3545108005082592,0.2604828462515883,0.0241423125794155,0.3138500635324015
Drishane,Cork County,695,204,20,18,208,219,26,0.025899280575539568,0.2992805755395683,0.03741007194244604,0.31510791366906477,0.2935251798561151,0.02877697841726619,0.3251798561151079
Droichead Nua (Newbridge) Rural,Kildare,1360,360,29,25,468,385,93,0.01838235294117647,0.34411764705882353,0.06838235294117648,0.28308823529411764,0.2647058823529412,0.021323529411764706,0.3625
Droichead Nua (Newbridge) Urban,Kildare,2255,616,59,42,648,785,105,0.01862527716186253,0.28736141906873613,0.04656319290465632,0.34811529933481156,0.2731707317073171,0.02616407982261641,0.30598669623059865
Drom,Tipperary,596,174,6,10,173,203,30,0.016778523489932886,0.2902684563758389,0.050335570469798654,0.34060402684563756,0.29194630872483224,0.010067114093959731,0.3070469798657718
Dromana,Waterford,290,63,9,6,97,93,22,0.020689655172413793,0.33448275862068966,0.07586206896551724,0.32068965517241377,0.21724137931034482,0.03103448275862069,0.35517241379310344
Dromard,Limerick,438,87,7,8,162,146,28,0.0182648401826484,0.3698630136986301,0.0639269406392694,0.3333333333333333,0.19863013698630136,0.01598173515981735,0.3881278538812785
Dromard East,Sligo,51,23,1,2,11,14,0,0.0392156862745098,0.21568627450980393,0.0,0.27450980392156865,0.45098039215686275,0.0196078431372549,0.2549019607843137
Dromard West,Sligo,104,44,3,4,31,20,2,0.038461538461538464,0.2980769230769231,0.019230769230769232,0.19230769230769232,0.4230769230769231,0.028846153846153848,0.33653846153846156
Dromcolliher,Limerick,373,118,12,4,98,128,13,0.010723860589812333,0.26273458445040215,0.03485254691689008,0.34316353887399464,0.3163538873994638,0.032171581769437,0.2734584450402145
Dromdaleague North,Cork County,96,15,2,3,33,37,6,0.03125,0.34375,0.0625,0.3854166666666667,0.15625,0.020833333333333332,0.375
Dromdaleague South,Cork County,250,77,6,3,68,91,5,0.012,0.272,0.02,0.364,0.308,0.024,0.284
Dromin,Kerry,383,105,7,4,121,135,11,0.010443864229765013,0.31592689295039167,0.028720626631853787,0.3524804177545692,0.2741514360313316,0.018276762402088774,0.3263707571801567
Dromin,Limerick,240,61,10,4,78,76,11,0.016666666666666666,0.325,0.04583333333333333,0.31666666666666665,0.25416666666666665,0.041666666666666664,0.3416666666666667
Dromin,Louth,269,89,1,2,90,71,16,0.007434944237918215,0.3345724907063197,0.05947955390334572,0.26394052044609667,0.3308550185873606,0.0037174721189591076,0.3420074349442379
Dromina,Cork County,245,62,7,2,78,83,13,0.00816326530612245,0.3183673469387755,0.053061224489795916,0.33877551020408164,0.2530612244897959,0.02857142857142857,0.32653061224489793
Dromiskin,Louth,875,262,12,13,281,272,35,0.014857142857142857,0.3211428571428571,0.04,0.31085714285714283,0.29942857142857143,0.013714285714285714,0.336
Drommartin,Kerry,222,63,1,0,69,78,11,0.0,0.3108108108108108,0.04954954954954955,0.35135135135135137,0.28378378378378377,0.0045045045045045045,0.3108108108108108
Dromore,Cork County,1250,319,25,37,436,369,64,0.0296,0.3488,0.0512,0.2952,0.2552,0.02,0.3784
Dromore,Kerry,97,22,1,0,22,44,8,0.0,0.2268041237113402,0.08247422680412371,0.4536082474226804,0.2268041237113402,0.010309278350515464,0.2268041237113402
Dromore,Sligo,211,69,4,0,75,52,11,0.0,0.35545023696682465,0.052132701421800945,0.24644549763033174,0.32701421800947866,0.018957345971563982,0.35545023696682465
Dromore,Waterford,102,23,1,0,40,28,10,0.0,0.39215686274509803,0.09803921568627451,0.27450980392156865,0.22549019607843138,0.00980392156862745,0.39215686274509803
Dromoyle,Offaly,142,36,5,5,51,39,6,0.035211267605633804,0.3591549295774648,0.04225352112676056,0.2746478873239437,0.2535211267605634,0.035211267605633804,0.39436619718309857
Dromtrasna,Limerick,420,123,11,5,130,131,20,0.011904761904761904,0.30952380952380953,0.047619047619047616,0.3119047619047619,0.29285714285714287,0.02619047619047619,0.32142857142857145
Drum,Monaghan,61,11,2,0,24,21,3,0.0,0.39344262295081966,0.04918032786885246,0.3442622950819672,0.18032786885245902,0.03278688524590164,0.39344262295081966
Drumacoo,Galway County,713,160,14,17,213,262,47,0.023842917251051893,0.29873772791023845,0.06591865357643759,0.36746143057503505,0.2244039270687237,0.019635343618513323,0.3225806451612903
Drumahaire,Leitrim,710,206,22,22,209,208,43,0.030985915492957747,0.2943661971830986,0.06056338028169014,0.29295774647887324,0.29014084507042254,0.030985915492957747,0.32535211267605635
Drumanespick,Cavan,178,40,4,5,75,42,12,0.028089887640449437,0.42134831460674155,0.06741573033707865,0.23595505617977527,0.2247191011235955,0.02247191011235955,0.449438202247191
Drumard,Leitrim,103,29,1,3,23,39,8,0.02912621359223301,0.22330097087378642,0.07766990291262135,0.3786407766990291,0.2815533980582524,0.009708737864077669,0.2524271844660194
Drumboory,Monaghan,237,60,6,2,90,60,19,0.008438818565400843,0.379746835443038,0.08016877637130802,0.25316455696202533,0.25316455696202533,0.02531645569620253,0.3881856540084388
Drumcannon,Waterford,181,47,6,5,54,57,12,0.027624309392265192,0.2983425414364641,0.06629834254143646,0.3149171270718232,0.2596685082872928,0.03314917127071823,0.3259668508287293
Drumcar,Louth,521,152,9,10,135,180,35,0.019193857965451054,0.2591170825335892,0.0671785028790787,0.345489443378119,0.29174664107485604,0.01727447216890595,0.2783109404990403
Drumcarban,Cavan,267,64,8,4,107,68,16,0.0149812734082397,0.40074906367041196,0.0599250936329588,0.2546816479400749,0.2397003745318352,0.0299625468164794,0.4157303370786517
Drumcarn,Cavan,201,68,1,1,60,65,6,0.004975124378109453,0.29850746268656714,0.029850746268656716,0.32338308457711445,0.3383084577114428,0.004975124378109453,0.3034825870646766
Drumcarrow,Monaghan,178,38,8,4,78,41,9,0.02247191011235955,0.43820224719101125,0.05056179775280899,0.2303370786516854,0.21348314606741572,0.0449438202247191,0.4606741573033708
Drumcliff East,Sligo,393,97,14,10,91,156,25,0.02544529262086514,0.23155216284987276,0.06361323155216285,0.3969465648854962,0.24681933842239187,0.035623409669211195,0.25699745547073793
Drumcliff West,Sligo,896,272,14,26,175,349,60,0.029017857142857144,0.1953125,0.06696428571428571,0.38950892857142855,0.30357142857142855,0.015625,0.22433035714285715
Drumcolumb,Sligo,95,37,4,0,19,33,2,0.0,0.2,0.021052631578947368,0.3473684210526316,0.3894736842105263,0.042105263157894736,0.2
Drumcondra,Meath,488,120,9,3,150,170,36,0.006147540983606557,0.3073770491803279,0.07377049180327869,0.3483606557377049,0.2459016393442623,0.018442622950819672,0.3135245901639344
Drumcondra South A,Dublin City,2316,644,42,106,545,827,152,0.045768566493955096,0.23531951640759932,0.06563039723661486,0.35708117443868737,0.27806563039723664,0.018134715025906734,0.2810880829015544
Drumcondra South B,Dublin City,523,169,12,27,92,192,31,0.05162523900573614,0.17590822179732313,0.05927342256214149,0.367112810707457,0.3231357552581262,0.022944550669216062,0.22753346080305928
Drumcondra South C,Dublin City,1591,350,29,78,377,614,143,0.04902576995600252,0.2369578881206788,0.08988057825267128,0.3859208045254557,0.21998742928975487,0.018227529855436832,0.28598365807668136
Drumcreehy,Clare,199,38,3,2,35,108,13,0.010050251256281407,0.17587939698492464,0.06532663316582915,0.542713567839196,0.19095477386934673,0.01507537688442211,0.18592964824120603
Drumcullen,Offaly,181,36,0,9,63,60,13,0.049723756906077346,0.34806629834254144,0.0718232044198895,0.3314917127071823,0.19889502762430938,0.0,0.39779005524861877
Drumdaff,Roscommon,224,64,4,1,63,80,12,0.004464285714285714,0.28125,0.05357142857142857,0.35714285714285715,0.2857142857142857,0.017857142857142856,0.2857142857142857
Drumdoo,Leitrim,132,41,6,0,36,47,2,0.0,0.2727272727272727,0.015151515151515152,0.3560606060606061,0.3106060606060606,0.045454545454545456,0.2727272727272727
Drumellihy,Clare,213,45,5,5,66,74,18,0.023474178403755867,0.30985915492957744,0.08450704225352113,0.3474178403755869,0.2112676056338028,0.023474178403755867,0.3333333333333333
Drumfin,Sligo,167,37,3,2,61,55,9,0.011976047904191617,0.3652694610778443,0.05389221556886228,0.32934131736526945,0.2215568862275449,0.017964071856287425,0.3772455089820359
Drumfinn,Dublin City,668,160,34,21,215,198,40,0.03143712574850299,0.3218562874251497,0.059880239520958084,0.2964071856287425,0.23952095808383234,0.05089820359281437,0.3532934131736527
Drumgort,Longford,171,46,4,5,55,52,9,0.029239766081871343,0.3216374269005848,0.05263157894736842,0.30409356725146197,0.26900584795321636,0.023391812865497075,0.3508771929824561
Drumgurra,Monaghan,288,71,7,6,116,70,18,0.020833333333333332,0.4027777777777778,0.0625,0.24305555555555555,0.2465277777777778,0.024305555555555556,0.4236111111111111
Drumhillagh,Monaghan,266,65,3,7,93,87,11,0.02631578947368421,0.34962406015037595,0.041353383458646614,0.32706766917293234,0.24436090225563908,0.011278195488721804,0.37593984962406013
Drumkeary,Galway County,269,67,10,6,66,102,18,0.022304832713754646,0.24535315985130113,0.06691449814126393,0.379182156133829,0.24907063197026022,0.03717472118959108,0.26765799256505574
Drumline,Clare,452,109,9,14,122,169,29,0.030973451327433628,0.26991150442477874,0.06415929203539823,0.37389380530973454,0.2411504424778761,0.01991150442477876,0.3008849557522124
Drumlish,Longford,552,146,10,15,201,145,35,0.02717391304347826,0.3641304347826087,0.06340579710144928,0.26268115942028986,0.2644927536231884,0.018115942028985508,0.391304347826087
Drumlosh,Roscommon,149,39,3,1,45,56,5,0.006711409395973154,0.30201342281879195,0.03355704697986577,0.37583892617449666,0.26174496644295303,0.020134228187919462,0.3087248322147651
Drumlumman,Cavan,295,82,4,6,107,80,16,0.020338983050847456,0.36271186440677966,0.05423728813559322,0.2711864406779661,0.27796610169491526,0.013559322033898305,0.38305084745762713
Drummaan,Clare,277,61,5,6,103,87,15,0.021660649819494584,0.37184115523465705,0.05415162454873646,0.3140794223826715,0.22021660649819494,0.018050541516245487,0.3935018050541516
Drummeel,Longford,52,10,3,3,17,16,3,0.057692307692307696,0.3269230769230769,0.057692307692307696,0.3076923076923077,0.19230769230769232,0.057692307692307696,0.38461538461538464
Drummin,Galway County,170,34,5,2,47,70,12,0.011764705882352941,0.27647058823529413,0.07058823529411765,0.4117647058823529,0.2,0.029411764705882353,0.28823529411764703
Drummin,Mayo,43,8,3,0,13,15,4,0.0,0.3023255813953488,0.09302325581395349,0.3488372093023256,0.18604651162790697,0.06976744186046512,0.3023255813953488
Drummullagh,Louth,478,107,4,13,151,163,40,0.027196652719665274,0.3158995815899582,0.08368200836820083,0.3410041841004184,0.22384937238493724,0.008368200836820083,0.34309623430962344
Drummully,Monaghan,48,9,1,2,19,16,1,0.041666666666666664,0.3958333333333333,0.020833333333333332,0.3333333333333333,0.1875,0.020833333333333332,0.4375
Drumod,Leitrim,373,94,7,3,129,116,24,0.00804289544235925,0.34584450402144773,0.064343163538874,0.3109919571045576,0.2520107238605898,0.01876675603217158,0.353887399463807
Drumraney,Westmeath,107,29,3,0,35,35,5,0.0,0.32710280373831774,0.04672897196261682,0.32710280373831774,0.27102803738317754,0.028037383177570093,0.32710280373831774
Drumrat,Sligo,228,67,18,4,57,67,15,0.017543859649122806,0.25,0.06578947368421052,0.29385964912280704,0.29385964912280704,0.07894736842105263,0.2675438596491228
Drumreilly North,Leitrim,69,13,1,0,15,37,3,0.0,0.21739130434782608,0.043478260869565216,0.5362318840579711,0.18840579710144928,0.014492753623188406,0.21739130434782608
Drumreilly South,Leitrim,58,12,4,0,20,21,1,0.0,0.3448275862068966,0.017241379310344827,0.3620689655172414,0.20689655172413793,0.06896551724137931,0.3448275862068966
Drumreilly West/Drumreilly East,Leitrim,43,11,0,0,17,14,1,0.0,0.3953488372093023,0.023255813953488372,0.32558139534883723,0.2558139534883721,0.0,0.3953488372093023
Drumroe,Waterford,117,46,3,3,26,37,2,0.02564102564102564,0.2222222222222222,0.017094017094017096,0.3162393162393162,0.39316239316239315,0.02564102564102564,0.24786324786324787
Drumshanbo,Leitrim,558,160,10,14,159,188,27,0.025089605734767026,0.2849462365591398,0.04838709677419355,0.33691756272401435,0.2867383512544803,0.017921146953405017,0.3100358422939068
Drumsna,Leitrim,303,79,11,1,86,115,11,0.0033003300330033004,0.2838283828382838,0.036303630363036306,0.3795379537953795,0.2607260726072607,0.036303630363036306,0.2871287128712871
Drumsnat,Monaghan,422,89,10,15,160,125,23,0.035545023696682464,0.3791469194312796,0.054502369668246446,0.2962085308056872,0.2109004739336493,0.023696682464454975,0.4146919431279621
Drumwood,Tipperary,294,80,12,6,85,100,11,0.02040816326530612,0.2891156462585034,0.03741496598639456,0.3401360544217687,0.272108843537415,0.04081632653061224,0.30952380952380953
Drung,Cavan,164,41,3,3,54,50,13,0.018292682926829267,0.32926829268292684,0.07926829268292683,0.3048780487804878,0.25,0.018292682926829267,0.3475609756097561
Duagh,Kerry,237,60,7,4,67,88,11,0.016877637130801686,0.28270042194092826,0.046413502109704644,0.37130801687763715,0.25316455696202533,0.029535864978902954,0.29957805907172996
Dubber,Fingal,1870,344,42,57,853,476,98,0.03048128342245989,0.4561497326203209,0.052406417112299465,0.2545454545454545,0.1839572192513369,0.022459893048128343,0.48663101604278075
Duleek,Meath,1862,430,58,29,708,534,103,0.015574650912996778,0.3802363050483351,0.05531686358754028,0.28678839957035446,0.23093447905477982,0.031149301825993556,0.3958109559613319
Dumha Éige,Maigh Eo,361,39,9,38,64,155,56,0.10526315789473684,0.1772853185595568,0.15512465373961218,0.4293628808864266,0.10803324099722991,0.024930747922437674,0.28254847645429365
Dunaff,Donegal,173,37,9,2,62,50,13,0.011560693641618497,0.3583815028901734,0.07514450867052024,0.28901734104046245,0.2138728323699422,0.05202312138728324,0.3699421965317919
Dunamon,Roscommon,143,44,2,1,40,51,5,0.006993006993006993,0.27972027972027974,0.03496503496503497,0.35664335664335667,0.3076923076923077,0.013986013986013986,0.2867132867132867
Dunbeacon,Cork County,57,17,3,0,9,22,6,0.0,0.15789473684210525,0.10526315789473684,0.38596491228070173,0.2982456140350877,0.05263157894736842,0.15789473684210525
Dunbell,Kilkenny,221,73,3,3,54,76,12,0.013574660633484163,0.24434389140271492,0.05429864253393665,0.3438914027149321,0.33031674208144796,0.013574660633484163,0.2579185520361991
Dunboyne,Meath,4367,1124,95,155,1352,1371,270,0.035493473780627435,0.3095946874284406,0.061827341424318755,0.31394550034348523,0.2573849324479047,0.021754064575223265,0.345088161209068
Duncormick,Wexford,172,51,2,1,71,43,4,0.005813953488372093,0.4127906976744186,0.023255813953488372,0.25,0.29651162790697677,0.011627906976744186,0.4186046511627907
Dundalk No. 1 Urban,Louth,488,141,24,7,113,182,21,0.014344262295081968,0.23155737704918034,0.0430327868852459,0.3729508196721312,0.2889344262295082,0.04918032786885246,0.2459016393442623
Dundalk No. 2 Urban,Louth,220,62,13,13,50,71,11,0.05909090909090909,0.22727272727272727,0.05,0.32272727272727275,0.2818181818181818,0.05909090909090909,0.2863636363636364
Dundalk No. 3 Urban,Louth,438,149,12,7,95,157,18,0.01598173515981735,0.21689497716894976,0.0410958904109589,0.3584474885844749,0.3401826484018265,0.0273972602739726,0.2328767123287671
Dundalk No. 4 Urban,Louth,2004,510,62,48,580,660,144,0.023952095808383235,0.2894211576846307,0.0718562874251497,0.32934131736526945,0.25449101796407186,0.03093812375249501,0.313373253493014
Dundalk Rural (North),Louth,1779,416,57,48,623,534,101,0.026981450252951095,0.3501967397414278,0.0567734682405846,0.30016863406408095,0.23383923552557617,0.03204047217537943,0.37717818999437885
Dundalk Rural (South),Louth,4204,999,98,119,1457,1252,279,0.028306374881065653,0.3465746907706946,0.06636536631779258,0.2978116079923882,0.23763082778306374,0.023311132254995242,0.3748810656517602
Dunderrow,Cork County,918,233,20,18,282,308,57,0.0196078431372549,0.30718954248366015,0.06209150326797386,0.3355119825708061,0.25381263616557737,0.02178649237472767,0.32679738562091504
Dundrum-Balally,Dún Laoghaire-Rathdown,2533,737,49,81,688,824,154,0.03197789182787209,0.27161468614291356,0.06079747335175681,0.3253059613106988,0.29095933675483615,0.01934465061192262,0.30359257797078565
Dundrum-Kilmacud,Dún Laoghaire-Rathdown,1458,446,33,41,368,490,80,0.028120713305898493,0.252400548696845,0.05486968449931413,0.33607681755829905,0.3058984910836763,0.02263374485596708,0.28052126200274347
Dundrum-Sandyford,Dún Laoghaire-Rathdown,2806,865,49,86,680,964,162,0.030648610121168925,0.24233784746970777,0.05773342836778332,0.3435495367070563,0.3082679971489665,0.017462580185317177,0.2729864575908767
Dundrum-Sweetmount,Dún Laoghaire-Rathdown,1099,312,27,77,233,374,76,0.07006369426751592,0.21201091901728844,0.06915377616014559,0.3403093721565059,0.28389444949954507,0.02456778889899909,0.2820746132848044
Dundrum-Taney,Dún Laoghaire-Rathdown,1209,337,25,47,299,408,93,0.03887510339123242,0.24731182795698925,0.07692307692307693,0.337468982630273,0.2787427626137304,0.0206782464846981,0.28618693134822165
Dunfierth,Kildare,313,87,8,12,102,92,12,0.038338658146964855,0.3258785942492013,0.038338658146964855,0.2939297124600639,0.2779552715654952,0.025559105431309903,0.36421725239616615
Dunganstown East,Wicklow,397,110,9,12,123,119,24,0.030226700251889168,0.30982367758186397,0.060453400503778336,0.29974811083123426,0.2770780856423174,0.022670025188916875,0.34005037783375314
Dunganstown South,Wicklow,358,114,18,9,96,100,21,0.025139664804469275,0.2681564245810056,0.05865921787709497,0.27932960893854747,0.31843575418994413,0.05027932960893855,0.29329608938547486
Dunganstown West,Wicklow,180,40,6,7,54,62,11,0.03888888888888889,0.3,0.06111111111111111,0.34444444444444444,0.2222222222222222,0.03333333333333333,0.3388888888888889
Dungarvan No. 1 Urban,Waterford,1653,403,52,69,411,601,117,0.041742286751361164,0.24863883847549909,0.07078039927404718,0.36358136721113127,0.24379915305505143,0.03145795523290986,0.29038112522686027
Dungarvan No. 2 Urban,Waterford,1868,455,36,98,529,595,155,0.05246252676659529,0.2831905781584582,0.08297644539614561,0.31852248394004284,0.243576017130621,0.019271948608137045,0.3356531049250535
Dungarvan Rural,Waterford,899,198,26,43,277,289,66,0.047830923248053395,0.3081201334816463,0.07341490545050056,0.32146829810901,0.22024471635150167,0.028921023359288096,0.3559510567296997
Dungourney,Cork County,360,97,7,5,145,93,13,0.013888888888888888,0.4027777777777778,0.03611111111111111,0.25833333333333336,0.26944444444444443,0.019444444444444445,0.4166666666666667
Dunhill,Waterford,139,32,0,3,41,55,8,0.02158273381294964,0.2949640287769784,0.05755395683453238,0.39568345323741005,0.2302158273381295,0.0,0.31654676258992803
Dunkerrin,Offaly,187,49,3,2,55,61,17,0.0106951871657754,0.29411764705882354,0.09090909090909091,0.32620320855614976,0.2620320855614973,0.016042780748663103,0.3048128342245989
Dunkineely,Donegal,291,90,11,7,79,91,13,0.024054982817869417,0.27147766323024053,0.044673539518900345,0.3127147766323024,0.30927835051546393,0.037800687285223365,0.29553264604810997
Dunkitt,Kilkenny,385,105,14,4,115,129,18,0.01038961038961039,0.2987012987012987,0.046753246753246755,0.33506493506493507,0.2727272727272727,0.03636363636363636,0.3090909090909091
Dunlavin,Wicklow,556,142,13,8,176,182,35,0.014388489208633094,0.31654676258992803,0.06294964028776978,0.3273381294964029,0.25539568345323743,0.023381294964028777,0.33093525179856115
Dunleer,Louth,1021,278,18,21,365,289,50,0.02056807051909892,0.3574926542605289,0.04897159647404505,0.28305582761998044,0.2722820763956905,0.01762977473065622,0.3780607247796278
Dunloe,Kerry,333,85,6,11,65,141,25,0.03303303303303303,0.19519519519519518,0.07507507507507508,0.42342342342342343,0.2552552552552553,0.018018018018018018,0.22822822822822822
Dunmain,Wexford,135,45,3,3,44,34,6,0.022222222222222223,0.32592592592592595,0.044444444444444446,0.2518518518518518,0.3333333333333333,0.022222222222222223,0.34814814814814815
Dunmakeever/Benbrack/Derrynananta,Cavan,72,23,2,1,16,25,5,0.013888888888888888,0.2222222222222222,0.06944444444444445,0.3472222222222222,0.3194444444444444,0.027777777777777776,0.2361111111111111
Dunmanoge,Kildare,183,57,5,7,45,59,10,0.03825136612021858,0.2459016393442623,0.0546448087431694,0.3224043715846995,0.3114754098360656,0.0273224043715847,0.28415300546448086
Dunmanus,Cork County,97,23,5,2,22,39,6,0.020618556701030927,0.2268041237113402,0.061855670103092786,0.4020618556701031,0.23711340206185566,0.05154639175257732,0.24742268041237114
Dunmanway North,Cork County,459,125,13,6,109,186,20,0.013071895424836602,0.2374727668845316,0.04357298474945534,0.40522875816993464,0.27233115468409586,0.02832244008714597,0.25054466230936817
Dunmanway South,Cork County,640,189,19,6,188,201,37,0.009375,0.29375,0.0578125,0.3140625,0.2953125,0.0296875,0.303125
Dunmore,Kilkenny,290,78,5,16,79,93,19,0.05517241379310345,0.27241379310344827,0.06551724137931035,0.32068965517241377,0.2689655172413793,0.017241379310344827,0.3275862068965517
Dunmore,Laois,120,23,2,0,34,51,10,0.0,0.2833333333333333,0.08333333333333333,0.425,0.19166666666666668,0.016666666666666666,0.2833333333333333
Dunmore North,Galway County,273,67,4,7,75,93,27,0.02564102564102564,0.27472527472527475,0.0989010989010989,0.34065934065934067,0.2454212454212454,0.014652014652014652,0.30036630036630035
Dunmore South,Galway County,381,103,9,6,94,145,24,0.015748031496062992,0.24671916010498687,0.06299212598425197,0.3805774278215223,0.27034120734908135,0.023622047244094488,0.26246719160104987
Dunmoylan East,Limerick,216,60,8,5,59,69,15,0.023148148148148147,0.27314814814814814,0.06944444444444445,0.3194444444444444,0.2777777777777778,0.037037037037037035,0.2962962962962963
Dunmurry,Kildare,205,61,3,6,55,68,12,0.02926829268292683,0.2682926829268293,0.05853658536585366,0.33170731707317075,0.2975609756097561,0.014634146341463415,0.2975609756097561
Dunnamaggan,Kilkenny,224,65,3,4,83,61,8,0.017857142857142856,0.3705357142857143,0.03571428571428571,0.27232142857142855,0.29017857142857145,0.013392857142857142,0.38839285714285715
Dunnaman,Limerick,344,81,5,4,92,143,19,0.011627906976744186,0.26744186046511625,0.055232558139534885,0.41569767441860467,0.23546511627906977,0.014534883720930232,0.27906976744186046
Dunshaughlin,Meath,3471,974,54,111,984,1138,210,0.03197925669835782,0.28349178910976663,0.06050129645635264,0.3278594065110919,0.28061077499279746,0.015557476231633534,0.31547104580812446
Duntryleague,Limerick,135,45,2,1,29,44,14,0.007407407407407408,0.21481481481481482,0.1037037037037037,0.32592592592592595,0.3333333333333333,0.014814814814814815,0.2222222222222222
Durrow,Laois,509,143,10,10,158,157,31,0.019646365422396856,0.3104125736738703,0.060903732809430254,0.30844793713163066,0.28094302554027506,0.019646365422396856,0.3300589390962672
Durrow,Offaly,344,74,6,5,100,141,18,0.014534883720930232,0.29069767441860467,0.05232558139534884,0.40988372093023256,0.21511627906976744,0.01744186046511628,0.30523255813953487
Durrus East,Cork County,114,37,2,2,30,24,19,0.017543859649122806,0.2631578947368421,0.16666666666666666,0.21052631578947367,0.32456140350877194,0.017543859649122806,0.2807017543859649
Durrus West,Cork County,265,76,5,4,70,89,21,0.01509433962264151,0.2641509433962264,0.07924528301886792,0.33584905660377357,0.28679245283018867,0.018867924528301886,0.2792452830188679
Dysart,Louth,383,98,8,13,128,117,19,0.033942558746736295,0.3342036553524804,0.04960835509138381,0.30548302872062666,0.2558746736292428,0.020887728459530026,0.3681462140992167
Dysart,Roscommon,126,32,6,0,28,57,3,0.0,0.2222222222222222,0.023809523809523808,0.4523809523809524,0.25396825396825395,0.047619047619047616,0.2222222222222222
Dysart,Westmeath,117,36,2,2,24,50,3,0.017094017094017096,0.20512820512820512,0.02564102564102564,0.42735042735042733,0.3076923076923077,0.017094017094017096,0.2222222222222222
Dysartgallen,Laois,99,33,2,7,26,25,6,0.0707070707070707,0.26262626262626265,0.06060606060606061,0.25252525252525254,0.3333333333333333,0.020202020202020204,0.3333333333333333
Dysartmoon,Kilkenny,106,32,2,0,33,33,6,0.0,0.3113207547169811,0.05660377358490566,0.3113207547169811,0.3018867924528302,0.018867924528301886,0.3113207547169811
Dysert,Clare,159,42,3,5,46,49,14,0.031446540880503145,0.2893081761006289,0.0880503144654088,0.3081761006289308,0.2641509433962264,0.018867924528301886,0.32075471698113206
Dún Chaoin,Ciarraí,173,4,6,130,18,6,9,0.7514450867052023,0.10404624277456648,0.05202312138728324,0.03468208092485549,0.023121387283236993,0.03468208092485549,0.8554913294797688
Dún Fionnachaidh,Dún na nGall,356,61,11,26,95,130,33,0.07303370786516854,0.26685393258426965,0.09269662921348315,0.3651685393258427,0.17134831460674158,0.03089887640449438,0.3398876404494382
Dún Laoghaire-East Central,Dún Laoghaire-Rathdown,846,236,22,42,178,302,66,0.04964539007092199,0.21040189125295508,0.07801418439716312,0.35697399527186763,0.2789598108747045,0.026004728132387706,0.26004728132387706
Dún Laoghaire-Glasthule,Dún Laoghaire-Rathdown,1264,366,34,40,324,414,86,0.03164556962025317,0.2563291139240506,0.0680379746835443,0.3275316455696203,0.28955696202531644,0.02689873417721519,0.2879746835443038
Dún Laoghaire-Glenageary,Dún Laoghaire-Rathdown,1454,398,21,48,405,480,102,0.033012379642365884,0.27854195323246217,0.07015130674002751,0.33012379642365886,0.2737276478679505,0.014442916093535076,0.3115543328748281
Dún Laoghaire-Monkstown Farm,Dún Laoghaire-Rathdown,727,202,23,48,201,207,46,0.06602475928473177,0.2764786795048143,0.06327372764786796,0.28473177441540576,0.27785419532324623,0.03163686382393398,0.3425034387895461
Dún Laoghaire-Mount Town,Dún Laoghaire-Rathdown,590,118,21,32,217,170,32,0.05423728813559322,0.3677966101694915,0.05423728813559322,0.288135593220339,0.2,0.03559322033898305,0.42203389830508475
Dún Laoghaire-Sallynoggin East,Dún Laoghaire-Rathdown,1090,306,14,50,295,362,63,0.045871559633027525,0.2706422018348624,0.05779816513761468,0.3321100917431193,0.28073394495412846,0.012844036697247707,0.3165137614678899
Dún Laoghaire-Sallynoggin South,Dún Laoghaire-Rathdown,474,125,5,29,126,159,30,0.06118143459915612,0.26582278481012656,0.06329113924050633,0.33544303797468356,0.26371308016877637,0.010548523206751054,0.3270042194092827
Dún Laoghaire-Sallynoggin West,Dún Laoghaire-Rathdown,1239,315,34,34,388,390,78,0.02744148506860371,0.3131557707828894,0.06295399515738499,0.31476997578692495,0.2542372881355932,0.02744148506860371,0.34059725585149314
Dún Laoghaire-Salthill,Dún Laoghaire-Rathdown,696,195,12,41,158,242,48,0.05890804597701149,0.22701149425287356,0.06896551724137931,0.34770114942528735,0.2801724137931034,0.017241379310344827,0.2859195402298851
Dún Laoghaire-Sandycove,Dún Laoghaire-Rathdown,1570,470,37,33,365,547,118,0.021019108280254776,0.23248407643312102,0.0751592356687898,0.3484076433121019,0.29936305732484075,0.02356687898089172,0.2535031847133758
Dún Laoghaire-West Central,Dún Laoghaire-Rathdown,792,239,13,29,172,290,49,0.036616161616161616,0.21717171717171718,0.06186868686868687,0.3661616161616162,0.30176767676767674,0.016414141414141416,0.2537878787878788
Dún Lúiche,Dún na nGall,535,5,7,337,71,48,67,0.6299065420560748,0.13271028037383178,0.1252336448598131,0.08971962616822429,0.009345794392523364,0.013084112149532711,0.7626168224299066
Dún Urlann,Ciarraí,395,1,12,266,49,29,38,0.6734177215189874,0.1240506329113924,0.09620253164556962,0.07341772151898734,0.002531645569620253,0.030379746835443037,0.7974683544303798
Eadestown,Wicklow,70,17,2,1,28,21,1,0.014285714285714285,0.4,0.014285714285714285,0.3,0.24285714285714285,0.02857142857142857,0.4142857142857143
Eanach Dhúin,"Gaillimh, 067009",1010,181,15,52,291,389,82,0.05148514851485148,0.2881188118811881,0.08118811881188119,0.38514851485148516,0.1792079207920792,0.01485148514851485,0.33960396039603963
Eanymore,Donegal,218,46,2,8,70,79,13,0.03669724770642202,0.3211009174311927,0.05963302752293578,0.3623853211009174,0.21100917431192662,0.009174311926605505,0.3577981651376147
Earlstown,Kilkenny,92,22,2,2,27,33,6,0.021739130434782608,0.29347826086956524,0.06521739130434782,0.358695652173913,0.2391304347826087,0.021739130434782608,0.31521739130434784
Easky East,Sligo,202,54,5,2,78,54,9,0.009900990099009901,0.38613861386138615,0.04455445544554455,0.26732673267326734,0.26732673267326734,0.024752475247524754,0.39603960396039606
Easky West,Sligo,235,81,7,6,61,74,6,0.02553191489361702,0.25957446808510637,0.02553191489361702,0.3148936170212766,0.3446808510638298,0.029787234042553193,0.2851063829787234
Edenacarnan,Donegal,697,97,12,85,270,187,46,0.12195121951219512,0.38737446197991393,0.06599713055954089,0.2682926829268293,0.13916786226685796,0.01721664275466284,0.509325681492109
Edenderry Rural,Offaly,324,90,10,6,86,115,17,0.018518518518518517,0.2654320987654321,0.05246913580246913,0.3549382716049383,0.2777777777777778,0.030864197530864196,0.2839506172839506
Edenderry Urban,Offaly,2016,460,50,60,813,514,119,0.02976190476190476,0.40327380952380953,0.059027777777777776,0.25496031746031744,0.22817460317460317,0.0248015873015873,0.4330357142857143
Edenmore,Dublin City,754,174,23,22,182,297,56,0.029177718832891247,0.2413793103448276,0.07427055702917772,0.39389920424403185,0.23076923076923078,0.03050397877984085,0.27055702917771884
Edermine,Wexford,575,156,11,11,188,170,39,0.019130434782608695,0.3269565217391304,0.06782608695652174,0.2956521739130435,0.271304347826087,0.019130434782608695,0.34608695652173915
Edmondstown,Roscommon,191,60,9,1,45,65,11,0.005235602094240838,0.2356020942408377,0.05759162303664921,0.3403141361256545,0.31413612565445026,0.04712041884816754,0.24083769633507854
Edmondstown,South Dublin,2060,503,47,69,637,665,139,0.03349514563106796,0.3092233009708738,0.06747572815533981,0.32281553398058255,0.2441747572815534,0.022815533980582524,0.34271844660194173
Eglish,Offaly,55,16,0,0,14,23,2,0.0,0.2545454545454545,0.03636363636363636,0.41818181818181815,0.2909090909090909,0.0,0.2545454545454545
Einagh,Clare,137,20,3,1,43,62,8,0.0072992700729927005,0.31386861313868614,0.058394160583941604,0.45255474452554745,0.145985401459854,0.021897810218978103,0.32116788321167883
Elia,Roscommon,58,14,3,3,23,14,1,0.05172413793103448,0.39655172413793105,0.017241379310344827,0.2413793103448276,0.2413793103448276,0.05172413793103448,0.4482758620689655
Elphin,Roscommon,298,82,10,15,79,97,15,0.050335570469798654,0.2651006711409396,0.050335570469798654,0.32550335570469796,0.2751677852348993,0.03355704697986577,0.31543624161073824
Emlagh,Mayo,109,21,0,4,39,38,7,0.03669724770642202,0.3577981651376147,0.06422018348623854,0.3486238532110092,0.1926605504587156,0.0,0.3944954128440367
Emly,Tipperary,248,82,5,1,87,58,15,0.004032258064516129,0.35080645161290325,0.06048387096774194,0.23387096774193547,0.33064516129032256,0.020161290322580645,0.3548387096774194
Emlygrennan,Limerick,351,110,4,5,107,108,17,0.014245014245014245,0.30484330484330485,0.04843304843304843,0.3076923076923077,0.31339031339031337,0.011396011396011397,0.3190883190883191
Emo,Laois,477,120,10,13,175,128,31,0.027253668763102725,0.3668763102725367,0.0649895178197065,0.26834381551362685,0.25157232704402516,0.020964360587002098,0.3941299790356394
Emper,Westmeath,98,28,3,3,28,31,5,0.030612244897959183,0.2857142857142857,0.05102040816326531,0.3163265306122449,0.2857142857142857,0.030612244897959183,0.3163265306122449
Emyvale,Monaghan,391,112,14,12,116,115,22,0.030690537084398978,0.2966751918158568,0.056265984654731455,0.29411764705882354,0.2864450127877238,0.03580562659846547,0.3273657289002558
Enagh,"Monaghan, 177043",200,61,9,3,67,51,9,0.015,0.335,0.045,0.255,0.305,0.045,0.35
Enagh,"Monaghan, 177044",267,66,13,7,76,95,10,0.026217228464419477,0.2846441947565543,0.03745318352059925,0.35580524344569286,0.24719101123595505,0.04868913857677903,0.31086142322097376
Ennereilly,Wicklow,187,55,5,4,58,57,8,0.0213903743315508,0.31016042780748665,0.0427807486631016,0.3048128342245989,0.29411764705882354,0.026737967914438502,0.3315508021390374
Ennis No. 1 Urban,Clare,529,147,19,13,107,207,36,0.024574669187145556,0.20226843100189035,0.06805293005671077,0.391304347826087,0.277882797731569,0.035916824196597356,0.22684310018903592
Ennis No. 2 Urban,Clare,549,132,14,21,145,205,32,0.03825136612021858,0.2641165755919854,0.058287795992714025,0.37340619307832423,0.24043715846994534,0.025500910746812388,0.302367941712204
Ennis No. 3 Urban,Clare,71,15,10,1,10,30,5,0.014084507042253521,0.14084507042253522,0.07042253521126761,0.4225352112676056,0.2112676056338028,0.14084507042253522,0.15492957746478872
Ennis No. 4 Urban,Clare,501,153,24,11,76,207,30,0.021956087824351298,0.15169660678642716,0.059880239520958084,0.41317365269461076,0.30538922155688625,0.04790419161676647,0.17365269461077845
Ennis Rural,Clare,8195,1960,188,313,2393,2816,525,0.038194020744356315,0.2920073215375229,0.06406345332519829,0.3436241610738255,0.23917022574740696,0.022940817571690055,0.3302013422818792
Enniscoffey,Westmeath,195,46,1,3,64,66,15,0.015384615384615385,0.3282051282051282,0.07692307692307693,0.3384615384615385,0.2358974358974359,0.005128205128205128,0.3435897435897436
Enniscorthy Rural,Wexford,3178,794,90,64,1062,958,210,0.020138451856513532,0.3341724354940214,0.06607929515418502,0.3014474512271869,0.24984266834487098,0.028319697923222153,0.35431088735053495
Enniscorthy Urban,Wexford,588,166,23,15,120,238,26,0.025510204081632654,0.20408163265306123,0.04421768707482993,0.40476190476190477,0.282312925170068,0.0391156462585034,0.22959183673469388
Enniskeen,Cavan,168,49,5,4,69,37,4,0.023809523809523808,0.4107142857142857,0.023809523809523808,0.22023809523809523,0.2916666666666667,0.02976190476190476,0.43452380952380953
Enniskerry,Wicklow,1153,362,25,21,317,366,62,0.01821335646140503,0.27493495229835213,0.053772766695576756,0.31743278404163056,0.3139635732870772,0.02168256721595837,0.29314830875975717
Ennismore,Kerry,194,49,10,4,47,70,14,0.020618556701030927,0.2422680412371134,0.07216494845360824,0.36082474226804123,0.25257731958762886,0.05154639175257732,0.26288659793814434
Ennisnag,Kilkenny,256,54,7,11,83,94,7,0.04296875,0.32421875,0.02734375,0.3671875,0.2109375,0.02734375,0.3671875
Ennistimon,Clare,1056,285,29,33,228,414,67,0.03125,0.2159090909090909,0.0634469696969697,0.39204545454545453,0.26988636363636365,0.027462121212121212,0.2471590909090909
Erriff,Mayo,32,5,2,0,12,12,1,0.0,0.375,0.03125,0.375,0.15625,0.0625,0.375
Errill,Laois,170,45,5,1,52,55,12,0.0058823529411764705,0.3058823529411765,0.07058823529411765,0.3235294117647059,0.2647058823529412,0.029411764705882353,0.31176470588235294
Errislannan,Galway County,73,22,1,0,16,28,6,0.0,0.2191780821917808,0.0821917808219178,0.3835616438356164,0.3013698630136986,0.0136986301369863,0.2191780821917808
Esker/Ballaghassaan,Offaly,197,52,5,8,59,59,14,0.04060913705583756,0.29949238578680204,0.07106598984771574,0.29949238578680204,0.2639593908629442,0.025380710659898477,0.3401015228426396
Eskey,Cavan,100,34,4,4,20,35,3,0.04,0.2,0.03,0.35,0.34,0.04,0.24
Estersnow,Roscommon,41,13,1,0,10,15,2,0.0,0.24390243902439024,0.04878048780487805,0.36585365853658536,0.3170731707317073,0.024390243902439025,0.24390243902439024
Ettagh,Offaly,205,44,5,3,68,75,10,0.014634146341463415,0.33170731707317075,0.04878048780487805,0.36585365853658536,0.2146341463414634,0.024390243902439025,0.3463414634146341
Evergreen,Cork City,382,108,6,11,50,169,38,0.028795811518324606,0.13089005235602094,0.09947643979057591,0.4424083769633508,0.28272251308900526,0.015706806282722512,0.15968586387434555
Eyre Square,Galway City,1120,313,36,69,51,526,125,0.06160714285714286,0.045535714285714284,0.11160714285714286,0.46964285714285714,0.2794642857142857,0.03214285714285714,0.10714285714285714
Eyrecourt,Galway County,171,58,2,1,39,62,9,0.005847953216374269,0.22807017543859648,0.05263157894736842,0.36257309941520466,0.3391812865497076,0.011695906432748537,0.23391812865497075
Fahan,Donegal,436,110,8,18,140,139,21,0.04128440366972477,0.3211009174311927,0.0481651376146789,0.31880733944954126,0.25229357798165136,0.01834862385321101,0.3623853211009174
Fahymore,Clare,174,43,1,4,37,75,14,0.022988505747126436,0.21264367816091953,0.08045977011494253,0.43103448275862066,0.2471264367816092,0.005747126436781609,0.23563218390804597
Fair Gate,Louth,2481,630,63,82,710,831,165,0.03305118903667876,0.2861749294639258,0.06650544135429262,0.3349455864570738,0.2539298669891173,0.02539298669891173,0.3192261185006046
Fair Hill A,Cork City,155,40,3,2,48,52,10,0.012903225806451613,0.3096774193548387,0.06451612903225806,0.33548387096774196,0.25806451612903225,0.01935483870967742,0.3225806451612903
Fair Hill B,Cork City,192,45,9,4,42,83,9,0.020833333333333332,0.21875,0.046875,0.4322916666666667,0.234375,0.046875,0.23958333333333334
Fair Hill C,Cork City,999,258,45,26,269,343,58,0.026026026026026026,0.26926926926926925,0.05805805805805806,0.3433433433433433,0.25825825825825827,0.04504504504504504,0.2952952952952953
Fairymount,Roscommon,123,34,3,1,28,48,9,0.008130081300813009,0.22764227642276422,0.07317073170731707,0.3902439024390244,0.2764227642276423,0.024390243902439025,0.23577235772357724
Faithlegg,Waterford,977,243,29,18,281,332,74,0.01842374616171955,0.28761514841351077,0.07574206755373593,0.3398157625383828,0.24872057318321392,0.02968270214943705,0.3060388945752303
Famma,Kilkenny,144,42,4,14,38,36,10,0.09722222222222222,0.2638888888888889,0.06944444444444445,0.25,0.2916666666666667,0.027777777777777776,0.3611111111111111
Farahy,Cork County,203,66,6,1,57,64,9,0.0049261083743842365,0.28078817733990147,0.04433497536945813,0.31527093596059114,0.3251231527093596,0.029556650246305417,0.2857142857142857
Farnans,Laois,85,24,3,0,28,24,6,0.0,0.32941176470588235,0.07058823529411765,0.2823529411764706,0.2823529411764706,0.03529411764705882,0.32941176470588235
Farnoge,Kilkenny,152,35,2,2,57,48,8,0.013157894736842105,0.375,0.05263157894736842,0.3157894736842105,0.23026315789473684,0.013157894736842105,0.3881578947368421
Farranbrien,Cork County,239,72,4,6,60,87,10,0.02510460251046025,0.2510460251046025,0.04184100418410042,0.36401673640167365,0.301255230125523,0.016736401673640166,0.27615062761506276
Farranferris A,Cork City,555,120,29,22,180,173,31,0.03963963963963964,0.32432432432432434,0.055855855855855854,0.3117117117117117,0.21621621621621623,0.05225225225225225,0.36396396396396397
Farranferris B,Cork City,224,63,3,5,57,86,10,0.022321428571428572,0.2544642857142857,0.044642857142857144,0.38392857142857145,0.28125,0.013392857142857142,0.2767857142857143
Farranferris C,Cork City,236,55,12,5,72,73,19,0.0211864406779661,0.3050847457627119,0.08050847457627118,0.3093220338983051,0.2330508474576271,0.05084745762711865,0.326271186440678
Farranrory,Tipperary,172,43,5,2,65,51,6,0.011627906976744186,0.37790697674418605,0.03488372093023256,0.29651162790697677,0.25,0.029069767441860465,0.38953488372093026
Farranshone,Limerick,488,135,11,28,101,182,31,0.05737704918032787,0.2069672131147541,0.06352459016393443,0.3729508196721312,0.2766393442622951,0.022540983606557378,0.26434426229508196
Farranshoneen,Waterford,2647,678,56,73,808,862,170,0.027578390630902908,0.3052512278050623,0.06422364941443143,0.32565168114847,0.2561390253116736,0.021156025689459765,0.33282961843596526
Faughalstown,Westmeath,116,24,3,1,44,37,7,0.008620689655172414,0.3793103448275862,0.0603448275862069,0.31896551724137934,0.20689655172413793,0.02586206896551724,0.3879310344827586
Faughart,Louth,346,107,6,4,87,128,14,0.011560693641618497,0.2514450867052023,0.04046242774566474,0.3699421965317919,0.3092485549132948,0.017341040462427744,0.2630057803468208
Feakle,Clare,85,21,2,1,17,37,7,0.011764705882352941,0.2,0.08235294117647059,0.43529411764705883,0.24705882352941178,0.023529411764705882,0.21176470588235294
Fedamore,Limerick,452,125,14,8,137,152,16,0.017699115044247787,0.3030973451327434,0.035398230088495575,0.336283185840708,0.27654867256637167,0.030973451327433628,0.32079646017699115
Feddyglass,Donegal,109,26,3,7,39,29,5,0.06422018348623854,0.3577981651376147,0.045871559633027525,0.26605504587155965,0.23853211009174313,0.027522935779816515,0.42201834862385323
Feenagh,Limerick,141,55,5,0,25,53,3,0.0,0.1773049645390071,0.02127659574468085,0.375886524822695,0.3900709219858156,0.03546099290780142,0.1773049645390071
Feighcullen,Kildare,272,61,6,12,80,102,11,0.04411764705882353,0.29411764705882354,0.04044117647058824,0.375,0.22426470588235295,0.022058823529411766,0.3382352941176471
Fenagh,Leitrim,145,40,1,0,40,49,15,0.0,0.27586206896551724,0.10344827586206896,0.33793103448275863,0.27586206896551724,0.006896551724137931,0.27586206896551724
Fennagh,Carlow,280,55,5,6,113,83,18,0.02142857142857143,0.4035714285714286,0.06428571428571428,0.29642857142857143,0.19642857142857142,0.017857142857142856,0.425
Fennor,Tipperary,203,56,10,1,60,60,16,0.0049261083743842365,0.2955665024630542,0.07881773399014778,0.2955665024630542,0.27586206896551724,0.04926108374384237,0.30049261083743845
Fenoagh,Waterford,118,22,2,5,37,43,9,0.0423728813559322,0.3135593220338983,0.07627118644067797,0.3644067796610169,0.1864406779661017,0.01694915254237288,0.3559322033898305
Ferbane,Offaly,472,128,9,12,140,169,14,0.025423728813559324,0.2966101694915254,0.029661016949152543,0.3580508474576271,0.2711864406779661,0.019067796610169493,0.3220338983050847
Fermoy Rural,Cork County,1894,400,54,42,696,610,92,0.022175290390707498,0.36747624076029567,0.048574445617740235,0.3220696937697994,0.21119324181626187,0.028511087645195353,0.38965153115100315
Fermoy Urban,Cork County,684,177,29,14,193,231,40,0.02046783625730994,0.2821637426900585,0.05847953216374269,0.33771929824561403,0.25877192982456143,0.04239766081871345,0.3026315789473684
Ferns,Wexford,501,140,12,3,128,182,36,0.005988023952095809,0.2554890219560878,0.0718562874251497,0.36327345309381237,0.27944111776447106,0.023952095808383235,0.26147704590818366
Ferrybank,Waterford,282,74,7,8,65,105,23,0.028368794326241134,0.23049645390070922,0.08156028368794327,0.3723404255319149,0.2624113475177305,0.024822695035460994,0.25886524822695034
Fethard,Tipperary,313,86,17,5,81,113,11,0.01597444089456869,0.25878594249201275,0.03514376996805112,0.3610223642172524,0.2747603833865815,0.054313099041533544,0.2747603833865815
Fethard,Wexford,301,82,12,1,74,110,22,0.0033222591362126247,0.24584717607973422,0.07308970099667775,0.3654485049833887,0.2724252491694352,0.03986710963455149,0.24916943521594684
Fews,Waterford,164,36,1,8,41,64,14,0.04878048780487805,0.25,0.08536585365853659,0.3902439024390244,0.21951219512195122,0.006097560975609756,0.29878048780487804
Fiddown,Kilkenny,480,104,12,7,184,149,24,0.014583333333333334,0.38333333333333336,0.05,0.3104166666666667,0.21666666666666667,0.025,0.39791666666666664
Figart,Donegal,230,49,6,3,94,57,21,0.013043478260869565,0.40869565217391307,0.09130434782608696,0.24782608695652175,0.21304347826086956,0.02608695652173913,0.4217391304347826
Figullar,Monaghan,220,43,4,1,77,74,21,0.004545454545454545,0.35,0.09545454545454546,0.33636363636363636,0.19545454545454546,0.01818181818181818,0.35454545454545455
Finglas North A,Dublin City,555,148,23,10,189,152,33,0.018018018018018018,0.34054054054054056,0.05945945945945946,0.27387387387387385,0.26666666666666666,0.04144144144144144,0.35855855855855856
Finglas North B,Dublin City,595,147,37,19,186,177,29,0.031932773109243695,0.3126050420168067,0.04873949579831933,0.29747899159663865,0.24705882352941178,0.06218487394957983,0.3445378151260504
Finglas North C,Dublin City,1131,294,23,43,357,352,62,0.03801945181255526,0.3156498673740053,0.05481874447391689,0.3112290008841733,0.259946949602122,0.020335985853227233,0.3536693191865606
Finglas South A,Dublin City,589,121,15,22,208,177,46,0.03735144312393888,0.3531409168081494,0.07809847198641766,0.300509337860781,0.20543293718166383,0.025466893039049237,0.3904923599320883
Finglas South B,Dublin City,843,181,35,31,317,229,50,0.036773428232502965,0.3760379596678529,0.05931198102016608,0.27164887307236063,0.2147093712930012,0.04151838671411625,0.4128113879003559
Finglas South C,Dublin City,437,113,16,5,163,120,20,0.011441647597254004,0.37299771167048057,0.04576659038901602,0.2745995423340961,0.2585812356979405,0.036613272311212815,0.38443935926773454
Finglas South D,Dublin City,413,94,20,15,162,97,25,0.03631961259079903,0.3922518159806295,0.06053268765133172,0.23486682808716708,0.22760290556900725,0.048426150121065374,0.42857142857142855
Finnea,Westmeath,91,36,4,0,26,23,2,0.0,0.2857142857142857,0.02197802197802198,0.25274725274725274,0.3956043956043956,0.04395604395604396,0.2857142857142857
Finnoe,Tipperary,99,23,0,3,32,35,6,0.030303030303030304,0.32323232323232326,0.06060606060606061,0.35353535353535354,0.23232323232323232,0.0,0.35353535353535354
Firhouse Village,South Dublin,4957,1307,87,148,1690,1413,312,0.029856768206576557,0.34093201533185397,0.06294129513818843,0.2850514424046803,0.2636675408513214,0.01755093806737946,0.3707887835384305
Firhouse-Ballycullen,South Dublin,4500,1229,68,126,1455,1348,274,0.028,0.3233333333333333,0.06088888888888889,0.2995555555555556,0.27311111111111114,0.015111111111111112,0.35133333333333333
Firhouse-Knocklyon,South Dublin,1738,463,20,55,407,674,119,0.03164556962025317,0.23417721518987342,0.06846950517836593,0.3878020713463751,0.2663981588032221,0.011507479861910242,0.26582278481012656
Firmount,Cork County,351,81,10,7,109,120,24,0.019943019943019943,0.31054131054131057,0.06837606837606838,0.3418803418803419,0.23076923076923078,0.02849002849002849,0.33048433048433046
Firry/Newgrove,Longford,79,17,6,0,25,26,5,0.0,0.31645569620253167,0.06329113924050633,0.3291139240506329,0.21518987341772153,0.0759493670886076,0.31645569620253167
Fleanmore,Limerick,116,46,0,2,21,37,10,0.017241379310344827,0.1810344827586207,0.08620689655172414,0.31896551724137934,0.39655172413793105,0.0,0.19827586206896552
Flesk,Kerry,211,53,5,8,55,75,15,0.037914691943127965,0.26066350710900477,0.07109004739336493,0.35545023696682465,0.25118483412322273,0.023696682464454975,0.2985781990521327
Foilnaman,Tipperary,158,33,5,2,39,65,14,0.012658227848101266,0.2468354430379747,0.08860759493670886,0.41139240506329117,0.2088607594936709,0.03164556962025317,0.25949367088607594
Fontstown,Kildare,214,51,5,7,59,86,6,0.03271028037383177,0.2757009345794392,0.028037383177570093,0.40186915887850466,0.2383177570093458,0.02336448598130841,0.308411214953271
Ford,Wexford,219,55,3,9,57,74,21,0.0410958904109589,0.2602739726027397,0.0958904109589041,0.3378995433789954,0.2511415525114155,0.0136986301369863,0.3013698630136986
Fore East,Westmeath,156,39,5,0,45,53,14,0.0,0.28846153846153844,0.08974358974358974,0.33974358974358976,0.25,0.03205128205128205,0.28846153846153844
Fore West,Westmeath,149,37,7,3,44,48,10,0.020134228187919462,0.2953020134228188,0.06711409395973154,0.3221476510067114,0.2483221476510067,0.04697986577181208,0.31543624161073824
Forgney,Longford,731,165,4,26,297,197,42,0.03556771545827633,0.4062927496580027,0.057455540355677154,0.2694938440492476,0.22571819425444598,0.005471956224350205,0.4418604651162791
Formoyle,Clare,124,32,2,6,36,38,10,0.04838709677419355,0.2903225806451613,0.08064516129032258,0.3064516129032258,0.25806451612903225,0.016129032258064516,0.3387096774193548
Forth,Wexford,280,73,7,4,106,74,16,0.014285714285714285,0.37857142857142856,0.05714285714285714,0.2642857142857143,0.26071428571428573,0.025,0.39285714285714285
Fortland,Mayo,255,75,4,1,75,79,21,0.00392156862745098,0.29411764705882354,0.08235294117647059,0.30980392156862746,0.29411764705882354,0.01568627450980392,0.2980392156862745
Fossy,Laois,89,18,0,0,31,30,10,0.0,0.34831460674157305,0.11235955056179775,0.33707865168539325,0.20224719101123595,0.0,0.34831460674157305
Fox's Castle,Waterford,244,56,7,7,76,83,15,0.028688524590163935,0.3114754098360656,0.06147540983606557,0.3401639344262295,0.22950819672131148,0.028688524590163935,0.3401639344262295
Foxhall,Galway County,295,99,6,2,74,101,13,0.006779661016949152,0.25084745762711863,0.04406779661016949,0.3423728813559322,0.33559322033898303,0.020338983050847456,0.2576271186440678
Foxhall,Longford,169,49,4,3,46,60,7,0.01775147928994083,0.27218934911242604,0.04142011834319527,0.35502958579881655,0.28994082840236685,0.023668639053254437,0.28994082840236685
Foxrock-Beechpark,Dún Laoghaire-Rathdown,957,264,13,22,245,351,62,0.022988505747126436,0.2560083594566353,0.06478578892371996,0.3667711598746082,0.27586206896551724,0.013584117032392894,0.27899686520376177
Foxrock-Carrickmines,Dún Laoghaire-Rathdown,2896,974,59,90,708,911,154,0.031077348066298343,0.24447513812154695,0.0531767955801105,0.3145718232044199,0.3363259668508287,0.02037292817679558,0.2755524861878453
Foxrock-Deansgrange,Dún Laoghaire-Rathdown,1182,345,15,35,295,417,75,0.02961082910321489,0.24957698815566837,0.06345177664974619,0.35279187817258884,0.2918781725888325,0.012690355329949238,0.27918781725888325
Foxrock-Torquay,Dún Laoghaire-Rathdown,706,240,14,14,161,235,42,0.019830028328611898,0.22804532577903683,0.059490084985835696,0.3328611898016997,0.33994334277620397,0.019830028328611898,0.24787535410764872
Freaghana,Kilkenny,124,36,2,2,52,24,8,0.016129032258064516,0.41935483870967744,0.06451612903225806,0.1935483870967742,0.2903225806451613,0.016129032258064516,0.43548387096774194
Frenchpark,Roscommon,341,83,8,4,96,124,26,0.011730205278592375,0.28152492668621704,0.07624633431085044,0.36363636363636365,0.2434017595307918,0.02346041055718475,0.2932551319648094
Freshford,Kilkenny,391,95,9,10,104,161,12,0.02557544757033248,0.2659846547314578,0.030690537084398978,0.4117647058823529,0.24296675191815856,0.023017902813299233,0.2915601023017903
Fuerty,Roscommon,369,99,1,7,95,137,30,0.018970189701897018,0.25745257452574527,0.08130081300813008,0.3712737127371274,0.2682926829268293,0.0027100271002710027,0.2764227642276423
Furroor,Clare,139,27,5,7,53,44,3,0.050359712230215826,0.381294964028777,0.02158273381294964,0.31654676258992803,0.19424460431654678,0.03597122302158273,0.4316546762589928
Fánaid Thiar,Dún na nGall,228,47,6,19,50,83,23,0.08333333333333333,0.21929824561403508,0.10087719298245613,0.36403508771929827,0.20614035087719298,0.02631578947368421,0.3026315789473684
Fánaid Thuaidh,Dún na nGall,321,35,6,47,67,124,42,0.14641744548286603,0.2087227414330218,0.1308411214953271,0.3862928348909657,0.10903426791277258,0.018691588785046728,0.35514018691588783
Gaile,Tipperary,277,74,8,6,91,90,8,0.021660649819494584,0.3285198555956679,0.02888086642599278,0.3249097472924188,0.26714801444043323,0.02888086642599278,0.35018050541516244
Galbally,Limerick,230,58,5,8,74,71,14,0.034782608695652174,0.3217391304347826,0.06086956521739131,0.30869565217391304,0.25217391304347825,0.021739130434782608,0.3565217391304348
Gallen,Offaly,162,37,5,0,45,66,9,0.0,0.2777777777777778,0.05555555555555555,0.4074074074074074,0.22839506172839505,0.030864197530864196,0.2777777777777778
Gallow,Meath,412,113,7,10,139,119,24,0.024271844660194174,0.33737864077669905,0.05825242718446602,0.28883495145631066,0.27427184466019416,0.01699029126213592,0.3616504854368932
Galmoy,Kilkenny,165,35,2,5,56,56,11,0.030303030303030304,0.3393939393939394,0.06666666666666667,0.3393939393939394,0.21212121212121213,0.012121212121212121,0.3696969696969697
Galtrim,Meath,343,75,20,12,103,109,24,0.03498542274052478,0.30029154518950435,0.06997084548104957,0.3177842565597668,0.21865889212827988,0.05830903790087463,0.33527696793002915
Galvone A,Limerick,368,107,9,7,91,133,21,0.019021739130434784,0.24728260869565216,0.057065217391304345,0.36141304347826086,0.2907608695652174,0.024456521739130436,0.266304347826087
Galvone B,Limerick,138,26,9,0,57,40,6,0.0,0.41304347826086957,0.043478260869565216,0.2898550724637681,0.18840579710144928,0.06521739130434782,0.41304347826086957
Galway Rural,Galway County,107,25,2,10,15,46,9,0.09345794392523364,0.14018691588785046,0.08411214953271028,0.42990654205607476,0.2336448598130841,0.018691588785046728,0.2336448598130841
Garadice,Leitrim,203,55,3,10,49,72,14,0.04926108374384237,0.2413793103448276,0.06896551724137931,0.35467980295566504,0.270935960591133,0.014778325123152709,0.29064039408866993
Gardenmorris,Waterford,168,41,3,10,60,46,8,0.05952380952380952,0.35714285714285715,0.047619047619047616,0.27380952380952384,0.24404761904761904,0.017857142857142856,0.4166666666666667
Garmna,Gaillimh,1171,6,88,814,198,35,30,0.695132365499573,0.1690862510674637,0.025619128949615714,0.029888983774551667,0.005123825789923143,0.07514944491887275,0.8642186165670367
Garrane,Limerick,131,31,7,3,36,46,8,0.022900763358778626,0.2748091603053435,0.061068702290076333,0.3511450381679389,0.2366412213740458,0.05343511450381679,0.29770992366412213
Garranes,Cork County,169,48,0,6,44,56,15,0.03550295857988166,0.2603550295857988,0.08875739644970414,0.33136094674556216,0.28402366863905326,0.0,0.2958579881656805
Garrangibbon,Tipperary,267,65,4,1,86,90,21,0.003745318352059925,0.32209737827715357,0.07865168539325842,0.33707865168539325,0.24344569288389514,0.0149812734082397,0.3258426966292135
Garristown,Fingal,627,149,11,18,211,195,43,0.028708133971291867,0.3365231259968102,0.0685805422647528,0.31100478468899523,0.23763955342902712,0.017543859649122806,0.3652312599681021
Garrown,Cork County,115,30,0,2,28,46,9,0.017391304347826087,0.24347826086956523,0.0782608695652174,0.4,0.2608695652173913,0.0,0.2608695652173913
Garryduff,Limerick,130,36,4,4,32,47,7,0.03076923076923077,0.24615384615384617,0.05384615384615385,0.36153846153846153,0.27692307692307694,0.03076923076923077,0.27692307692307694
Garryhill,Carlow,281,105,7,5,84,70,10,0.017793594306049824,0.298932384341637,0.03558718861209965,0.2491103202846975,0.3736654804270463,0.02491103202846975,0.3167259786476868
Garrymore,Laois,140,35,2,2,59,34,8,0.014285714285714285,0.42142857142857143,0.05714285714285714,0.24285714285714285,0.25,0.014285714285714285,0.4357142857142857
Garrymore,Mayo,201,64,9,1,53,64,10,0.004975124378109453,0.263681592039801,0.04975124378109453,0.31840796019900497,0.31840796019900497,0.04477611940298507,0.26865671641791045
Garryvoe,Cork County,325,81,1,3,105,123,12,0.009230769230769232,0.3230769230769231,0.036923076923076927,0.37846153846153846,0.24923076923076923,0.003076923076923077,0.3323076923076923
Gartán,Dún na nGall,74,7,3,5,29,25,5,0.06756756756756757,0.3918918918918919,0.06756756756756757,0.33783783783783783,0.0945945945945946,0.04054054054054054,0.4594594594594595
Garvagh,Leitrim,40,10,1,0,15,9,5,0.0,0.375,0.125,0.225,0.25,0.025,0.375
Gaybrook,Westmeath,181,58,1,2,65,41,14,0.011049723756906077,0.35911602209944754,0.07734806629834254,0.2265193370165746,0.32044198895027626,0.0055248618784530384,0.3701657458563536
Geashill,Offaly,597,186,10,11,193,171,26,0.018425460636515914,0.3232830820770519,0.04355108877721943,0.2864321608040201,0.31155778894472363,0.01675041876046901,0.3417085427135678
Gelshagh,Longford,156,56,2,1,59,30,8,0.00641025641025641,0.3782051282051282,0.05128205128205128,0.19230769230769232,0.358974358974359,0.01282051282051282,0.38461538461538464
Georgestown,Waterford,106,21,0,1,40,39,5,0.009433962264150943,0.37735849056603776,0.04716981132075472,0.36792452830188677,0.19811320754716982,0.0,0.3867924528301887
Gillabbey A,Cork City,847,254,17,29,69,408,70,0.03423848878394333,0.08146399055489964,0.08264462809917356,0.4817001180637544,0.29988193624557263,0.020070838252656435,0.11570247933884298
Gillabbey B,Cork City,522,175,16,17,32,245,37,0.032567049808429116,0.06130268199233716,0.07088122605363985,0.46934865900383144,0.33524904214559387,0.03065134099616858,0.09386973180076628
Gillabbey C,Cork City,903,250,7,62,79,426,79,0.06866002214839424,0.08748615725359911,0.08748615725359911,0.4717607973421927,0.2768549280177187,0.007751937984496124,0.15614617940199335
Gilltown,Kildare,416,137,11,2,108,134,24,0.004807692307692308,0.25961538461538464,0.057692307692307696,0.32211538461538464,0.3293269230769231,0.026442307692307692,0.2644230769230769
Girley,Meath,163,34,0,3,66,48,12,0.018404907975460124,0.4049079754601227,0.0736196319018405,0.294478527607362,0.2085889570552147,0.0,0.4233128834355828
Glanbehy,Kerry,481,129,16,15,120,176,25,0.031185031185031187,0.2494802494802495,0.05197505197505198,0.3659043659043659,0.2681912681912682,0.033264033264033266,0.2806652806652807
Glanlee,Kerry,80,20,2,7,18,28,5,0.0875,0.225,0.0625,0.35,0.25,0.025,0.3125
Glanlough,Cork County,73,22,2,1,27,18,3,0.0136986301369863,0.3698630136986301,0.0410958904109589,0.2465753424657534,0.3013698630136986,0.0273972602739726,0.3835616438356164
Glanlough,Kerry,45,16,1,2,8,16,2,0.044444444444444446,0.17777777777777778,0.044444444444444446,0.35555555555555557,0.35555555555555557,0.022222222222222223,0.2222222222222222
Glanmore,Kerry,105,17,4,2,21,54,7,0.01904761904761905,0.2,0.06666666666666667,0.5142857142857142,0.1619047619047619,0.0380952380952381,0.21904761904761905
Glanworth East,Cork County,192,60,1,2,53,65,11,0.010416666666666666,0.2760416666666667,0.057291666666666664,0.3385416666666667,0.3125,0.005208333333333333,0.2864583333333333
Glanworth West,Cork County,448,132,13,8,137,137,21,0.017857142857142856,0.30580357142857145,0.046875,0.30580357142857145,0.29464285714285715,0.029017857142857144,0.3236607142857143
Glashare,Kilkenny,134,33,3,5,47,41,5,0.03731343283582089,0.35074626865671643,0.03731343283582089,0.30597014925373134,0.2462686567164179,0.022388059701492536,0.3880597014925373
Glasheen A,Cork City,292,81,5,13,47,122,24,0.04452054794520548,0.16095890410958905,0.0821917808219178,0.4178082191780822,0.2773972602739726,0.017123287671232876,0.2054794520547945
Glasheen B,Cork City,447,155,5,25,31,191,40,0.05592841163310962,0.06935123042505593,0.0894854586129754,0.4272930648769575,0.34675615212527966,0.011185682326621925,0.12527964205816555
Glasheen C,Cork City,1113,294,30,36,160,512,81,0.03234501347708895,0.14375561545372867,0.07277628032345014,0.46001796945193174,0.2641509433962264,0.026954177897574125,0.1761006289308176
Glaslough,Monaghan,344,79,9,13,117,107,19,0.0377906976744186,0.34011627906976744,0.055232558139534885,0.311046511627907,0.22965116279069767,0.02616279069767442,0.37790697674418605
Glassan,Westmeath,409,111,5,7,113,151,22,0.017114914425427872,0.2762836185819071,0.05378973105134474,0.3691931540342298,0.2713936430317848,0.012224938875305624,0.293398533007335
Gleann Chaisil,Maigh Eo,230,42,8,10,62,82,26,0.043478260869565216,0.26956521739130435,0.11304347826086956,0.3565217391304348,0.1826086956521739,0.034782608695652174,0.3130434782608696
Gleann Gheis,Dún na nGall,293,83,7,14,52,116,21,0.04778156996587031,0.17747440273037543,0.07167235494880546,0.39590443686006827,0.2832764505119454,0.023890784982935155,0.22525597269624573
Gleann Léithín,Dún na nGall,104,7,4,25,21,33,14,0.2403846153846154,0.20192307692307693,0.1346153846153846,0.3173076923076923,0.0673076923076923,0.038461538461538464,0.4423076923076923
Gleann na Muaidhe,Maigh Eo,99,10,3,9,21,45,11,0.09090909090909091,0.21212121212121213,0.1111111111111111,0.45454545454545453,0.10101010101010101,0.030303030303030304,0.30303030303030304
Glen,Donegal,84,17,2,7,16,33,9,0.08333333333333333,0.19047619047619047,0.10714285714285714,0.39285714285714285,0.20238095238095238,0.023809523809523808,0.27380952380952384
Glen,Waterford,201,73,7,0,51,61,9,0.0,0.2537313432835821,0.04477611940298507,0.3034825870646766,0.36318407960199006,0.03482587064676617,0.2537313432835821
Glenade,Leitrim,66,18,3,5,13,23,4,0.07575757575757576,0.19696969696969696,0.06060606060606061,0.3484848484848485,0.2727272727272727,0.045454545454545456,0.2727272727272727
Glenagower,Limerick,189,70,8,1,58,43,9,0.005291005291005291,0.30687830687830686,0.047619047619047616,0.2275132275132275,0.37037037037037035,0.042328042328042326,0.31216931216931215
Glenalla,Donegal,169,37,6,2,69,38,17,0.011834319526627219,0.40828402366863903,0.10059171597633136,0.22485207100591717,0.21893491124260356,0.03550295857988166,0.42011834319526625
Glenaniff,Leitrim,66,19,1,1,15,22,8,0.015151515151515152,0.22727272727272727,0.12121212121212122,0.3333333333333333,0.2878787878787879,0.015151515151515152,0.24242424242424243
Glenboy,Leitrim,116,50,1,0,25,34,6,0.0,0.21551724137931033,0.05172413793103448,0.29310344827586204,0.43103448275862066,0.008620689655172414,0.21551724137931033
Glenbrohane,Limerick,206,46,8,6,84,52,10,0.02912621359223301,0.4077669902912621,0.04854368932038835,0.2524271844660194,0.22330097087378642,0.038834951456310676,0.4368932038834951
Glencar,Leitrim,119,26,3,3,24,55,8,0.025210084033613446,0.20168067226890757,0.06722689075630252,0.46218487394957986,0.2184873949579832,0.025210084033613446,0.226890756302521
Glencar,Sligo,134,34,3,5,27,56,9,0.03731343283582089,0.20149253731343283,0.06716417910447761,0.417910447761194,0.2537313432835821,0.022388059701492536,0.23880597014925373
Glencullen,Dún Laoghaire-Rathdown,8928,2207,153,410,2994,2507,657,0.04592293906810036,0.3353494623655914,0.07358870967741936,0.28080197132616486,0.24719982078853048,0.017137096774193547,0.38127240143369173
Glendalough,Wicklow,108,24,4,2,30,43,5,0.018518518518518517,0.2777777777777778,0.046296296296296294,0.39814814814814814,0.2222222222222222,0.037037037037037035,0.2962962962962963
Glendarragh,Sligo,67,19,4,2,21,17,4,0.029850746268656716,0.31343283582089554,0.05970149253731343,0.2537313432835821,0.2835820895522388,0.05970149253731343,0.34328358208955223
Glendree,Clare,78,21,2,1,24,23,7,0.01282051282051282,0.3076923076923077,0.08974358974358974,0.2948717948717949,0.2692307692307692,0.02564102564102564,0.32051282051282054
Glenealy,Wicklow,1056,283,17,28,324,337,67,0.026515151515151516,0.3068181818181818,0.0634469696969697,0.3191287878787879,0.26799242424242425,0.016098484848484848,0.3333333333333333
Gleneely,"Donegal, 057073",193,41,7,7,76,47,15,0.03626943005181347,0.39378238341968913,0.07772020725388601,0.24352331606217617,0.21243523316062177,0.03626943005181347,0.43005181347150256
Gleneely,"Donegal, 057074",401,88,8,11,141,125,28,0.02743142144638404,0.3516209476309227,0.06982543640897755,0.3117206982543641,0.2194513715710723,0.0199501246882793,0.3790523690773067
Gleneganon,Donegal,250,50,3,4,106,75,12,0.016,0.424,0.048,0.3,0.2,0.012,0.44
Glenfarn,Leitrim,65,14,1,1,23,23,3,0.015384615384615385,0.35384615384615387,0.046153846153846156,0.35384615384615387,0.2153846153846154,0.015384615384615385,0.36923076923076925
Glengar,Tipperary,116,38,4,2,36,35,1,0.017241379310344827,0.3103448275862069,0.008620689655172414,0.3017241379310345,0.3275862068965517,0.034482758620689655,0.3275862068965517
Glengarriff,Cork County,514,114,12,31,137,190,30,0.06031128404669261,0.26653696498054474,0.058365758754863814,0.36964980544747084,0.22178988326848248,0.023346303501945526,0.32684824902723736
Glengort,Limerick,331,98,8,11,92,108,14,0.03323262839879154,0.27794561933534745,0.04229607250755287,0.32628398791540786,0.29607250755287007,0.02416918429003021,0.311178247734139
Glenhest,Mayo,93,16,3,2,26,39,7,0.021505376344086023,0.27956989247311825,0.07526881720430108,0.41935483870967744,0.17204301075268819,0.03225806451612903,0.3010752688172043
Gleninagh,Clare,76,13,3,1,16,35,8,0.013157894736842105,0.21052631578947367,0.10526315789473684,0.4605263157894737,0.17105263157894737,0.039473684210526314,0.2236842105263158
Glenkeen,Tipperary,244,60,1,5,86,84,8,0.020491803278688523,0.3524590163934426,0.03278688524590164,0.3442622950819672,0.2459016393442623,0.004098360655737705,0.3729508196721312
Glenlara,Cork County,174,50,6,1,61,46,10,0.005747126436781609,0.3505747126436782,0.05747126436781609,0.26436781609195403,0.28735632183908044,0.034482758620689655,0.3563218390804598
Glenlough,Westmeath,70,15,4,0,20,22,9,0.0,0.2857142857142857,0.12857142857142856,0.3142857142857143,0.21428571428571427,0.05714285714285714,0.2857142857142857
Glenmore,Clare,167,45,5,1,45,64,7,0.005988023952095809,0.2694610778443114,0.041916167664670656,0.38323353293413176,0.2694610778443114,0.029940119760479042,0.2754491017964072
Glennamaddy,Galway County,363,94,7,12,83,141,26,0.03305785123966942,0.22865013774104684,0.07162534435261708,0.3884297520661157,0.25895316804407714,0.01928374655647383,0.26170798898071623
Glensharrold,Limerick,171,62,5,1,41,57,5,0.005847953216374269,0.23976608187134502,0.029239766081871343,0.3333333333333333,0.36257309941520466,0.029239766081871343,0.24561403508771928
Glenstal,Limerick,526,137,14,20,185,143,27,0.03802281368821293,0.3517110266159696,0.051330798479087454,0.2718631178707224,0.26045627376425856,0.026615969581749048,0.3897338403041825
Glentogher,Donegal,303,74,10,3,101,95,20,0.009900990099009901,0.3333333333333333,0.066006600660066,0.31353135313531355,0.24422442244224424,0.033003300330033,0.3432343234323432
Glentworth A,Limerick,132,35,3,1,33,46,14,0.007575757575757576,0.25,0.10606060606060606,0.3484848484848485,0.26515151515151514,0.022727272727272728,0.25757575757575757
Glentworth B,Limerick,328,81,12,6,90,129,10,0.018292682926829267,0.27439024390243905,0.03048780487804878,0.3932926829268293,0.24695121951219512,0.036585365853658534,0.2926829268292683
Glentworth C,Limerick,92,16,5,4,31,31,5,0.043478260869565216,0.33695652173913043,0.05434782608695652,0.33695652173913043,0.17391304347826086,0.05434782608695652,0.3804347826086957
Glenville,Cork County,351,74,7,12,135,98,25,0.03418803418803419,0.38461538461538464,0.07122507122507123,0.2792022792022792,0.21082621082621084,0.019943019943019943,0.4188034188034188
Glenwilliam,Waterford,89,9,1,4,24,39,12,0.0449438202247191,0.2696629213483146,0.1348314606741573,0.43820224719101125,0.10112359550561797,0.011235955056179775,0.3146067415730337
Glin,Limerick,540,142,18,9,151,190,30,0.016666666666666666,0.2796296296296296,0.05555555555555555,0.35185185185185186,0.26296296296296295,0.03333333333333333,0.2962962962962963
Glinn,Kerry,1339,74,33,384,323,320,205,0.2867811799850635,0.24122479462285287,0.1530993278566094,0.23898431665421957,0.05526512322628827,0.024645257654966394,0.5280059746079163
Glore,Westmeath,78,20,6,3,26,21,2,0.038461538461538464,0.3333333333333333,0.02564102564102564,0.2692307692307692,0.2564102564102564,0.07692307692307693,0.3717948717948718
Glynn,Carlow,171,54,5,1,54,54,3,0.005847953216374269,0.3157894736842105,0.017543859649122806,0.3157894736842105,0.3157894736842105,0.029239766081871343,0.3216374269005848
Glynn,Wexford,238,55,3,5,89,74,12,0.02100840336134454,0.3739495798319328,0.05042016806722689,0.31092436974789917,0.23109243697478993,0.012605042016806723,0.3949579831932773
Gneeves,Kerry,152,38,8,1,34,60,11,0.006578947368421052,0.2236842105263158,0.07236842105263158,0.39473684210526316,0.25,0.05263157894736842,0.23026315789473684
Goland,Donegal,121,20,3,6,48,34,10,0.049586776859504134,0.39669421487603307,0.08264462809917356,0.2809917355371901,0.1652892561983471,0.024793388429752067,0.4462809917355372
Golden,Tipperary,324,83,7,1,119,95,19,0.0030864197530864196,0.36728395061728397,0.05864197530864197,0.2932098765432099,0.25617283950617287,0.021604938271604937,0.37037037037037035
Goleen,Cork County,71,22,1,2,11,26,9,0.028169014084507043,0.15492957746478872,0.1267605633802817,0.36619718309859156,0.30985915492957744,0.014084507042253521,0.18309859154929578
Goresbridge,Kilkenny,153,41,2,5,32,70,3,0.032679738562091505,0.20915032679738563,0.0196078431372549,0.45751633986928103,0.2679738562091503,0.013071895424836602,0.24183006535947713
Gorey Rural,Wexford,2874,690,66,67,1187,737,127,0.023312456506610995,0.4130132219902575,0.0441892832289492,0.25643702157272097,0.24008350730688935,0.022964509394572025,0.4363256784968685
Gorey Urban,Wexford,1166,300,34,32,325,419,56,0.0274442538593482,0.2787307032590051,0.048027444253859346,0.35934819897084047,0.25728987993138935,0.029159519725557463,0.30617495711835335
Gort,Galway County,946,233,22,41,277,309,64,0.04334038054968287,0.2928118393234672,0.06765327695560254,0.3266384778012685,0.2463002114164905,0.023255813953488372,0.3361522198731501
Gort an Choirce,Dún na nGall,1376,22,47,860,254,98,95,0.625,0.18459302325581395,0.0690406976744186,0.07122093023255814,0.015988372093023256,0.034156976744186045,0.809593023255814
Gort na Tiobratan,Corcaigh,365,8,6,155,73,79,44,0.4246575342465753,0.2,0.12054794520547946,0.21643835616438356,0.021917808219178082,0.01643835616438356,0.6246575342465753
Gorteen,"Offaly, 187043",123,34,2,1,37,38,11,0.008130081300813009,0.3008130081300813,0.08943089430894309,0.3089430894308943,0.2764227642276423,0.016260162601626018,0.3089430894308943
Gorteen,"Offaly, 187044",155,44,5,3,47,52,4,0.01935483870967742,0.3032258064516129,0.025806451612903226,0.33548387096774196,0.2838709677419355,0.03225806451612903,0.3225806451612903
Gortermone,Leitrim,122,50,1,0,22,41,8,0.0,0.18032786885245902,0.06557377049180328,0.3360655737704918,0.4098360655737705,0.00819672131147541,0.18032786885245902
Gortkelly,Tipperary,265,79,11,10,77,79,9,0.03773584905660377,0.29056603773584905,0.033962264150943396,0.2981132075471698,0.2981132075471698,0.04150943396226415,0.3283018867924528
Gortmore,Cork County,108,32,0,1,34,33,8,0.009259259259259259,0.3148148148148148,0.07407407407407407,0.3055555555555556,0.2962962962962963,0.0,0.32407407407407407
Gortnagullion,Leitrim,102,23,4,1,42,28,4,0.00980392156862745,0.4117647058823529,0.0392156862745098,0.27450980392156865,0.22549019607843138,0.0392156862745098,0.4215686274509804
Gortnapeaky,Waterford,90,13,3,0,25,42,7,0.0,0.2777777777777778,0.07777777777777778,0.4666666666666667,0.14444444444444443,0.03333333333333333,0.2777777777777778
Gortnascreeny,Cork County,254,64,6,3,84,80,17,0.011811023622047244,0.33070866141732286,0.06692913385826772,0.31496062992125984,0.25196850393700787,0.023622047244094488,0.3425196850393701
Gortnaskehy,Cork County,152,46,1,4,49,45,7,0.02631578947368421,0.3223684210526316,0.046052631578947366,0.29605263157894735,0.3026315789473684,0.006578947368421052,0.34868421052631576
Gortnavern,Donegal,523,64,10,45,186,159,59,0.08604206500956023,0.35564053537284895,0.11281070745697896,0.30401529636711283,0.12237093690248566,0.019120458891013385,0.4416826003824092
Gortroe,Cork County,368,100,3,3,132,113,17,0.008152173913043478,0.358695652173913,0.04619565217391304,0.3070652173913043,0.2717391304347826,0.008152173913043478,0.36684782608695654
Gowel,Leitrim,157,36,3,4,49,55,10,0.025477707006369428,0.31210191082802546,0.06369426751592357,0.3503184713375796,0.22929936305732485,0.01910828025477707,0.3375796178343949
Gowlane,Cork County,583,166,15,12,167,188,35,0.02058319039451115,0.2864493996569468,0.060034305317324184,0.32246998284734135,0.2847341337907376,0.025728987993138937,0.307032590051458
Gowran,Kilkenny,626,165,5,12,209,204,31,0.019169329073482427,0.33386581469648563,0.04952076677316294,0.3258785942492013,0.26357827476038337,0.007987220447284345,0.35303514376996803
Grace Park,Dublin City,2635,747,60,132,571,952,173,0.050094876660341556,0.21669829222011386,0.06565464895635674,0.36129032258064514,0.2834914611005693,0.022770398481973434,0.2667931688804554
Gracedieu,Waterford,629,130,20,19,272,162,26,0.030206677265500796,0.43243243243243246,0.04133545310015898,0.2575516693163752,0.2066772655007949,0.03179650238473768,0.4626391096979332
Graddum,Cavan,221,65,3,4,77,67,5,0.01809954751131222,0.34841628959276016,0.02262443438914027,0.3031674208144796,0.29411764705882354,0.013574660633484163,0.3665158371040724
Graigabbey,Galway County,190,43,3,3,72,55,14,0.015789473684210527,0.37894736842105264,0.07368421052631578,0.2894736842105263,0.22631578947368422,0.015789473684210527,0.39473684210526316
Graignagower,Waterford,254,63,3,5,82,87,14,0.01968503937007874,0.3228346456692913,0.05511811023622047,0.3425196850393701,0.24803149606299213,0.011811023622047244,0.3425196850393701
Graigue,Laois,89,28,0,1,25,35,0,0.011235955056179775,0.2808988764044944,0.0,0.39325842696629215,0.3146067415730337,0.0,0.29213483146067415
Graigue,"Tipperary, 217083",69,27,2,3,15,18,4,0.043478260869565216,0.21739130434782608,0.057971014492753624,0.2608695652173913,0.391304347826087,0.028985507246376812,0.2608695652173913
Graigue,"Tipperary, 217084",106,29,6,0,24,42,5,0.0,0.22641509433962265,0.04716981132075472,0.39622641509433965,0.27358490566037735,0.05660377358490566,0.22641509433962265
Graigue Rural,Laois,1860,452,28,52,675,546,107,0.02795698924731183,0.3629032258064516,0.057526881720430106,0.29354838709677417,0.24301075268817204,0.015053763440860216,0.39086021505376345
Graigue Urban,Carlow,382,119,10,8,110,123,12,0.020942408376963352,0.2879581151832461,0.031413612565445025,0.3219895287958115,0.31151832460732987,0.02617801047120419,0.3089005235602094
Graiguenamanagh,Kilkenny,611,178,19,12,177,193,32,0.019639934533551555,0.2896890343698854,0.05237315875613748,0.3158756137479542,0.29132569558101473,0.031096563011456628,0.309328968903437
Grallagh,Waterford,93,22,1,2,26,39,3,0.021505376344086023,0.27956989247311825,0.03225806451612903,0.41935483870967744,0.23655913978494625,0.010752688172043012,0.3010752688172043
Granard Rural,Longford,132,34,2,1,46,42,7,0.007575757575757576,0.3484848484848485,0.05303030303030303,0.3181818181818182,0.25757575757575757,0.015151515151515152,0.3560606060606061
Granard Urban,Longford,298,79,10,6,92,99,12,0.020134228187919462,0.3087248322147651,0.040268456375838924,0.33221476510067116,0.2651006711409396,0.03355704697986577,0.3288590604026846
Graney,Kildare,322,69,7,10,128,86,22,0.031055900621118012,0.39751552795031053,0.06832298136645963,0.2670807453416149,0.21428571428571427,0.021739130434782608,0.42857142857142855
Grange,Galway County,313,82,8,7,100,98,18,0.022364217252396165,0.3194888178913738,0.05750798722044728,0.31309904153354634,0.26198083067092653,0.025559105431309903,0.34185303514376997
Grange,Kilkenny,450,111,16,20,132,145,26,0.044444444444444446,0.29333333333333333,0.057777777777777775,0.32222222222222224,0.24666666666666667,0.035555555555555556,0.3377777777777778
Grange,Limerick,258,64,2,7,86,84,15,0.027131782945736434,0.3333333333333333,0.05813953488372093,0.32558139534883723,0.24806201550387597,0.007751937984496124,0.36046511627906974
Grange,Waterford,168,43,5,2,53,54,11,0.011904761904761904,0.31547619047619047,0.06547619047619048,0.32142857142857145,0.25595238095238093,0.02976190476190476,0.3273809523809524
Grange A,Dublin City,3553,921,81,112,1248,971,220,0.031522656909653814,0.35125246270757104,0.06191950464396285,0.2732901773149451,0.2592175626231354,0.022797635800731776,0.3827751196172249
Grange B,Dublin City,1816,431,42,67,660,502,114,0.036894273127753306,0.3634361233480176,0.06277533039647577,0.276431718061674,0.23733480176211455,0.023127753303964757,0.4003303964757709
Grange C,Dublin City,773,209,26,23,232,246,37,0.029754204398447608,0.3001293661060802,0.047865459249676584,0.3182406209573092,0.2703751617076326,0.03363518758085381,0.3298835705045278
Grange D,Dublin City,1308,393,34,52,269,483,77,0.039755351681957186,0.20565749235474007,0.058868501529051986,0.36926605504587157,0.30045871559633025,0.02599388379204893,0.24541284403669725
Grange E,Dublin City,811,216,30,26,202,278,59,0.032059186189889025,0.24907521578298397,0.07274969173859433,0.34278668310727495,0.26633785450061653,0.036991368680641186,0.281134401972873
Grange North,Waterford,268,67,8,10,67,100,16,0.03731343283582089,0.25,0.05970149253731343,0.373134328358209,0.25,0.029850746268656716,0.2873134328358209
Grange South,Waterford,1085,286,26,41,367,314,51,0.03778801843317972,0.3382488479262673,0.047004608294930875,0.2894009216589862,0.26359447004608294,0.023963133640552997,0.376036866359447
Grange Upper,Waterford,876,236,16,20,269,299,36,0.0228310502283105,0.3070776255707763,0.0410958904109589,0.341324200913242,0.2694063926940639,0.0182648401826484,0.3299086757990868
Grangeford,Carlow,183,59,3,0,49,61,11,0.0,0.2677595628415301,0.060109289617486336,0.3333333333333333,0.3224043715846995,0.01639344262295082,0.2677595628415301
Grangegeeth,Meath,246,39,8,7,98,79,15,0.028455284552845527,0.3983739837398374,0.06097560975609756,0.32113821138211385,0.15853658536585366,0.032520325203252036,0.4268292682926829
Grangemellon,Kildare,252,59,4,3,77,99,10,0.011904761904761904,0.3055555555555556,0.03968253968253968,0.39285714285714285,0.23412698412698413,0.015873015873015872,0.31746031746031744
Grantstown,Laois,156,42,3,1,61,45,4,0.00641025641025641,0.391025641025641,0.02564102564102564,0.28846153846153844,0.2692307692307692,0.019230769230769232,0.3974358974358974
Graystown,Tipperary,143,45,5,1,41,45,6,0.006993006993006993,0.2867132867132867,0.04195804195804196,0.3146853146853147,0.3146853146853147,0.03496503496503497,0.2937062937062937
Greagh,Monaghan,180,54,3,1,70,45,7,0.005555555555555556,0.3888888888888889,0.03888888888888889,0.25,0.3,0.016666666666666666,0.39444444444444443
Greaghglass/Stralongford,Leitrim,136,36,5,0,34,49,12,0.0,0.25,0.08823529411764706,0.3602941176470588,0.2647058823529412,0.03676470588235294,0.25
Grean,Limerick,637,182,15,14,204,191,31,0.02197802197802198,0.3202511773940345,0.04866562009419152,0.29984301412872844,0.2857142857142857,0.023547880690737835,0.34222919937205654
Greenane,Cork County,550,147,11,10,186,160,36,0.01818181818181818,0.3381818181818182,0.06545454545454546,0.2909090909090909,0.2672727272727273,0.02,0.3563636363636364
Greenane,Kerry,79,20,0,3,17,29,10,0.0379746835443038,0.21518987341772153,0.12658227848101267,0.3670886075949367,0.25316455696202533,0.0,0.25316455696202533
Greencastle,Donegal,347,62,11,19,131,104,20,0.05475504322766571,0.37752161383285304,0.05763688760806916,0.29971181556195964,0.1786743515850144,0.03170028818443804,0.4322766570605187
Greenfort,Cork County,400,110,6,10,121,135,18,0.025,0.3025,0.045,0.3375,0.275,0.015,0.3275
Greenmount,Cork City,697,216,10,17,128,280,46,0.024390243902439025,0.1836441893830703,0.06599713055954089,0.4017216642754663,0.3098995695839311,0.014347202295552367,0.20803443328550933
Greenore,Louth,574,172,24,8,175,155,40,0.013937282229965157,0.3048780487804878,0.06968641114982578,0.2700348432055749,0.29965156794425085,0.041811846689895474,0.31881533101045295
Greenpark,Westmeath,113,50,2,1,26,29,5,0.008849557522123894,0.23008849557522124,0.04424778761061947,0.25663716814159293,0.4424778761061947,0.017699115044247787,0.23893805309734514
Greenville,Cork County,149,32,1,5,56,46,9,0.03355704697986577,0.37583892617449666,0.06040268456375839,0.3087248322147651,0.21476510067114093,0.006711409395973154,0.40939597315436244
Greethill,Galway County,580,130,8,16,203,186,37,0.027586206896551724,0.35,0.06379310344827586,0.32068965517241377,0.22413793103448276,0.013793103448275862,0.3775862068965517
Grennanstown,Meath,458,91,10,22,160,144,31,0.048034934497816595,0.34934497816593885,0.06768558951965066,0.314410480349345,0.19868995633187772,0.021834061135371178,0.39737991266375544
Greystones,Wicklow,3424,1060,63,90,941,1100,170,0.026285046728971962,0.2748247663551402,0.04964953271028037,0.3212616822429907,0.30957943925233644,0.018399532710280372,0.30110981308411217
Grianfort,Dún na nGall,111,19,3,20,32,30,7,0.18018018018018017,0.2882882882882883,0.06306306306306306,0.2702702702702703,0.17117117117117117,0.02702702702702703,0.46846846846846846
Griffinstown,Westmeath,242,68,5,5,75,74,15,0.02066115702479339,0.30991735537190085,0.06198347107438017,0.30578512396694213,0.2809917355371901,0.02066115702479339,0.3305785123966942
Grilly,Cavan,210,45,2,6,68,80,9,0.02857142857142857,0.3238095238095238,0.04285714285714286,0.38095238095238093,0.21428571428571427,0.009523809523809525,0.3523809523809524
Griston,Limerick,124,32,4,4,40,37,7,0.03225806451612903,0.3225806451612903,0.056451612903225805,0.29838709677419356,0.25806451612903225,0.03225806451612903,0.3548387096774194
Grousehall,Donegal,14,6,0,1,4,3,0,0.07142857142857142,0.2857142857142857,0.0,0.21428571428571427,0.42857142857142855,0.0,0.35714285714285715
Guala Mhór,Maigh Eo,69,10,2,4,15,32,6,0.057971014492753624,0.21739130434782608,0.08695652173913043,0.463768115942029,0.14492753623188406,0.028985507246376812,0.2753623188405797
Gubacreeny,Leitrim,303,74,10,2,98,106,13,0.006600660066006601,0.3234323432343234,0.0429042904290429,0.34983498349834985,0.24422442244224424,0.033003300330033,0.33003300330033003
Gullane,Kerry,96,26,4,3,21,37,5,0.03125,0.21875,0.052083333333333336,0.3854166666666667,0.2708333333333333,0.041666666666666664,0.25
Gunsborough,Kerry,171,39,4,3,59,60,6,0.017543859649122806,0.34502923976608185,0.03508771929824561,0.3508771929824561,0.22807017543859648,0.023391812865497075,0.36257309941520466
Gurranebraher A,Cork City,177,55,4,4,54,57,3,0.022598870056497175,0.3050847457627119,0.01694915254237288,0.3220338983050847,0.3107344632768362,0.022598870056497175,0.327683615819209
Gurranebraher B,Cork City,154,41,9,5,33,57,9,0.032467532467532464,0.21428571428571427,0.05844155844155844,0.37012987012987014,0.2662337662337662,0.05844155844155844,0.24675324675324675
Gurranebraher C,Cork City,203,58,6,7,47,77,8,0.034482758620689655,0.2315270935960591,0.03940886699507389,0.3793103448275862,0.2857142857142857,0.029556650246305417,0.2660098522167488
Gurranebraher D,Cork City,273,75,6,9,79,86,18,0.03296703296703297,0.2893772893772894,0.06593406593406594,0.315018315018315,0.27472527472527475,0.02197802197802198,0.32234432234432236
Gurranebraher E,Cork City,298,101,9,5,73,95,15,0.016778523489932886,0.24496644295302014,0.050335570469798654,0.3187919463087248,0.3389261744966443,0.030201342281879196,0.26174496644295303
Gurteen,Waterford,178,31,4,4,59,63,17,0.02247191011235955,0.33146067415730335,0.09550561797752809,0.3539325842696629,0.17415730337078653,0.02247191011235955,0.3539325842696629
Hacketstown,Carlow,390,90,13,6,127,132,22,0.015384615384615385,0.32564102564102565,0.05641025641025641,0.3384615384615385,0.23076923076923078,0.03333333333333333,0.34102564102564104
Haggardstown,Louth,3618,931,71,78,1228,1086,224,0.02155887230514096,0.33941404090657823,0.0619126589275843,0.30016583747927034,0.25732448866777224,0.019624101713653953,0.3609729132117192
Hammerlane,Offaly,214,48,3,8,73,68,14,0.037383177570093455,0.3411214953271028,0.06542056074766354,0.3177570093457944,0.22429906542056074,0.014018691588785047,0.37850467289719625
Harmonstown A,Dublin City,1012,231,40,82,248,358,53,0.08102766798418973,0.2450592885375494,0.05237154150197629,0.35375494071146246,0.22826086956521738,0.039525691699604744,0.32608695652173914
Harmonstown B,Dublin City,1005,284,23,43,288,295,72,0.042786069651741296,0.2865671641791045,0.07164179104477612,0.2935323383084577,0.28258706467661693,0.022885572139303482,0.32935323383084575
Haroldstown,Carlow,105,31,4,1,31,35,3,0.009523809523809525,0.29523809523809524,0.02857142857142857,0.3333333333333333,0.29523809523809524,0.0380952380952381,0.3047619047619048
Harperstown,Wexford,194,52,2,5,74,48,13,0.02577319587628866,0.38144329896907214,0.06701030927835051,0.24742268041237114,0.26804123711340205,0.010309278350515464,0.4072164948453608
Harristown,Kildare,189,61,2,1,40,63,22,0.005291005291005291,0.21164021164021163,0.1164021164021164,0.3333333333333333,0.32275132275132273,0.010582010582010581,0.21693121693121692
Harristown,Wexford,183,51,6,9,45,59,13,0.04918032786885246,0.2459016393442623,0.07103825136612021,0.3224043715846995,0.2786885245901639,0.03278688524590164,0.29508196721311475
Hartstown,Wicklow,118,25,2,0,35,51,5,0.0,0.2966101694915254,0.0423728813559322,0.4322033898305085,0.211864406779661,0.01694915254237288,0.2966101694915254
Haugh,Donegal,81,14,2,1,36,24,4,0.012345679012345678,0.4444444444444444,0.04938271604938271,0.2962962962962963,0.1728395061728395,0.024691358024691357,0.4567901234567901
Headford,Galway County,773,176,22,23,199,299,54,0.029754204398447608,0.2574385510996119,0.06985769728331177,0.3868046571798189,0.2276843467011643,0.028460543337645538,0.2871927554980595
Headfort,Kerry,415,109,6,4,164,115,17,0.00963855421686747,0.39518072289156625,0.04096385542168675,0.27710843373493976,0.26265060240963856,0.014457831325301205,0.40481927710843374
Heathstown,Westmeath,335,101,2,6,105,100,21,0.01791044776119403,0.31343283582089554,0.0626865671641791,0.29850746268656714,0.30149253731343284,0.005970149253731343,0.33134328358208953
Hill Of Down,Meath,216,52,5,6,81,56,16,0.027777777777777776,0.375,0.07407407407407407,0.25925925925925924,0.24074074074074073,0.023148148148148147,0.4027777777777778
Hillsbrook,Galway County,292,85,17,5,73,105,7,0.017123287671232876,0.25,0.023972602739726026,0.3595890410958904,0.2910958904109589,0.05821917808219178,0.2671232876712329
Hilltown,Westmeath,105,23,2,3,38,32,7,0.02857142857142857,0.3619047619047619,0.06666666666666667,0.3047619047619048,0.21904761904761905,0.01904761904761905,0.3904761904761905
Hinds,Offaly,104,25,3,4,40,26,6,0.038461538461538464,0.38461538461538464,0.057692307692307696,0.25,0.2403846153846154,0.028846153846153848,0.4230769230769231
Hollymount,Mayo,333,86,5,5,102,117,18,0.015015015015015015,0.3063063063063063,0.05405405405405406,0.35135135135135137,0.25825825825825827,0.015015015015015015,0.3213213213213213
Hollywood,Fingal,623,172,11,17,211,180,32,0.027287319422150885,0.33868378812199035,0.051364365971107544,0.28892455858747995,0.27608346709470305,0.01765650080256822,0.36597110754414125
Hollywood,Wicklow,383,84,5,15,105,153,21,0.0391644908616188,0.2741514360313316,0.05483028720626632,0.39947780678851175,0.2193211488250653,0.013054830287206266,0.3133159268929504
Holmpatrick,Fingal,1778,482,35,35,507,625,94,0.01968503937007874,0.28515185601799775,0.052868391451068614,0.3515185601799775,0.27109111361079863,0.01968503937007874,0.3048368953880765
Holycross,Tipperary,657,164,24,12,178,243,36,0.0182648401826484,0.2709284627092846,0.0547945205479452,0.3698630136986301,0.2496194824961948,0.0365296803652968,0.289193302891933
Hopestown,Westmeath,275,77,6,5,78,90,19,0.01818181818181818,0.28363636363636363,0.06909090909090909,0.32727272727272727,0.28,0.02181818181818182,0.3018181818181818
Horetown,Wexford,219,49,8,2,78,71,11,0.0091324200913242,0.3561643835616438,0.0502283105022831,0.3242009132420091,0.2237442922374429,0.0365296803652968,0.365296803652968
Hospital,Limerick,499,139,6,6,168,156,24,0.012024048096192385,0.3366733466933868,0.04809619238476954,0.312625250501002,0.2785571142284569,0.012024048096192385,0.3486973947895792
Houndswood,Mayo,263,63,4,10,57,114,15,0.03802281368821293,0.21673003802281368,0.057034220532319393,0.43346007604562736,0.23954372623574144,0.015209125475285171,0.25475285171102663
Howth,Fingal,3653,1100,88,103,863,1257,242,0.028196003284971256,0.23624418286339993,0.06624692033944703,0.34410073911853273,0.3011223651793047,0.024089789214344376,0.2644401861483712
Humewood,Wicklow,127,30,4,3,35,50,5,0.023622047244094488,0.2755905511811024,0.03937007874015748,0.3937007874015748,0.23622047244094488,0.031496062992125984,0.2992125984251969
Huntingdon,Westmeath,190,55,4,3,71,50,7,0.015789473684210527,0.3736842105263158,0.03684210526315789,0.2631578947368421,0.2894736842105263,0.021052631578947368,0.3894736842105263
Huntingtown,Wexford,155,36,2,1,70,38,8,0.0064516129032258064,0.45161290322580644,0.05161290322580645,0.24516129032258063,0.23225806451612904,0.012903225806451613,0.45806451612903226
Huntston,Offaly,132,26,3,2,48,45,8,0.015151515151515152,0.36363636363636365,0.06060606060606061,0.3409090909090909,0.19696969696969696,0.022727272727272728,0.3787878787878788
Ightermurragh,Cork County,1312,318,24,23,464,404,79,0.01753048780487805,0.35365853658536583,0.06021341463414634,0.3079268292682927,0.2423780487804878,0.018292682926829267,0.3711890243902439
Illies,Donegal,228,55,6,5,90,54,18,0.021929824561403508,0.39473684210526316,0.07894736842105263,0.23684210526315788,0.2412280701754386,0.02631578947368421,0.4166666666666667
Imael North,Wicklow,99,30,1,10,24,31,3,0.10101010101010101,0.24242424242424243,0.030303030303030304,0.31313131313131315,0.30303030303030304,0.010101010101010102,0.3434343434343434
Imael South,Wicklow,69,16,2,2,16,30,3,0.028985507246376812,0.2318840579710145,0.043478260869565216,0.43478260869565216,0.2318840579710145,0.028985507246376812,0.2608695652173913
Imphrick,Cork County,175,35,7,4,44,72,13,0.022857142857142857,0.25142857142857145,0.07428571428571429,0.4114285714285714,0.2,0.04,0.2742857142857143
Inch,Cork County,252,68,3,5,69,95,12,0.01984126984126984,0.27380952380952384,0.047619047619047616,0.376984126984127,0.2698412698412698,0.011904761904761904,0.29365079365079366
Inch,Kerry,64,12,5,6,7,26,8,0.09375,0.109375,0.125,0.40625,0.1875,0.078125,0.203125
Inch,Tipperary,171,48,3,2,41,70,7,0.011695906432748537,0.23976608187134502,0.04093567251461988,0.4093567251461988,0.2807017543859649,0.017543859649122806,0.25146198830409355
Inch,Wexford,198,51,6,5,74,55,7,0.025252525252525252,0.37373737373737376,0.03535353535353535,0.2777777777777778,0.25757575757575757,0.030303030303030304,0.398989898989899
Inch Island,Donegal,68,12,2,5,33,14,2,0.07352941176470588,0.4852941176470588,0.029411764705882353,0.20588235294117646,0.17647058823529413,0.029411764705882353,0.5588235294117647
Inchaquire,Kildare,83,33,1,0,26,19,4,0.0,0.3132530120481928,0.04819277108433735,0.2289156626506024,0.39759036144578314,0.012048192771084338,0.3132530120481928
Inchicore A,Dublin City,652,143,20,33,155,252,49,0.05061349693251534,0.23773006134969324,0.07515337423312883,0.38650306748466257,0.21932515337423314,0.03067484662576687,0.2883435582822086
Inchicore B,Dublin City,464,105,19,18,170,127,25,0.03879310344827586,0.36637931034482757,0.05387931034482758,0.27370689655172414,0.22629310344827586,0.040948275862068964,0.4051724137931034
Inchigeelagh,Cork County,236,48,3,16,61,83,25,0.06779661016949153,0.2584745762711864,0.1059322033898305,0.3516949152542373,0.2033898305084746,0.012711864406779662,0.326271186440678
Inis Caoil,Dún na nGall,42,1,0,8,8,20,5,0.19047619047619047,0.19047619047619047,0.11904761904761904,0.47619047619047616,0.023809523809523808,0.0,0.38095238095238093
Inis Mhic an Doirn,Dún na nGall,570,95,18,57,134,219,47,0.1,0.23508771929824562,0.0824561403508772,0.38421052631578945,0.16666666666666666,0.031578947368421054,0.3350877192982456
Inishannon,Cork County,1037,261,13,23,318,357,65,0.022179363548698167,0.30665380906460943,0.0626808100289296,0.3442622950819672,0.25168756027000966,0.01253616200578592,0.32883317261330763
Inishbofin,Galway County,60,14,3,3,10,23,7,0.05,0.16666666666666666,0.11666666666666667,0.38333333333333336,0.23333333333333334,0.05,0.21666666666666667
Inishcaltra South/Inishcaltra North,Clare,113,33,2,3,26,43,6,0.02654867256637168,0.23008849557522124,0.05309734513274336,0.3805309734513274,0.2920353982300885,0.017699115044247787,0.25663716814159293
Inishkeen,Monaghan,403,98,10,9,163,110,13,0.022332506203473945,0.4044665012406948,0.03225806451612903,0.2729528535980149,0.24317617866004962,0.02481389578163772,0.4267990074441687
Inishkenny,Cork City,1895,534,36,56,467,705,97,0.02955145118733509,0.24643799472295513,0.05118733509234828,0.3720316622691293,0.28179419525065963,0.01899736147757256,0.27598944591029023
Inishkenny,Cork County,599,163,7,18,173,203,35,0.03005008347245409,0.2888146911519199,0.05843071786310518,0.33889816360601,0.27212020033388984,0.011686143572621035,0.31886477462437396
Inishlounaght,Tipperary,1435,350,26,42,430,510,77,0.02926829268292683,0.29965156794425085,0.05365853658536585,0.3554006968641115,0.24390243902439024,0.018118466898954706,0.3289198606271777
Inistioge,Kilkenny,332,96,10,8,87,118,13,0.024096385542168676,0.2620481927710843,0.0391566265060241,0.35542168674698793,0.2891566265060241,0.030120481927710843,0.286144578313253
Innfield,Meath,1801,442,38,49,699,479,94,0.027207107162687396,0.38811771238201,0.05219322598556358,0.2659633536923931,0.24541921154913937,0.02109938922820655,0.4153248195446974
Inns Quay A,Dublin City,747,194,30,32,96,337,58,0.0428380187416332,0.1285140562248996,0.07764390896921017,0.45113788487282463,0.2597054886211513,0.040160642570281124,0.1713520749665328
Inns Quay B,Dublin City,652,178,25,25,111,267,46,0.03834355828220859,0.17024539877300612,0.0705521472392638,0.40950920245398775,0.27300613496932513,0.03834355828220859,0.2085889570552147
Inns Quay C,Dublin City,484,126,23,21,101,175,38,0.04338842975206612,0.20867768595041322,0.07851239669421488,0.3615702479338843,0.2603305785123967,0.047520661157024795,0.25206611570247933
Inver,Donegal,273,76,9,6,79,82,21,0.02197802197802198,0.2893772893772894,0.07692307692307693,0.30036630036630035,0.2783882783882784,0.03296703296703297,0.31135531135531136
Island,Galway County,111,35,3,2,30,34,7,0.018018018018018018,0.2702702702702703,0.06306306306306306,0.3063063063063063,0.3153153153153153,0.02702702702702703,0.2882882882882883
Islandeady,Mayo,414,102,12,8,107,154,31,0.01932367149758454,0.2584541062801932,0.0748792270531401,0.3719806763285024,0.2463768115942029,0.028985507246376812,0.2777777777777778
Islandikane,Waterford,1299,348,24,34,417,421,55,0.02617397998460354,0.3210161662817552,0.042340261739799843,0.32409545804464973,0.2678983833718245,0.018475750577367205,0.34719014626635875
Iveruss,Limerick,147,39,4,3,49,49,3,0.02040816326530612,0.3333333333333333,0.02040816326530612,0.3333333333333333,0.2653061224489796,0.027210884353741496,0.35374149659863946
Jamestown,Laois,236,74,3,4,73,68,14,0.01694915254237288,0.3093220338983051,0.059322033898305086,0.288135593220339,0.3135593220338983,0.012711864406779662,0.326271186440678
Jamestown,Westmeath,75,18,0,0,24,31,2,0.0,0.32,0.02666666666666667,0.41333333333333333,0.24,0.0,0.32
Jenkinstown,Louth,579,151,10,10,196,175,37,0.017271157167530225,0.3385146804835924,0.06390328151986183,0.3022452504317789,0.2607944732297064,0.017271157167530225,0.35578583765112265
Jerpoint Church,Kilkenny,384,105,10,6,124,101,38,0.015625,0.3229166666666667,0.09895833333333333,0.2630208333333333,0.2734375,0.026041666666666668,0.3385416666666667
Jerpoint West,Kilkenny,119,31,2,1,46,31,8,0.008403361344537815,0.3865546218487395,0.06722689075630252,0.2605042016806723,0.2605042016806723,0.01680672268907563,0.3949579831932773
John's A,Limerick,104,30,9,0,32,32,1,0.0,0.3076923076923077,0.009615384615384616,0.3076923076923077,0.28846153846153844,0.08653846153846154,0.3076923076923077
John's B,Limerick,166,56,3,9,36,57,5,0.05421686746987952,0.21686746987951808,0.030120481927710843,0.3433734939759036,0.3373493975903614,0.018072289156626505,0.2710843373493976
John's C,Limerick,80,18,3,3,11,39,6,0.0375,0.1375,0.075,0.4875,0.225,0.0375,0.175
Johnstown,Carlow,275,76,4,2,81,91,21,0.007272727272727273,0.29454545454545455,0.07636363636363637,0.33090909090909093,0.27636363636363637,0.014545454545454545,0.3018181818181818
Johnstown,Kildare,64,14,0,1,24,22,3,0.015625,0.375,0.046875,0.34375,0.21875,0.0,0.390625
Johnstown,Kilkenny,358,98,7,4,84,144,21,0.0111731843575419,0.2346368715083799,0.05865921787709497,0.4022346368715084,0.2737430167597765,0.019553072625698324,0.24581005586592178
Julianstown,Meath,4123,1024,92,106,1411,1226,264,0.025709434877516372,0.34222653407712833,0.06403104535532379,0.29735629396070823,0.24836284259034683,0.022313849138976473,0.3679359689546447
Kanturk,Cork County,763,215,15,11,227,263,32,0.014416775884665793,0.29750982961992134,0.04193971166448231,0.34469200524246396,0.2817824377457405,0.019659239842726082,0.3119266055045872
Keadew,Roscommon,174,54,10,3,25,74,8,0.017241379310344827,0.14367816091954022,0.04597701149425287,0.42528735632183906,0.3103448275862069,0.05747126436781609,0.16091954022988506
Keale,Cork County,165,39,2,2,54,56,12,0.012121212121212121,0.32727272727272727,0.07272727272727272,0.3393939393939394,0.23636363636363636,0.012121212121212121,0.3393939393939394
Kealkill,Cork County,273,54,5,5,108,84,17,0.018315018315018316,0.3956043956043956,0.06227106227106227,0.3076923076923077,0.1978021978021978,0.018315018315018316,0.4139194139194139
Keeldra,Leitrim,91,27,2,1,20,33,8,0.01098901098901099,0.21978021978021978,0.08791208791208792,0.3626373626373626,0.2967032967032967,0.02197802197802198,0.23076923076923078
Keereen,Waterford,77,22,0,1,21,28,5,0.012987012987012988,0.2727272727272727,0.06493506493506493,0.36363636363636365,0.2857142857142857,0.0,0.2857142857142857
Kellistown,Carlow,382,112,7,7,106,130,20,0.01832460732984293,0.2774869109947644,0.05235602094240838,0.3403141361256545,0.2931937172774869,0.01832460732984293,0.29581151832460734
Kells,Kilkenny,339,94,3,6,123,88,25,0.017699115044247787,0.36283185840707965,0.07374631268436578,0.25958702064896755,0.27728613569321536,0.008849557522123894,0.3805309734513274
Kellysgrove,Galway County,168,48,4,3,36,68,9,0.017857142857142856,0.21428571428571427,0.05357142857142857,0.40476190476190477,0.2857142857142857,0.023809523809523808,0.23214285714285715
Kenmare,Kerry,1328,296,34,38,394,483,83,0.0286144578313253,0.29668674698795183,0.0625,0.36370481927710846,0.22289156626506024,0.025602409638554216,0.3253012048192771
Kentstown,Meath,841,201,11,12,319,256,42,0.014268727705112961,0.3793103448275862,0.04994054696789536,0.30439952437574314,0.2390011890606421,0.013079667063020214,0.3935790725326992
Kerryhead,Kerry,265,79,8,2,72,93,11,0.007547169811320755,0.27169811320754716,0.04150943396226415,0.35094339622641507,0.2981132075471698,0.03018867924528302,0.2792452830188679
Keshcarrigan,Leitrim,229,69,3,11,80,58,8,0.048034934497816595,0.34934497816593885,0.034934497816593885,0.25327510917030566,0.30131004366812225,0.013100436681222707,0.39737991266375544
Kilballyowen,Clare,101,28,3,0,29,37,4,0.0,0.2871287128712871,0.039603960396039604,0.36633663366336633,0.27722772277227725,0.0297029702970297,0.2871287128712871
Kilballyowen,Wicklow,150,35,2,8,52,44,9,0.05333333333333334,0.3466666666666667,0.06,0.29333333333333333,0.23333333333333334,0.013333333333333334,0.4
Kilbarron,Tipperary,286,73,6,11,70,115,11,0.038461538461538464,0.24475524475524477,0.038461538461538464,0.4020979020979021,0.25524475524475526,0.02097902097902098,0.28321678321678323
Kilbarry,"Waterford, 227051",124,36,1,2,39,41,5,0.016129032258064516,0.31451612903225806,0.04032258064516129,0.33064516129032256,0.2903225806451613,0.008064516129032258,0.33064516129032256
Kilbarry,"Waterford, 228019",716,214,16,13,266,172,35,0.018156424581005588,0.3715083798882682,0.04888268156424581,0.24022346368715083,0.2988826815642458,0.0223463687150838,0.38966480446927376
Kilbarrymeaden,Waterford,164,31,3,1,66,55,8,0.006097560975609756,0.4024390243902439,0.04878048780487805,0.3353658536585366,0.18902439024390244,0.018292682926829267,0.40853658536585363
Kilbeacanty,Galway County,144,41,2,2,38,50,11,0.013888888888888888,0.2638888888888889,0.0763888888888889,0.3472222222222222,0.2847222222222222,0.013888888888888888,0.2777777777777778
Kilbeacon,Kilkenny,109,19,4,2,41,36,7,0.01834862385321101,0.3761467889908257,0.06422018348623854,0.3302752293577982,0.1743119266055046,0.03669724770642202,0.3944954128440367
Kilbeagh,Mayo,415,115,12,4,107,161,16,0.00963855421686747,0.25783132530120484,0.03855421686746988,0.38795180722891565,0.27710843373493976,0.02891566265060241,0.2674698795180723
Kilbeggan,Westmeath,553,146,20,7,168,178,34,0.012658227848101266,0.3037974683544304,0.06148282097649186,0.321880650994575,0.2640144665461121,0.03616636528028933,0.31645569620253167
Kilbeheny,Limerick,104,31,1,1,35,33,3,0.009615384615384616,0.33653846153846156,0.028846153846153848,0.3173076923076923,0.2980769230769231,0.009615384615384616,0.34615384615384615
Kilbennan,Galway County,158,42,5,10,43,53,5,0.06329113924050633,0.2721518987341772,0.03164556962025317,0.33544303797468356,0.26582278481012656,0.03164556962025317,0.33544303797468356
Kilberrihert,Cork County,313,63,3,10,121,92,24,0.03194888178913738,0.3865814696485623,0.07667731629392971,0.2939297124600639,0.2012779552715655,0.009584664536741214,0.4185303514376997
Kilberry,Kildare,182,53,3,5,63,48,10,0.027472527472527472,0.34615384615384615,0.054945054945054944,0.26373626373626374,0.29120879120879123,0.016483516483516484,0.37362637362637363
Kilbixy,Westmeath,207,53,6,1,64,72,11,0.004830917874396135,0.30917874396135264,0.05314009661835749,0.34782608695652173,0.2560386473429952,0.028985507246376812,0.3140096618357488
Kilbonane,Cork County,684,170,10,20,204,234,46,0.029239766081871343,0.2982456140350877,0.06725146198830409,0.34210526315789475,0.24853801169590642,0.014619883040935672,0.32748538011695905
Kilbonane,Kerry,269,65,4,4,72,105,19,0.01486988847583643,0.26765799256505574,0.07063197026022305,0.3903345724907063,0.241635687732342,0.01486988847583643,0.2825278810408922
Kilbora,Wexford,193,54,7,6,59,60,7,0.031088082901554404,0.30569948186528495,0.03626943005181347,0.31088082901554404,0.27979274611398963,0.03626943005181347,0.33678756476683935
Kilbrew,Meath,1543,320,43,45,614,432,89,0.02916396629941672,0.39792611795204147,0.057679844458846406,0.27997407647440054,0.20738820479585224,0.027867790019442645,0.4270900842514582
Kilbride,Carlow,162,34,6,4,55,57,6,0.024691358024691357,0.3395061728395062,0.037037037037037035,0.35185185185185186,0.20987654320987653,0.037037037037037035,0.36419753086419754
Kilbride,Cavan,364,98,9,4,142,99,12,0.01098901098901099,0.3901098901098901,0.03296703296703297,0.27197802197802196,0.2692307692307692,0.024725274725274724,0.4010989010989011
Kilbride,Kilkenny,182,49,4,1,69,54,5,0.005494505494505495,0.3791208791208791,0.027472527472527472,0.2967032967032967,0.2692307692307692,0.02197802197802198,0.38461538461538464
Kilbride,Wexford,124,37,1,4,38,41,3,0.03225806451612903,0.3064516129032258,0.024193548387096774,0.33064516129032256,0.29838709677419356,0.008064516129032258,0.3387096774193548
Kilbride,"Wicklow, 257046",435,98,15,13,122,165,22,0.029885057471264367,0.28045977011494255,0.05057471264367816,0.3793103448275862,0.22528735632183908,0.034482758620689655,0.3103448275862069
Kilbride,"Wicklow, 257047",325,89,6,8,100,100,22,0.024615384615384615,0.3076923076923077,0.06769230769230769,0.3076923076923077,0.27384615384615385,0.018461538461538463,0.3323076923076923
Kilbride North,Roscommon,152,40,5,1,54,48,4,0.006578947368421052,0.35526315789473684,0.02631578947368421,0.3157894736842105,0.2631578947368421,0.03289473684210526,0.3618421052631579
Kilbride South,Roscommon,163,48,0,0,59,47,9,0.0,0.3619631901840491,0.05521472392638037,0.2883435582822086,0.294478527607362,0.0,0.3619631901840491
Kilbrin,Cork County,161,55,5,1,52,42,6,0.006211180124223602,0.32298136645962733,0.037267080745341616,0.2608695652173913,0.3416149068322981,0.031055900621118012,0.32919254658385094
Kilbrittain,Cork County,283,59,4,7,81,106,26,0.024734982332155476,0.2862190812720848,0.09187279151943463,0.3745583038869258,0.20848056537102475,0.014134275618374558,0.31095406360424027
Kilbrogan,Cork County,1293,326,24,46,417,408,72,0.03557617942768755,0.3225058004640371,0.05568445475638051,0.31554524361948955,0.25212683681361175,0.018561484918793503,0.3580819798917247
Kilbryan,Roscommon,138,34,2,3,35,59,5,0.021739130434782608,0.2536231884057971,0.036231884057971016,0.427536231884058,0.2463768115942029,0.014492753623188406,0.2753623188405797
Kilcar,Roscommon,155,47,3,4,42,48,11,0.025806451612903226,0.2709677419354839,0.07096774193548387,0.3096774193548387,0.3032258064516129,0.01935483870967742,0.2967741935483871
Kilcash,Tipperary,377,116,14,9,102,116,20,0.023872679045092837,0.27055702917771884,0.05305039787798409,0.3076923076923077,0.3076923076923077,0.03713527851458886,0.29442970822281167
Kilcaskan,Cork County,361,94,20,17,68,147,15,0.04709141274238227,0.1883656509695291,0.04155124653739612,0.407202216066482,0.26038781163434904,0.055401662049861494,0.23545706371191136
Kilcatherine,Cork County,361,82,13,18,89,143,16,0.04986149584487535,0.24653739612188366,0.0443213296398892,0.3961218836565097,0.22714681440443213,0.036011080332409975,0.296398891966759
Kilchreest,Clare,234,52,5,7,69,84,17,0.029914529914529916,0.2948717948717949,0.07264957264957266,0.358974358974359,0.2222222222222222,0.021367521367521368,0.3247863247863248
Kilchreest,Galway County,140,35,2,7,28,57,11,0.05,0.2,0.07857142857142857,0.40714285714285714,0.25,0.014285714285714285,0.25
Kilcloher,Clare,363,104,5,5,99,121,29,0.013774104683195593,0.2727272727272727,0.07988980716253444,0.3333333333333333,0.2865013774104683,0.013774104683195593,0.2865013774104683
Kilclonfert,Offaly,174,47,7,2,60,47,11,0.011494252873563218,0.3448275862068966,0.06321839080459771,0.27011494252873564,0.27011494252873564,0.040229885057471264,0.3563218390804598
Kilcock,Kildare,3440,695,79,172,1250,970,274,0.05,0.3633720930232558,0.07965116279069767,0.2819767441860465,0.20203488372093023,0.022965116279069768,0.41337209302325584
Kilcockan,Waterford,96,14,2,7,29,38,6,0.07291666666666667,0.3020833333333333,0.0625,0.3958333333333333,0.14583333333333334,0.020833333333333332,0.375
Kilcoe,Cork County,177,60,7,4,32,61,13,0.022598870056497175,0.1807909604519774,0.07344632768361582,0.3446327683615819,0.3389830508474576,0.03954802259887006,0.2033898305084746
Kilcogy,Cavan,159,42,11,2,62,38,4,0.012578616352201259,0.389937106918239,0.025157232704402517,0.2389937106918239,0.2641509433962264,0.06918238993710692,0.4025157232704403
Kilcoke,Laois,44,12,0,2,11,17,2,0.045454545454545456,0.25,0.045454545454545456,0.38636363636363635,0.2727272727272727,0.0,0.29545454545454547
Kilcolman,Mayo,202,51,6,5,50,84,6,0.024752475247524754,0.24752475247524752,0.0297029702970297,0.4158415841584158,0.2524752475247525,0.0297029702970297,0.2722772277227723
Kilcolman,Offaly,156,52,5,2,52,42,3,0.01282051282051282,0.3333333333333333,0.019230769230769232,0.2692307692307692,0.3333333333333333,0.03205128205128205,0.34615384615384615
Kilcolmanbane,Laois,308,95,6,7,94,90,16,0.022727272727272728,0.3051948051948052,0.05194805194805195,0.2922077922077922,0.30844155844155846,0.01948051948051948,0.32792207792207795
Kilcolumb,Kilkenny,269,83,5,2,90,78,11,0.007434944237918215,0.3345724907063197,0.040892193308550186,0.2899628252788104,0.30855018587360594,0.01858736059479554,0.3420074349442379
Kilcomb,Wexford,398,125,4,3,124,119,23,0.007537688442211055,0.31155778894472363,0.05778894472361809,0.2989949748743719,0.314070351758794,0.010050251256281407,0.31909547738693467
Kilcomenty,Tipperary,358,85,10,14,114,115,20,0.03910614525139665,0.31843575418994413,0.055865921787709494,0.32122905027932963,0.23743016759776536,0.027932960893854747,0.3575418994413408
Kilcommock,Longford,450,110,16,6,189,108,21,0.013333333333333334,0.42,0.04666666666666667,0.24,0.24444444444444444,0.035555555555555556,0.43333333333333335
Kilcommon,Mayo,250,73,4,3,64,87,19,0.012,0.256,0.076,0.348,0.292,0.016,0.268
Kilcommon,Tipperary,579,166,12,10,175,187,29,0.017271157167530225,0.3022452504317789,0.05008635578583765,0.3229706390328152,0.2867012089810017,0.02072538860103627,0.31951640759930916
Kilconickny,Galway County,335,81,10,11,97,119,17,0.03283582089552239,0.28955223880597014,0.050746268656716415,0.35522388059701493,0.2417910447761194,0.029850746268656716,0.32238805970149254
Kilconierin,Galway County,314,66,9,4,110,110,15,0.012738853503184714,0.3503184713375796,0.04777070063694268,0.3503184713375796,0.21019108280254778,0.028662420382165606,0.3630573248407643
Kilconnell,Galway County,261,66,9,6,72,95,13,0.022988505747126436,0.27586206896551724,0.04980842911877394,0.36398467432950193,0.25287356321839083,0.034482758620689655,0.2988505747126437
Kilconny,Cavan,251,65,2,3,85,72,24,0.01195219123505976,0.3386454183266932,0.09561752988047809,0.2868525896414343,0.2589641434262948,0.00796812749003984,0.350597609561753
Kilcoole,Wicklow,4533,1146,89,134,1671,1211,282,0.02956099713214207,0.3686300463269358,0.062210456651224356,0.2671519964703287,0.2528127068166777,0.019633796602691374,0.39819104345907785
Kilcooly,Meath,167,36,3,5,55,59,9,0.029940119760479042,0.32934131736526945,0.05389221556886228,0.3532934131736527,0.2155688622754491,0.017964071856287425,0.3592814371257485
Kilcooly,Tipperary,130,28,3,2,49,41,7,0.015384615384615385,0.3769230769230769,0.05384615384615385,0.3153846153846154,0.2153846153846154,0.023076923076923078,0.3923076923076923
Kilcoona,Galway County,303,60,2,14,92,110,25,0.0462046204620462,0.30363036303630364,0.08250825082508251,0.36303630363036304,0.19801980198019803,0.006600660066006601,0.34983498349834985
Kilcor,Cork County,170,39,4,9,52,50,16,0.052941176470588235,0.3058823529411765,0.09411764705882353,0.29411764705882354,0.22941176470588234,0.023529411764705882,0.3588235294117647
Kilcoran,Tipperary,217,72,7,2,68,61,7,0.009216589861751152,0.31336405529953915,0.03225806451612903,0.28110599078341014,0.3317972350230415,0.03225806451612903,0.3225806451612903
Kilcormac,Offaly,485,147,12,10,144,157,15,0.020618556701030927,0.29690721649484536,0.030927835051546393,0.3237113402061856,0.3030927835051546,0.024742268041237112,0.31752577319587627
Kilcormick,Wexford,294,75,9,12,108,81,9,0.04081632653061224,0.3673469387755102,0.030612244897959183,0.2755102040816326,0.25510204081632654,0.030612244897959183,0.40816326530612246
Kilcornan,Limerick,393,103,7,15,125,126,17,0.03816793893129771,0.31806615776081426,0.043256997455470736,0.32061068702290074,0.26208651399491095,0.017811704834605598,0.356234096692112
Kilcorney,Cork County,129,45,4,2,40,32,6,0.015503875968992248,0.31007751937984496,0.046511627906976744,0.24806201550387597,0.3488372093023256,0.031007751937984496,0.32558139534883723
Kilcowan,Wexford,168,46,2,2,48,62,8,0.011904761904761904,0.2857142857142857,0.047619047619047616,0.36904761904761907,0.27380952380952384,0.011904761904761904,0.2976190476190476
Kilcroan,Galway County,261,57,10,9,65,98,22,0.034482758620689655,0.24904214559386972,0.0842911877394636,0.37547892720306514,0.21839080459770116,0.038314176245210725,0.2835249042145594
Kilcronat,Cork County,99,30,0,0,36,29,4,0.0,0.36363636363636365,0.04040404040404041,0.29292929292929293,0.30303030303030304,0.0,0.36363636363636365
Kilcullen,Cork County,422,88,9,2,147,157,19,0.004739336492890996,0.34834123222748814,0.045023696682464455,0.37203791469194314,0.20853080568720378,0.02132701421800948,0.35308056872037913
Kilcullen,Kildare,1466,381,26,29,511,457,62,0.019781718963165076,0.3485675306957708,0.04229195088676671,0.3117326057298772,0.2598908594815825,0.017735334242837655,0.3683492496589359
Kilculliheen,Kilkenny,1894,480,48,34,664,566,102,0.01795142555438226,0.3505807814149947,0.05385427666314678,0.2988384371700106,0.25343189017951423,0.025343189017951427,0.368532206969377
Kilcummer,Cork County,105,26,5,1,35,34,4,0.009523809523809525,0.3333333333333333,0.0380952380952381,0.3238095238095238,0.24761904761904763,0.047619047619047616,0.34285714285714286
Kilcummin,Kerry,1061,256,21,31,328,358,67,0.029217719132893498,0.3091423185673893,0.06314797360980208,0.3374175306314797,0.2412818096135721,0.019792648444863337,0.3383600377002828
Kilcumny,Westmeath,71,18,0,0,19,30,4,0.0,0.2676056338028169,0.056338028169014086,0.4225352112676056,0.2535211267605634,0.0,0.2676056338028169
Kilcumreragh,Offaly,232,60,3,8,69,74,18,0.034482758620689655,0.2974137931034483,0.07758620689655173,0.31896551724137934,0.25862068965517243,0.01293103448275862,0.33189655172413796
Kilcumreragh,Westmeath,172,53,5,2,48,58,6,0.011627906976744186,0.27906976744186046,0.03488372093023256,0.3372093023255814,0.3081395348837209,0.029069767441860465,0.29069767441860467
Kildalkey,Meath,504,108,11,16,195,151,23,0.031746031746031744,0.3869047619047619,0.04563492063492063,0.2996031746031746,0.21428571428571427,0.021825396825396824,0.41865079365079366
Kildangan,Kildare,329,68,8,11,105,124,13,0.03343465045592705,0.3191489361702128,0.03951367781155015,0.3768996960486322,0.2066869300911854,0.0243161094224924,0.3525835866261398
Kildare,Kildare,3798,882,102,104,1356,1106,248,0.02738283307003686,0.3570300157977883,0.06529752501316483,0.29120589784096895,0.23222748815165878,0.026856240126382307,0.3844128488678252
Kildellig,Laois,120,48,4,3,22,40,3,0.025,0.18333333333333332,0.025,0.3333333333333333,0.4,0.03333333333333333,0.20833333333333334
Kilderry,Donegal,484,89,12,34,166,138,45,0.07024793388429752,0.34297520661157027,0.09297520661157024,0.28512396694214875,0.18388429752066116,0.024793388429752067,0.4132231404958678
Kildimo,Limerick,361,102,8,5,102,111,33,0.013850415512465374,0.28254847645429365,0.09141274238227147,0.3074792243767313,0.28254847645429365,0.0221606648199446,0.296398891966759
Kildinan,Cork County,336,84,8,1,105,117,21,0.002976190476190476,0.3125,0.0625,0.3482142857142857,0.25,0.023809523809523808,0.31547619047619047
Kildorrery,Cork County,322,87,3,2,96,109,25,0.006211180124223602,0.2981366459627329,0.07763975155279502,0.3385093167701863,0.2701863354037267,0.009316770186335404,0.30434782608695654
Kilfane,Kilkenny,149,28,3,1,49,60,8,0.006711409395973154,0.3288590604026846,0.053691275167785234,0.40268456375838924,0.18791946308724833,0.020134228187919462,0.33557046979865773
Kilfaughnabeg,Cork County,245,65,3,6,77,79,15,0.024489795918367346,0.3142857142857143,0.061224489795918366,0.3224489795918367,0.2653061224489796,0.012244897959183673,0.33877551020408164
Kilfeakle,Tipperary,194,59,8,1,50,65,11,0.005154639175257732,0.25773195876288657,0.05670103092783505,0.33505154639175255,0.30412371134020616,0.041237113402061855,0.26288659793814434
Kilfearagh,Clare,164,35,3,2,39,68,17,0.012195121951219513,0.23780487804878048,0.10365853658536585,0.4146341463414634,0.21341463414634146,0.018292682926829267,0.25
Kilfeighny,Kerry,386,99,7,8,140,108,24,0.02072538860103627,0.3626943005181347,0.06217616580310881,0.27979274611398963,0.25647668393782386,0.018134715025906734,0.38341968911917096
Kilfelim,Kerry,117,28,2,2,35,46,4,0.017094017094017096,0.29914529914529914,0.03418803418803419,0.39316239316239315,0.23931623931623933,0.017094017094017096,0.3162393162393162
Kilfenora,Clare,201,24,6,12,60,85,14,0.05970149253731343,0.29850746268656714,0.06965174129353234,0.4228855721393035,0.11940298507462686,0.029850746268656716,0.3582089552238806
Kilfergus,Limerick,182,60,2,5,33,70,12,0.027472527472527472,0.1813186813186813,0.06593406593406594,0.38461538461538464,0.32967032967032966,0.01098901098901099,0.2087912087912088
Kilfian East,Mayo,104,29,0,1,26,38,10,0.009615384615384616,0.25,0.09615384615384616,0.36538461538461536,0.27884615384615385,0.0,0.25961538461538464
Kilfian South,Mayo,111,30,2,0,21,53,5,0.0,0.1891891891891892,0.04504504504504504,0.4774774774774775,0.2702702702702703,0.018018018018018018,0.1891891891891892
Kilfian West,Mayo,38,9,1,1,9,18,0,0.02631578947368421,0.23684210526315788,0.0,0.47368421052631576,0.23684210526315788,0.02631578947368421,0.2631578947368421
Kilfiddane,Clare,162,43,5,1,41,69,3,0.006172839506172839,0.25308641975308643,0.018518518518518517,0.42592592592592593,0.2654320987654321,0.030864197530864196,0.25925925925925924
Kilfinnane,Limerick,439,122,16,15,124,133,29,0.03416856492027335,0.2824601366742597,0.06605922551252848,0.30296127562642367,0.27790432801822323,0.03644646924829157,0.31662870159453305
Kilfinny,Limerick,138,37,4,3,46,38,10,0.021739130434782608,0.3333333333333333,0.07246376811594203,0.2753623188405797,0.26811594202898553,0.028985507246376812,0.35507246376811596
Kilflyn,Kerry,113,21,2,10,34,40,6,0.08849557522123894,0.3008849557522124,0.05309734513274336,0.35398230088495575,0.18584070796460178,0.017699115044247787,0.3893805309734513
Kilflyn,Limerick,103,35,1,3,31,29,4,0.02912621359223301,0.30097087378640774,0.038834951456310676,0.2815533980582524,0.33980582524271846,0.009708737864077669,0.3300970873786408
Kilfree,Sligo,215,65,15,2,59,62,12,0.009302325581395349,0.2744186046511628,0.05581395348837209,0.28837209302325584,0.3023255813953488,0.06976744186046512,0.2837209302325581
Kilgarrylander,Kerry,271,70,9,10,63,100,19,0.03690036900369004,0.23247232472324722,0.07011070110701106,0.36900369003690037,0.25830258302583026,0.033210332103321034,0.2693726937269373
Kilgarvan,Kerry,290,69,4,9,73,110,25,0.03103448275862069,0.2517241379310345,0.08620689655172414,0.3793103448275862,0.23793103448275862,0.013793103448275862,0.2827586206896552
Kilgarvan,Mayo,367,97,10,4,84,155,17,0.010899182561307902,0.22888283378746593,0.04632152588555858,0.4223433242506812,0.26430517711171664,0.027247956403269755,0.23978201634877383
Kilgarvan,Wexford,168,39,4,3,64,47,11,0.017857142857142856,0.38095238095238093,0.06547619047619048,0.27976190476190477,0.23214285714285715,0.023809523809523808,0.39880952380952384
Kilgeever,Mayo,39,8,1,1,6,19,4,0.02564102564102564,0.15384615384615385,0.10256410256410256,0.48717948717948717,0.20512820512820512,0.02564102564102564,0.1794871794871795
Kilgefin,Roscommon,118,27,3,5,30,44,9,0.0423728813559322,0.2542372881355932,0.07627118644067797,0.3728813559322034,0.2288135593220339,0.025423728813559324,0.2966101694915254
Kilglass,Limerick,105,22,9,1,29,30,14,0.009523809523809525,0.2761904761904762,0.13333333333333333,0.2857142857142857,0.20952380952380953,0.08571428571428572,0.2857142857142857
Kilglass,Longford,259,83,8,2,72,81,13,0.007722007722007722,0.277992277992278,0.05019305019305019,0.3127413127413127,0.3204633204633205,0.03088803088803089,0.2857142857142857
Kilglass,Sligo,612,174,19,15,164,203,37,0.024509803921568627,0.2679738562091503,0.06045751633986928,0.33169934640522875,0.28431372549019607,0.03104575163398693,0.29248366013071897
Kilglass North,Roscommon,176,32,5,0,46,85,8,0.0,0.26136363636363635,0.045454545454545456,0.48295454545454547,0.18181818181818182,0.028409090909090908,0.26136363636363635
Kilglass South,Roscommon,129,34,1,1,37,50,6,0.007751937984496124,0.2868217054263566,0.046511627906976744,0.3875968992248062,0.26356589147286824,0.007751937984496124,0.29457364341085274
Kilgobban,Kerry,138,25,7,3,39,52,12,0.021739130434782608,0.2826086956521739,0.08695652173913043,0.37681159420289856,0.18115942028985507,0.050724637681159424,0.30434782608695654
Kilgobnet,Kerry,407,103,12,7,125,136,24,0.0171990171990172,0.3071253071253071,0.05896805896805897,0.33415233415233414,0.25307125307125306,0.029484029484029485,0.32432432432432434
Kilgolagh,Cavan,106,28,5,1,35,30,7,0.009433962264150943,0.330188679245283,0.0660377358490566,0.2830188679245283,0.2641509433962264,0.04716981132075472,0.33962264150943394
Kilgorman,Wexford,363,86,13,5,139,107,13,0.013774104683195593,0.38292011019283745,0.03581267217630854,0.29476584022038566,0.2369146005509642,0.03581267217630854,0.39669421487603307
Kilgullane,Cork County,79,9,2,4,18,41,5,0.05063291139240506,0.22784810126582278,0.06329113924050633,0.5189873417721519,0.11392405063291139,0.02531645569620253,0.27848101265822783
Kilkea,Kildare,159,38,4,3,57,49,8,0.018867924528301886,0.3584905660377358,0.050314465408805034,0.3081761006289308,0.2389937106918239,0.025157232704402517,0.37735849056603776
Kilkeary,Tipperary,313,92,6,3,105,94,13,0.009584664536741214,0.3354632587859425,0.04153354632587859,0.3003194888178914,0.2939297124600639,0.019169329073482427,0.3450479233226837
Kilkeasy,Kilkenny,164,40,1,4,65,45,9,0.024390243902439025,0.39634146341463417,0.054878048780487805,0.27439024390243905,0.24390243902439024,0.006097560975609756,0.42073170731707316
Kilkee,Clare,342,79,13,13,58,154,25,0.038011695906432746,0.1695906432748538,0.07309941520467836,0.4502923976608187,0.2309941520467836,0.038011695906432746,0.20760233918128654
Kilkelly,Mayo,328,88,5,5,81,125,24,0.01524390243902439,0.24695121951219512,0.07317073170731707,0.38109756097560976,0.2682926829268293,0.01524390243902439,0.2621951219512195
Kilkenny No. 1 Urban,Kilkenny,1656,436,46,52,423,601,98,0.03140096618357488,0.2554347826086957,0.059178743961352656,0.36292270531400966,0.2632850241545894,0.027777777777777776,0.28683574879227053
Kilkenny No. 2 Urban,Kilkenny,1333,354,23,59,313,518,66,0.04426106526631658,0.2348087021755439,0.04951237809452363,0.3885971492873218,0.26556639159789946,0.0172543135783946,0.27906976744186046
Kilkenny Rural,Kilkenny,7305,1737,157,230,2421,2260,500,0.03148528405201916,0.3314168377823409,0.06844626967830253,0.30937713894592744,0.237782340862423,0.021492128678986994,0.36290212183436005
Kilkerranmore,Cork County,268,62,2,7,85,98,14,0.026119402985074626,0.31716417910447764,0.05223880597014925,0.3656716417910448,0.23134328358208955,0.007462686567164179,0.34328358208955223
Kilkieran,Kilkenny,338,72,7,0,124,122,13,0.0,0.3668639053254438,0.038461538461538464,0.3609467455621302,0.21301775147928995,0.020710059171597635,0.3668639053254438
Kilkishen,Clare,484,140,8,8,128,173,27,0.01652892561983471,0.2644628099173554,0.05578512396694215,0.3574380165289256,0.2892561983471074,0.01652892561983471,0.2809917355371901
Kill,Cavan,139,32,3,4,49,45,6,0.02877697841726619,0.35251798561151076,0.04316546762589928,0.3237410071942446,0.2302158273381295,0.02158273381294964,0.381294964028777
Kill,Kildare,2124,576,39,29,647,707,126,0.013653483992467044,0.3046139359698682,0.059322033898305086,0.3328625235404896,0.2711864406779661,0.018361581920903956,0.3182674199623352
Killaan,Galway County,228,60,4,4,63,82,15,0.017543859649122806,0.27631578947368424,0.06578947368421052,0.35964912280701755,0.2631578947368421,0.017543859649122806,0.29385964912280704
Killabban,Laois,177,53,1,9,63,48,3,0.05084745762711865,0.3559322033898305,0.01694915254237288,0.2711864406779661,0.2994350282485876,0.005649717514124294,0.4067796610169492
Killaconenagh,Cork County,623,152,20,10,175,234,32,0.016051364365971106,0.2808988764044944,0.051364365971107544,0.3756019261637239,0.24398073836276082,0.03210272873194221,0.2969502407704655
Killaconnigan,Meath,739,171,11,15,275,224,43,0.02029769959404601,0.3721244925575101,0.058186738836265225,0.30311231393775373,0.2313937753721245,0.014884979702300407,0.39242219215155616
Killadoon,Sligo,120,35,4,2,28,49,2,0.016666666666666666,0.23333333333333334,0.016666666666666666,0.4083333333333333,0.2916666666666667,0.03333333333333333,0.25
Killadriffe,Tipperary,233,49,6,3,63,96,16,0.012875536480686695,0.2703862660944206,0.06866952789699571,0.41201716738197425,0.21030042918454936,0.02575107296137339,0.2832618025751073
Killadysert,Clare,417,101,13,4,120,165,14,0.009592326139088728,0.28776978417266186,0.03357314148681055,0.39568345323741005,0.2422062350119904,0.03117505995203837,0.2973621103117506
Killag,Wexford,184,54,3,4,76,42,5,0.021739130434782608,0.41304347826086957,0.02717391304347826,0.22826086956521738,0.29347826086956524,0.016304347826086956,0.43478260869565216
Killahan,Kerry,147,30,5,2,58,42,10,0.013605442176870748,0.3945578231292517,0.06802721088435375,0.2857142857142857,0.20408163265306123,0.034013605442176874,0.40816326530612246
Killahy,Kilkenny,293,79,6,7,81,107,13,0.023890784982935155,0.2764505119453925,0.04436860068259386,0.3651877133105802,0.2696245733788396,0.020477815699658702,0.3003412969283277
Killala,Mayo,512,128,12,15,148,177,32,0.029296875,0.2890625,0.0625,0.345703125,0.25,0.0234375,0.318359375
Killallaghtan,Galway County,217,57,5,8,62,80,5,0.03686635944700461,0.2857142857142857,0.02304147465437788,0.3686635944700461,0.2626728110599078,0.02304147465437788,0.3225806451612903
Killallon,Meath,106,24,5,0,32,41,4,0.0,0.3018867924528302,0.03773584905660377,0.3867924528301887,0.22641509433962265,0.04716981132075472,0.3018867924528302
Killaloan/Kilsheelan,Tipperary,598,177,16,7,171,195,32,0.011705685618729096,0.28595317725752506,0.05351170568561873,0.32608695652173914,0.2959866220735786,0.026755852842809364,0.2976588628762542
Killaloe,Clare,899,249,23,23,257,309,38,0.025583982202447165,0.28587319243604004,0.042269187986651836,0.3437152391546162,0.27697441601779754,0.025583982202447165,0.3114571746384872
Killamery,Kilkenny,97,17,5,0,33,35,7,0.0,0.3402061855670103,0.07216494845360824,0.36082474226804123,0.17525773195876287,0.05154639175257732,0.3402061855670103
Killanena,Clare,102,18,0,7,38,29,10,0.06862745098039216,0.37254901960784315,0.09803921568627451,0.28431372549019607,0.17647058823529413,0.0,0.4411764705882353
Killann,Wexford,383,123,6,9,110,112,23,0.02349869451697128,0.28720626631853785,0.06005221932114883,0.2924281984334204,0.32114882506527415,0.015665796344647518,0.31070496083550914
Killanniv,Clare,387,102,6,10,115,117,37,0.025839793281653745,0.2971576227390181,0.09560723514211886,0.3023255813953488,0.26356589147286824,0.015503875968992248,0.32299741602067183
Killanny,Louth,319,86,8,1,118,86,20,0.003134796238244514,0.36990595611285265,0.06269592476489028,0.26959247648902823,0.26959247648902823,0.025078369905956112,0.3730407523510972
Killanummery,Leitrim,127,37,8,2,37,32,11,0.015748031496062992,0.29133858267716534,0.08661417322834646,0.25196850393700787,0.29133858267716534,0.06299212598425197,0.30708661417322836
Killaraght,Sligo,183,54,9,1,53,52,14,0.00546448087431694,0.2896174863387978,0.07650273224043716,0.28415300546448086,0.29508196721311475,0.04918032786885246,0.29508196721311475
Killard,Clare,142,41,6,3,38,43,11,0.02112676056338028,0.2676056338028169,0.07746478873239436,0.3028169014084507,0.2887323943661972,0.04225352112676056,0.2887323943661972
Killare,Westmeath,159,49,6,0,48,52,4,0.0,0.3018867924528302,0.025157232704402517,0.3270440251572327,0.3081761006289308,0.03773584905660377,0.3018867924528302
Killarney Rural,Kerry,3039,768,54,88,864,1070,195,0.028956893715037842,0.2843040473840079,0.06416584402764067,0.3520895031260283,0.2527147087857848,0.017769002961500493,0.31326094109904573
Killarney Urban,Kerry,3246,815,119,99,775,1249,189,0.030499075785582256,0.23875539125077017,0.05822550831792976,0.38478126925446704,0.25107825015403573,0.036660505237215035,0.2692544670363524
Killary,Meath,387,93,9,13,138,115,19,0.03359173126614987,0.35658914728682173,0.04909560723514212,0.2971576227390181,0.24031007751937986,0.023255813953488372,0.39018087855297157
Killashandra,Cavan,336,93,9,6,98,109,21,0.017857142857142856,0.2916666666666667,0.0625,0.3244047619047619,0.2767857142857143,0.026785714285714284,0.30952380952380953
Killashee,Kildare,160,58,3,3,37,42,17,0.01875,0.23125,0.10625,0.2625,0.3625,0.01875,0.25
Killashee,Longford,146,36,4,2,45,51,8,0.0136986301369863,0.3082191780821918,0.0547945205479452,0.3493150684931507,0.2465753424657534,0.0273972602739726,0.3219178082191781
Killaspuglonane,Clare,136,33,5,3,39,52,4,0.022058823529411766,0.2867647058823529,0.029411764705882353,0.38235294117647056,0.2426470588235294,0.03676470588235294,0.3088235294117647
Killathy,Cork County,210,64,8,5,51,66,16,0.023809523809523808,0.24285714285714285,0.0761904761904762,0.3142857142857143,0.3047619047619048,0.0380952380952381,0.26666666666666666
Killavackan,Roscommon,107,29,0,2,26,43,7,0.018691588785046728,0.24299065420560748,0.06542056074766354,0.40186915887850466,0.27102803738317754,0.0,0.2616822429906542
Killavally,Mayo,238,70,9,2,69,77,11,0.008403361344537815,0.28991596638655465,0.046218487394957986,0.3235294117647059,0.29411764705882354,0.037815126050420166,0.29831932773109243
Killavinoge,Tipperary,196,56,2,0,69,61,8,0.0,0.3520408163265306,0.04081632653061224,0.3112244897959184,0.2857142857142857,0.01020408163265306,0.3520408163265306
Killea,Donegal,320,58,14,22,121,84,21,0.06875,0.378125,0.065625,0.2625,0.18125,0.04375,0.446875
Killea,Tipperary,161,37,6,4,49,52,13,0.024844720496894408,0.30434782608695654,0.08074534161490683,0.32298136645962733,0.22981366459627328,0.037267080745341616,0.32919254658385094
Killea,Waterford,708,222,12,15,192,242,25,0.0211864406779661,0.2711864406779661,0.03531073446327684,0.3418079096045198,0.3135593220338983,0.01694915254237288,0.2923728813559322
Killeagh,"Cork County, 047202",656,156,12,16,229,205,38,0.024390243902439025,0.3490853658536585,0.057926829268292686,0.3125,0.23780487804878048,0.018292682926829267,0.37347560975609756
Killeagh,"Cork County, 047203",329,70,9,2,89,144,15,0.0060790273556231,0.270516717325228,0.04559270516717325,0.4376899696048632,0.2127659574468085,0.02735562310030395,0.2765957446808511
Killeagh,Meath,164,40,1,6,56,54,7,0.036585365853658534,0.34146341463414637,0.042682926829268296,0.32926829268292684,0.24390243902439024,0.006097560975609756,0.3780487804878049
Killeany,Galway County,276,71,8,5,76,96,20,0.018115942028985508,0.2753623188405797,0.07246376811594203,0.34782608695652173,0.2572463768115942,0.028985507246376812,0.29347826086956524
Killedan,Mayo,244,62,2,11,67,86,16,0.045081967213114756,0.27459016393442626,0.06557377049180328,0.3524590163934426,0.2540983606557377,0.00819672131147541,0.319672131147541
Killedmond,Carlow,155,49,3,1,46,52,4,0.0064516129032258064,0.2967741935483871,0.025806451612903226,0.33548387096774196,0.3161290322580645,0.01935483870967742,0.3032258064516129
Killeely,Clare,416,91,9,7,120,160,29,0.016826923076923076,0.28846153846153844,0.06971153846153846,0.38461538461538464,0.21875,0.021634615384615384,0.30528846153846156
Killeely,Galway County,946,186,20,26,309,351,54,0.02748414376321353,0.3266384778012685,0.05708245243128964,0.37103594080338265,0.19661733615221988,0.021141649048625793,0.35412262156448204
Killeely A,Limerick,278,68,22,2,92,79,15,0.007194244604316547,0.33093525179856115,0.0539568345323741,0.2841726618705036,0.2446043165467626,0.07913669064748201,0.3381294964028777
Killeely B,Limerick,151,39,5,9,32,51,15,0.059602649006622516,0.2119205298013245,0.09933774834437085,0.33774834437086093,0.2582781456953642,0.033112582781456956,0.271523178807947
Killeen,Galway County,358,94,9,11,102,124,18,0.030726256983240222,0.2849162011173184,0.05027932960893855,0.3463687150837989,0.26256983240223464,0.025139664804469275,0.31564245810055863
Killeen,Meath,572,145,9,27,149,209,33,0.0472027972027972,0.26048951048951047,0.057692307692307696,0.36538461538461536,0.2534965034965035,0.015734265734265736,0.3076923076923077
Killeenasteena,Tipperary,308,83,4,9,97,97,18,0.02922077922077922,0.31493506493506496,0.05844155844155844,0.31493506493506496,0.2694805194805195,0.012987012987012988,0.34415584415584416
Killeenavarra,Galway County,439,98,7,20,142,146,26,0.04555808656036447,0.3234624145785877,0.05922551252847381,0.3325740318906606,0.22323462414578588,0.015945330296127564,0.3690205011389522
Killeenleagh,Cork County,136,28,4,1,49,43,11,0.007352941176470588,0.3602941176470588,0.08088235294117647,0.3161764705882353,0.20588235294117646,0.029411764705882353,0.36764705882352944
Killeentierna,Kerry,384,108,6,11,98,139,22,0.028645833333333332,0.2552083333333333,0.057291666666666664,0.3619791666666667,0.28125,0.015625,0.2838541666666667
Killeevan,Monaghan,134,31,0,4,44,47,8,0.029850746268656716,0.3283582089552239,0.05970149253731343,0.35074626865671643,0.23134328358208955,0.0,0.3582089552238806
Killehenny,Kerry,808,243,19,17,173,309,47,0.02103960396039604,0.2141089108910891,0.05816831683168317,0.38242574257425743,0.30074257425742573,0.023514851485148515,0.23514851485148514
Killeigh,Offaly,498,130,9,14,168,145,32,0.028112449799196786,0.3373493975903614,0.0642570281124498,0.29116465863453816,0.26104417670682734,0.018072289156626505,0.3654618473895582
Killenagh,Wexford,224,53,3,8,72,74,14,0.03571428571428571,0.32142857142857145,0.0625,0.33035714285714285,0.23660714285714285,0.013392857142857142,0.35714285714285715
Killenaule,Tipperary,376,101,10,5,103,139,18,0.013297872340425532,0.27393617021276595,0.047872340425531915,0.3696808510638298,0.26861702127659576,0.026595744680851064,0.2872340425531915
Killererin,Galway County,364,109,6,5,90,139,15,0.013736263736263736,0.24725274725274726,0.04120879120879121,0.38186813186813184,0.29945054945054944,0.016483516483516484,0.260989010989011
Killermogh,Laois,128,34,3,3,30,46,12,0.0234375,0.234375,0.09375,0.359375,0.265625,0.0234375,0.2578125
Killeroran,Galway County,552,148,18,3,159,191,33,0.005434782608695652,0.28804347826086957,0.059782608695652176,0.34601449275362317,0.26811594202898553,0.03260869565217391,0.29347826086956524
Killerrig,Carlow,196,39,7,4,72,67,7,0.02040816326530612,0.3673469387755102,0.03571428571428571,0.34183673469387754,0.1989795918367347,0.03571428571428571,0.3877551020408163
Killesk,Wexford,247,71,8,1,70,89,8,0.004048582995951417,0.2834008097165992,0.032388663967611336,0.3603238866396761,0.2874493927125506,0.032388663967611336,0.2874493927125506
Killian,Galway County,166,26,5,5,46,78,6,0.030120481927710843,0.27710843373493976,0.03614457831325301,0.46987951807228917,0.1566265060240964,0.030120481927710843,0.3072289156626506
Killilagh,Clare,259,54,6,4,65,114,16,0.015444015444015444,0.25096525096525096,0.06177606177606178,0.44015444015444016,0.2084942084942085,0.023166023166023165,0.26640926640926643
Killimer,Clare,232,67,4,4,64,78,15,0.017241379310344827,0.27586206896551724,0.06465517241379311,0.33620689655172414,0.28879310344827586,0.017241379310344827,0.29310344827586204
Killimor,"Galway County, 067133",248,61,7,2,63,102,13,0.008064516129032258,0.2540322580645161,0.05241935483870968,0.4112903225806452,0.24596774193548387,0.028225806451612902,0.2620967741935484
Killimor,"Galway County, 067134",146,31,7,3,41,56,8,0.02054794520547945,0.2808219178082192,0.0547945205479452,0.3835616438356164,0.21232876712328766,0.04794520547945205,0.3013698630136986
Killinaboy,Clare,153,24,3,7,41,62,16,0.0457516339869281,0.2679738562091503,0.10457516339869281,0.40522875816993464,0.1568627450980392,0.0196078431372549,0.3137254901960784
Killinagh/Teebane,Cavan,54,21,1,2,13,14,3,0.037037037037037035,0.24074074074074073,0.05555555555555555,0.25925925925925924,0.3888888888888889,0.018518518518518517,0.2777777777777778
Killinane,Kerry,119,13,3,5,31,56,11,0.04201680672268908,0.2605042016806723,0.09243697478991597,0.47058823529411764,0.1092436974789916,0.025210084033613446,0.3025210084033613
Killincooly,Wexford,206,57,2,0,74,59,14,0.0,0.3592233009708738,0.06796116504854369,0.28640776699029125,0.2766990291262136,0.009708737864077669,0.3592233009708738
Killiney North,Dún Laoghaire-Rathdown,1470,428,36,38,329,536,103,0.02585034013605442,0.22380952380952382,0.07006802721088436,0.36462585034013606,0.291156462585034,0.024489795918367346,0.24965986394557824
Killiney South,Dún Laoghaire-Rathdown,2033,522,59,78,592,640,142,0.038366945400885394,0.2911952779144122,0.06984751598622725,0.3148057058534186,0.25676340383669455,0.029021151008362025,0.3295622233152976
Killinick,Wexford,281,87,6,5,80,87,16,0.017793594306049824,0.2846975088967972,0.05693950177935943,0.3096085409252669,0.3096085409252669,0.021352313167259787,0.302491103202847
Killinkere,Cavan,172,57,5,3,49,53,5,0.01744186046511628,0.28488372093023256,0.029069767441860465,0.3081395348837209,0.3313953488372093,0.029069767441860465,0.3023255813953488
Killinny,Galway County,227,49,5,4,73,88,8,0.01762114537444934,0.32158590308370044,0.03524229074889868,0.3876651982378855,0.21585903083700442,0.022026431718061675,0.3392070484581498
Killinthomas,Kildare,196,51,2,0,65,73,5,0.0,0.33163265306122447,0.025510204081632654,0.37244897959183676,0.2602040816326531,0.01020408163265306,0.33163265306122447
Killinure,Westmeath,201,74,7,2,57,52,9,0.009950248756218905,0.2835820895522388,0.04477611940298507,0.25870646766169153,0.3681592039800995,0.03482587064676617,0.2935323383084577
Killinure,Wicklow,149,31,5,0,55,53,5,0.0,0.3691275167785235,0.03355704697986577,0.35570469798657717,0.2080536912751678,0.03355704697986577,0.3691275167785235
Killiskey,Wicklow,583,165,8,11,171,190,38,0.018867924528301886,0.2933104631217839,0.06518010291595197,0.3259005145797599,0.2830188679245283,0.0137221269296741,0.31217838765008576
Killoe,Longford,102,36,3,4,26,30,3,0.0392156862745098,0.2549019607843137,0.029411764705882353,0.29411764705882354,0.35294117647058826,0.029411764705882353,0.29411764705882354
Killofin,Clare,129,38,5,2,28,44,12,0.015503875968992248,0.21705426356589147,0.09302325581395349,0.34108527131782945,0.29457364341085274,0.03875968992248062,0.23255813953488372
Killogilleen,Galway County,477,100,7,22,190,132,26,0.04612159329140461,0.39832285115303984,0.05450733752620545,0.27672955974842767,0.20964360587002095,0.014675052410901468,0.4444444444444444
Killokennedy,Clare,81,30,2,0,26,18,5,0.0,0.32098765432098764,0.06172839506172839,0.2222222222222222,0.37037037037037035,0.024691358024691357,0.32098765432098764
Killone,Clare,375,104,8,4,109,131,19,0.010666666666666666,0.2906666666666667,0.050666666666666665,0.34933333333333333,0.2773333333333333,0.021333333333333333,0.30133333333333334
Killooly,Offaly,99,25,0,0,42,29,3,0.0,0.42424242424242425,0.030303030303030304,0.29292929292929293,0.25252525252525254,0.0,0.42424242424242425
Killoran,Galway County,102,31,3,1,36,27,4,0.00980392156862745,0.35294117647058826,0.0392156862745098,0.2647058823529412,0.30392156862745096,0.029411764705882353,0.3627450980392157
Killorglin,Kerry,1740,464,48,46,433,645,104,0.026436781609195402,0.24885057471264369,0.059770114942528735,0.3706896551724138,0.26666666666666666,0.027586206896551724,0.2752873563218391
Killoscully,Tipperary,258,66,5,3,97,76,11,0.011627906976744186,0.375968992248062,0.04263565891472868,0.29457364341085274,0.2558139534883721,0.01937984496124031,0.3875968992248062
Killoteran,Waterford,229,75,9,6,41,83,15,0.026200873362445413,0.17903930131004367,0.06550218340611354,0.3624454148471616,0.32751091703056767,0.039301310043668124,0.2052401746724891
Killoughrum,Wexford,332,93,9,7,94,114,15,0.02108433734939759,0.28313253012048195,0.045180722891566265,0.3433734939759036,0.28012048192771083,0.02710843373493976,0.3042168674698795
Killoughy,Offaly,342,97,6,8,101,117,13,0.023391812865497075,0.2953216374269006,0.038011695906432746,0.34210526315789475,0.28362573099415206,0.017543859649122806,0.31871345029239767
Killower,Galway County,459,114,15,10,129,152,39,0.02178649237472767,0.28104575163398693,0.08496732026143791,0.3311546840958606,0.24836601307189543,0.032679738562091505,0.3028322440087146
Killua,Westmeath,402,106,11,22,128,118,17,0.05472636815920398,0.31840796019900497,0.04228855721393035,0.2935323383084577,0.263681592039801,0.02736318407960199,0.373134328358209
Killucan,Westmeath,683,177,17,10,238,206,35,0.014641288433382138,0.3484626647144949,0.05124450951683748,0.30161054172767204,0.2591508052708638,0.024890190336749635,0.363103953147877
Killukin,"Roscommon, 197074",124,36,4,0,34,45,5,0.0,0.27419354838709675,0.04032258064516129,0.3629032258064516,0.2903225806451613,0.03225806451612903,0.27419354838709675
Killukin,"Roscommon, 197075",69,22,0,0,20,24,3,0.0,0.2898550724637681,0.043478260869565216,0.34782608695652173,0.3188405797101449,0.0,0.2898550724637681
Killulagh,Westmeath,221,57,5,0,85,63,11,0.0,0.38461538461538464,0.049773755656108594,0.2850678733031674,0.2579185520361991,0.02262443438914027,0.38461538461538464
Killummod,Roscommon,57,12,2,1,19,23,0,0.017543859649122806,0.3333333333333333,0.0,0.40350877192982454,0.21052631578947367,0.03508771929824561,0.3508771929824561
Killuran,Clare,219,55,3,2,72,73,14,0.0091324200913242,0.3287671232876712,0.0639269406392694,0.3333333333333333,0.2511415525114155,0.0136986301369863,0.3378995433789954
Killure,Galway County,310,70,9,3,84,132,12,0.00967741935483871,0.2709677419354839,0.03870967741935484,0.4258064516129032,0.22580645161290322,0.02903225806451613,0.2806451612903226
Killurin,Wexford,374,102,11,8,130,100,23,0.0213903743315508,0.34759358288770054,0.06149732620320856,0.26737967914438504,0.2727272727272727,0.029411764705882353,0.3689839572192513
Killursa,Galway County,508,128,9,15,145,179,32,0.02952755905511811,0.2854330708661417,0.06299212598425197,0.35236220472440943,0.25196850393700787,0.017716535433070866,0.31496062992125984
Killury,Kerry,190,45,3,2,52,81,7,0.010526315789473684,0.2736842105263158,0.03684210526315789,0.4263157894736842,0.23684210526315788,0.015789473684210527,0.28421052631578947
Killybegs,Donegal,812,206,21,32,223,271,59,0.03940886699507389,0.2746305418719212,0.07266009852216748,0.33374384236453203,0.2536945812807882,0.02586206896551724,0.31403940886699505
Killygar,Leitrim,43,13,2,1,12,14,1,0.023255813953488372,0.27906976744186046,0.023255813953488372,0.32558139534883723,0.3023255813953488,0.046511627906976744,0.3023255813953488
Killygarvan,Donegal,40,14,0,1,9,13,3,0.025,0.225,0.075,0.325,0.35,0.0,0.25
Killygordon,Donegal,238,50,7,3,94,65,19,0.012605042016806723,0.3949579831932773,0.07983193277310924,0.27310924369747897,0.21008403361344538,0.029411764705882353,0.40756302521008403
Killykeen,Cavan,247,60,8,4,92,73,10,0.016194331983805668,0.3724696356275304,0.04048582995951417,0.29554655870445345,0.242914979757085,0.032388663967611336,0.38866396761133604
Killylough,Monaghan,280,53,13,7,95,93,19,0.025,0.3392857142857143,0.06785714285714285,0.33214285714285713,0.18928571428571428,0.04642857142857143,0.36428571428571427
Killymasny,Donegal,210,40,1,13,72,68,16,0.06190476190476191,0.34285714285714286,0.0761904761904762,0.3238095238095238,0.19047619047619047,0.004761904761904762,0.40476190476190477
Killynenagh,Monaghan,70,20,0,2,31,16,1,0.02857142857142857,0.44285714285714284,0.014285714285714285,0.22857142857142856,0.2857142857142857,0.0,0.4714285714285714
Killyon,Meath,210,49,7,0,67,78,9,0.0,0.319047619047619,0.04285714285714286,0.37142857142857144,0.23333333333333334,0.03333333333333333,0.319047619047619
Killyon,Offaly,114,36,2,0,33,41,2,0.0,0.2894736842105263,0.017543859649122806,0.35964912280701755,0.3157894736842105,0.017543859649122806,0.2894736842105263
Kilmacanoge,Wicklow,5321,1402,118,205,1638,1650,308,0.03852659274572449,0.30783687276827665,0.05788385641796655,0.3100920879533922,0.2634843074610036,0.022176282653636536,0.3463634655140011
Kilmacar,Kilkenny,200,55,1,3,71,62,8,0.015,0.355,0.04,0.31,0.275,0.005,0.37
Kilmacdonogh,Cork County,445,119,12,4,136,144,30,0.008988764044943821,0.3056179775280899,0.06741573033707865,0.3235955056179775,0.26741573033707866,0.02696629213483146,0.3146067415730337
Kilmaclasser,Mayo,280,68,11,11,97,84,9,0.039285714285714285,0.3464285714285714,0.03214285714285714,0.3,0.24285714285714285,0.039285714285714285,0.38571428571428573
Kilmacleague,Waterford,195,45,0,8,53,85,4,0.041025641025641026,0.2717948717948718,0.020512820512820513,0.4358974358974359,0.23076923076923078,0.0,0.3128205128205128
Kilmaclenine,Cork County,307,88,5,8,82,107,17,0.026058631921824105,0.2671009771986971,0.05537459283387622,0.3485342019543974,0.28664495114006516,0.016286644951140065,0.2931596091205212
Kilmacomma,Waterford,233,58,6,13,67,67,22,0.055793991416309016,0.2875536480686695,0.0944206008583691,0.2875536480686695,0.24892703862660945,0.02575107296137339,0.34334763948497854
Kilmacowen,Sligo,1006,249,18,25,293,356,65,0.02485089463220676,0.2912524850894632,0.06461232604373758,0.3538767395626243,0.24751491053677932,0.017892644135188866,0.31610337972166996
Kilmacrenan,Donegal,566,90,23,33,211,167,42,0.05830388692579505,0.37279151943462896,0.07420494699646643,0.2950530035335689,0.15901060070671377,0.04063604240282685,0.43109540636042404
Kilmacshane,Galway County,90,20,2,3,35,25,5,0.03333333333333333,0.3888888888888889,0.05555555555555555,0.2777777777777778,0.2222222222222222,0.022222222222222223,0.4222222222222222
Kilmacteige,Sligo,93,36,5,1,21,28,2,0.010752688172043012,0.22580645161290322,0.021505376344086023,0.3010752688172043,0.3870967741935484,0.053763440860215055,0.23655913978494625
Kilmacthomas,Waterford,555,166,27,11,137,190,24,0.01981981981981982,0.24684684684684685,0.043243243243243246,0.34234234234234234,0.2990990990990991,0.04864864864864865,0.26666666666666666
Kilmactranny,Sligo,179,46,4,4,58,62,5,0.0223463687150838,0.3240223463687151,0.027932960893854747,0.3463687150837989,0.2569832402234637,0.0223463687150838,0.3463687150837989
Kilmacumsy/Kilcolagh,Roscommon,177,40,4,2,59,63,9,0.011299435028248588,0.3333333333333333,0.05084745762711865,0.3559322033898305,0.22598870056497175,0.022598870056497175,0.3446327683615819
Kilmaganny,Kilkenny,293,82,9,4,100,86,12,0.013651877133105802,0.3412969283276451,0.040955631399317405,0.2935153583617747,0.27986348122866894,0.030716723549488054,0.35494880546075086
Kilmaine,Mayo,378,102,9,3,101,146,17,0.007936507936507936,0.2671957671957672,0.04497354497354497,0.3862433862433862,0.2698412698412698,0.023809523809523808,0.2751322751322751
Kilmainham,Meath,250,55,11,6,91,75,12,0.024,0.364,0.048,0.3,0.22,0.044,0.388
Kilmainham A,Dublin City,447,108,11,19,117,158,34,0.042505592841163314,0.26174496644295303,0.07606263982102908,0.3534675615212528,0.24161073825503357,0.024608501118568233,0.3042505592841163
Kilmainham B,Dublin City,786,218,18,35,136,309,70,0.044529262086514,0.17302798982188294,0.089058524173028,0.3931297709923664,0.27735368956743,0.022900763358778626,0.21755725190839695
Kilmainham C,Dublin City,1246,305,36,64,304,458,79,0.051364365971107544,0.24398073836276082,0.06340288924558588,0.36757624398073835,0.2447833065810594,0.028892455858747994,0.2953451043338684
Kilmakevoge,Kilkenny,162,53,4,1,31,59,14,0.006172839506172839,0.19135802469135801,0.08641975308641975,0.36419753086419754,0.3271604938271605,0.024691358024691357,0.19753086419753085
Kilmalinoge,Galway County,78,37,2,2,18,18,1,0.02564102564102564,0.23076923076923078,0.01282051282051282,0.23076923076923078,0.47435897435897434,0.02564102564102564,0.2564102564102564
Kilmallock,Limerick,746,208,21,13,199,269,36,0.01742627345844504,0.2667560321715818,0.04825737265415549,0.3605898123324397,0.27882037533512066,0.028150134048257374,0.28418230563002683
Kilmallock,Wexford,586,175,6,18,203,153,31,0.030716723549488054,0.3464163822525597,0.052901023890784986,0.26109215017064846,0.2986348122866894,0.010238907849829351,0.3771331058020478
Kilmaloda East,Cork County,184,53,0,6,51,63,11,0.03260869565217391,0.27717391304347827,0.059782608695652176,0.3423913043478261,0.28804347826086957,0.0,0.30978260869565216
Kilmaloda West,Cork County,85,22,2,4,27,23,7,0.047058823529411764,0.3176470588235294,0.08235294117647059,0.27058823529411763,0.25882352941176473,0.023529411764705882,0.36470588235294116
Kilmanagh,Kilkenny,236,60,4,0,76,89,7,0.0,0.3220338983050847,0.029661016949152543,0.3771186440677966,0.2542372881355932,0.01694915254237288,0.3220338983050847
Kilmeadan,"Waterford, 227059",337,85,7,8,83,126,28,0.02373887240356083,0.24629080118694363,0.0830860534124629,0.37388724035608306,0.2522255192878338,0.020771513353115726,0.27002967359050445
Kilmeadan,"Waterford, 227060",315,90,5,1,114,88,17,0.0031746031746031746,0.3619047619047619,0.05396825396825397,0.27936507936507937,0.2857142857142857,0.015873015873015872,0.36507936507936506
Kilmeage North,Kildare,899,228,26,12,311,268,54,0.013348164627363738,0.3459399332591769,0.060066740823136816,0.29810901001112344,0.25361512791991103,0.028921023359288096,0.3592880978865406
Kilmeage South,Kildare,753,192,18,14,305,187,37,0.01859229747675963,0.4050464807436919,0.049136786188579015,0.24833997343957503,0.2549800796812749,0.02390438247011952,0.42363877822045154
Kilmeany,Kerry,324,96,13,5,82,104,24,0.015432098765432098,0.25308641975308643,0.07407407407407407,0.32098765432098764,0.2962962962962963,0.040123456790123455,0.26851851851851855
Kilmeedy,Limerick,176,55,1,3,56,57,4,0.017045454545454544,0.3181818181818182,0.022727272727272728,0.32386363636363635,0.3125,0.005681818181818182,0.3352272727272727
Kilmeen,Cork County,143,39,1,0,48,44,11,0.0,0.3356643356643357,0.07692307692307693,0.3076923076923077,0.2727272727272727,0.006993006993006993,0.3356643356643357
Kilmeen,Galway County,293,81,6,1,88,101,16,0.0034129692832764505,0.3003412969283277,0.05460750853242321,0.3447098976109215,0.2764505119453925,0.020477815699658702,0.3037542662116041
Kilmeena,Mayo,720,200,12,16,214,227,51,0.022222222222222223,0.2972222222222222,0.07083333333333333,0.31527777777777777,0.2777777777777778,0.016666666666666666,0.3194444444444444
Kilmessan,Meath,675,170,14,19,221,213,38,0.028148148148148148,0.3274074074074074,0.056296296296296296,0.31555555555555553,0.2518518518518518,0.02074074074074074,0.35555555555555557
Kilmihil,Clare,292,87,8,9,75,97,16,0.030821917808219176,0.2568493150684932,0.0547945205479452,0.3321917808219178,0.2979452054794521,0.0273972602739726,0.2876712328767123
Kilmokea,Wexford,265,70,7,3,82,93,10,0.011320754716981131,0.30943396226415093,0.03773584905660377,0.35094339622641507,0.2641509433962264,0.026415094339622643,0.32075471698113206
Kilmonoge,Cork County,607,121,9,8,229,207,33,0.013179571663920923,0.3772652388797364,0.054365733113673806,0.34102141680395387,0.19934102141680396,0.014827018121911038,0.3904448105436573
Kilmore,Meath,820,220,17,27,241,268,47,0.032926829268292684,0.2939024390243902,0.05731707317073171,0.32682926829268294,0.2682926829268293,0.020731707317073172,0.32682926829268294
Kilmore,Monaghan,215,50,9,6,61,77,12,0.027906976744186046,0.2837209302325581,0.05581395348837209,0.3581395348837209,0.23255813953488372,0.04186046511627907,0.3116279069767442
Kilmore,Roscommon,73,16,0,0,27,26,4,0.0,0.3698630136986301,0.0547945205479452,0.3561643835616438,0.2191780821917808,0.0,0.3698630136986301
Kilmore,Tipperary,321,89,6,5,85,104,32,0.01557632398753894,0.26479750778816197,0.09968847352024922,0.32398753894080995,0.2772585669781931,0.018691588785046728,0.2803738317757009
Kilmore,Wexford,740,226,20,9,224,231,30,0.012162162162162163,0.3027027027027027,0.04054054054054054,0.31216216216216214,0.3054054054054054,0.02702702702702703,0.31486486486486487
Kilmore A,Dublin City,1051,254,33,57,346,284,77,0.05423406279733587,0.3292102759276879,0.07326355851569934,0.2702188392007612,0.241674595623216,0.03139866793529972,0.3834443387250238
Kilmore B,Dublin City,493,111,21,11,166,161,23,0.02231237322515213,0.3367139959432049,0.04665314401622718,0.3265720081135903,0.22515212981744423,0.04259634888438134,0.359026369168357
Kilmore C,Dublin City,219,71,18,1,60,58,11,0.0045662100456621,0.273972602739726,0.0502283105022831,0.2648401826484018,0.3242009132420091,0.0821917808219178,0.2785388127853881
Kilmore D,Dublin City,553,154,15,9,154,185,36,0.0162748643761302,0.27848101265822783,0.0650994575045208,0.3345388788426763,0.27848101265822783,0.027124773960216998,0.29475587703435807
Kilmovee,Mayo,313,84,11,7,83,111,17,0.022364217252396165,0.26517571884984026,0.054313099041533544,0.3546325878594249,0.268370607028754,0.03514376996805112,0.28753993610223644
Kilmoylan,Galway County,535,127,19,16,164,177,32,0.029906542056074768,0.30654205607476637,0.059813084112149535,0.33084112149532713,0.23738317757009345,0.03551401869158879,0.3364485981308411
Kilmoylan,Limerick,132,41,4,2,21,57,7,0.015151515151515152,0.1590909090909091,0.05303030303030303,0.4318181818181818,0.3106060606060606,0.030303030303030304,0.17424242424242425
Kilmoylerane,Cork County,164,35,3,3,63,45,15,0.018292682926829267,0.38414634146341464,0.09146341463414634,0.27439024390243905,0.21341463414634146,0.018292682926829267,0.4024390243902439
Kilmucklin,Tipperary,261,74,6,1,91,72,17,0.0038314176245210726,0.3486590038314176,0.06513409961685823,0.27586206896551724,0.2835249042145594,0.022988505747126436,0.3524904214559387
Kilmullen,Laois,253,58,3,1,69,109,13,0.003952569169960474,0.2727272727272727,0.05138339920948617,0.4308300395256917,0.22924901185770752,0.011857707509881422,0.2766798418972332
Kilmurry,"Clare, 037094",131,32,1,5,35,51,7,0.03816793893129771,0.26717557251908397,0.05343511450381679,0.3893129770992366,0.24427480916030533,0.007633587786259542,0.3053435114503817
Kilmurry,"Clare, 037095",346,100,5,5,79,135,22,0.014450867052023121,0.22832369942196531,0.06358381502890173,0.3901734104046243,0.28901734104046245,0.014450867052023121,0.24277456647398843
Kilmurry,Kerry,129,33,4,3,38,42,9,0.023255813953488372,0.29457364341085274,0.06976744186046512,0.32558139534883723,0.2558139534883721,0.031007751937984496,0.3178294573643411
Kilmurry,Laois,119,37,1,2,40,32,7,0.01680672268907563,0.33613445378151263,0.058823529411764705,0.2689075630252101,0.31092436974789917,0.008403361344537815,0.35294117647058826
Kilmurry,Limerick,452,127,12,3,129,151,30,0.00663716814159292,0.2853982300884956,0.06637168141592921,0.334070796460177,0.2809734513274336,0.02654867256637168,0.2920353982300885
Kilmurry,Monaghan,234,56,5,8,79,69,17,0.03418803418803419,0.33760683760683763,0.07264957264957266,0.2948717948717949,0.23931623931623933,0.021367521367521368,0.3717948717948718
Kilmurry,Tipperary,163,42,6,2,38,61,14,0.012269938650306749,0.2331288343558282,0.08588957055214724,0.37423312883435583,0.25766871165644173,0.03680981595092025,0.24539877300613497
Kilnagross,Cork County,284,76,5,9,90,85,19,0.03169014084507042,0.31690140845070425,0.06690140845070422,0.2992957746478873,0.2676056338028169,0.017605633802816902,0.3485915492957746
Kilnahue,Wexford,188,49,5,3,59,60,12,0.015957446808510637,0.31382978723404253,0.06382978723404255,0.3191489361702128,0.26063829787234044,0.026595744680851064,0.32978723404255317
Kilnaleck,Cavan,388,76,6,6,175,116,9,0.015463917525773196,0.45103092783505155,0.023195876288659795,0.29896907216494845,0.1958762886597938,0.015463917525773196,0.46649484536082475
Kilnamanagh,Cork County,170,38,2,4,51,57,18,0.023529411764705882,0.3,0.10588235294117647,0.3352941176470588,0.2235294117647059,0.011764705882352941,0.3235294117647059
Kilnamona,Clare,479,102,13,19,138,172,35,0.03966597077244259,0.2881002087682672,0.07306889352818371,0.35908141962421714,0.21294363256784968,0.027139874739039668,0.3277661795407098
Kilnanare,Kerry,440,102,9,9,131,164,25,0.020454545454545454,0.29772727272727273,0.056818181818181816,0.37272727272727274,0.2318181818181818,0.020454545454545454,0.3181818181818182
Kilnaneave,Tipperary,195,59,4,3,51,70,8,0.015384615384615385,0.26153846153846155,0.041025641025641026,0.358974358974359,0.30256410256410254,0.020512820512820513,0.27692307692307694
Kilnarath,Tipperary,173,56,2,2,65,42,6,0.011560693641618497,0.37572254335260113,0.03468208092485549,0.24277456647398843,0.3236994219653179,0.011560693641618497,0.3872832369942196
Kilnaseer,Laois,158,44,4,4,52,47,7,0.02531645569620253,0.3291139240506329,0.04430379746835443,0.2974683544303797,0.27848101265822783,0.02531645569620253,0.35443037974683544
Kilpatrick,Cork County,245,50,1,6,82,93,13,0.024489795918367346,0.3346938775510204,0.053061224489795916,0.3795918367346939,0.20408163265306123,0.004081632653061225,0.35918367346938773
Kilpatrick,Kildare,249,72,8,5,76,73,15,0.020080321285140562,0.30522088353413657,0.060240963855421686,0.2931726907630522,0.2891566265060241,0.0321285140562249,0.3253012048192771
Kilpatrick,Tipperary,432,114,10,5,122,156,25,0.011574074074074073,0.2824074074074074,0.05787037037037037,0.3611111111111111,0.2638888888888889,0.023148148148148147,0.29398148148148145
Kilpatrick,Westmeath,117,29,3,2,33,42,8,0.017094017094017096,0.28205128205128205,0.06837606837606838,0.358974358974359,0.24786324786324787,0.02564102564102564,0.29914529914529914
Kilpatrick,Wexford,307,93,7,5,78,111,13,0.016286644951140065,0.254071661237785,0.04234527687296417,0.36156351791530944,0.30293159609120524,0.02280130293159609,0.2703583061889251
Kilpeacon,Limerick,319,93,5,6,92,106,17,0.018808777429467086,0.2884012539184953,0.05329153605015674,0.3322884012539185,0.29153605015673983,0.01567398119122257,0.3072100313479624
Kilphelan,Cork County,259,71,5,4,64,98,17,0.015444015444015444,0.2471042471042471,0.06563706563706563,0.3783783783783784,0.27413127413127414,0.019305019305019305,0.2625482625482625
Kilpipe,Wicklow,158,36,5,8,53,47,9,0.05063291139240506,0.33544303797468356,0.056962025316455694,0.2974683544303797,0.22784810126582278,0.03164556962025317,0.3860759493670886
Kilquain,Galway County,124,31,2,1,31,53,6,0.008064516129032258,0.25,0.04838709677419355,0.4274193548387097,0.25,0.016129032258064516,0.25806451612903225
Kilraghtis,Clare,348,75,10,9,108,129,17,0.02586206896551724,0.3103448275862069,0.04885057471264368,0.3706896551724138,0.21551724137931033,0.028735632183908046,0.33620689655172414
Kilrainy,Kildare,323,78,8,7,125,91,14,0.021671826625386997,0.38699690402476783,0.043343653250773995,0.28173374613003094,0.24148606811145512,0.02476780185758514,0.4086687306501548
Kilreekill,Galway County,174,50,2,7,29,68,18,0.040229885057471264,0.16666666666666666,0.10344827586206896,0.39080459770114945,0.28735632183908044,0.011494252873563218,0.20689655172413793
Kilronan,Waterford,141,48,3,3,33,48,6,0.02127659574468085,0.23404255319148937,0.0425531914893617,0.3404255319148936,0.3404255319148936,0.02127659574468085,0.2553191489361702
Kilrush,Kildare,279,81,9,7,82,84,16,0.025089605734767026,0.2939068100358423,0.05734767025089606,0.3010752688172043,0.2903225806451613,0.03225806451612903,0.31899641577060933
Kilrush,Tipperary,271,95,10,6,74,73,13,0.02214022140221402,0.2730627306273063,0.04797047970479705,0.2693726937269373,0.3505535055350554,0.03690036900369004,0.2952029520295203
Kilrush,Wexford,165,50,3,1,55,49,7,0.006060606060606061,0.3333333333333333,0.04242424242424243,0.296969696969697,0.30303030303030304,0.01818181818181818,0.3393939393939394
Kilrush Rural,Clare,348,91,12,10,89,129,17,0.028735632183908046,0.2557471264367816,0.04885057471264368,0.3706896551724138,0.2614942528735632,0.034482758620689655,0.28448275862068967
Kilrush Urban,Clare,878,218,44,17,215,342,42,0.0193621867881549,0.244874715261959,0.04783599088838269,0.3895216400911162,0.24829157175398633,0.05011389521640091,0.2642369020501139
Kilsallagh,Mayo,259,64,5,11,67,93,19,0.04247104247104247,0.25868725868725867,0.07335907335907337,0.3590733590733591,0.2471042471042471,0.019305019305019305,0.30115830115830117
Kilsallaghan,Fingal,727,168,28,36,195,258,42,0.04951856946354883,0.26822558459422285,0.0577716643741403,0.35488308115543327,0.2310866574965612,0.03851444291609354,0.3177441540577717
Kilscannell,Limerick,277,65,7,6,88,98,13,0.021660649819494584,0.3176895306859206,0.04693140794223827,0.35379061371841153,0.23465703971119134,0.02527075812274368,0.33935018050541516
Kilscoran,Wexford,330,91,8,4,97,105,25,0.012121212121212121,0.29393939393939394,0.07575757575757576,0.3181818181818182,0.27575757575757576,0.024242424242424242,0.30606060606060603
Kilseily,Clare,430,117,7,19,132,133,22,0.044186046511627906,0.30697674418604654,0.05116279069767442,0.30930232558139537,0.27209302325581397,0.01627906976744186,0.3511627906976744
Kilshalvy,Sligo,128,28,3,2,46,40,9,0.015625,0.359375,0.0703125,0.3125,0.21875,0.0234375,0.375
Kilshannig,Cork County,526,146,10,6,172,166,26,0.011406844106463879,0.3269961977186312,0.049429657794676805,0.3155893536121673,0.27756653992395436,0.019011406844106463,0.33840304182509506
Kilshanny,Clare,56,11,2,3,17,20,3,0.05357142857142857,0.30357142857142855,0.05357142857142857,0.35714285714285715,0.19642857142857142,0.03571428571428571,0.35714285714285715
Kilshanvy,Galway County,198,45,7,4,56,77,9,0.020202020202020204,0.2828282828282828,0.045454545454545456,0.3888888888888889,0.22727272727272727,0.03535353535353535,0.30303030303030304
Kilshenane,Kerry,89,18,5,0,18,40,8,0.0,0.20224719101123595,0.0898876404494382,0.449438202247191,0.20224719101123595,0.056179775280898875,0.20224719101123595
Kilskeer,Meath,163,39,8,0,60,49,7,0.0,0.36809815950920244,0.04294478527607362,0.3006134969325153,0.2392638036809816,0.049079754601226995,0.36809815950920244
Kiltallagh,Kerry,205,46,5,4,55,79,16,0.01951219512195122,0.2682926829268293,0.07804878048780488,0.3853658536585366,0.22439024390243903,0.024390243902439025,0.28780487804878047
Kiltamagh,Mayo,675,189,16,8,161,267,34,0.011851851851851851,0.23851851851851852,0.05037037037037037,0.39555555555555555,0.28,0.023703703703703703,0.25037037037037035
Kiltannon,Clare,98,26,0,0,40,30,2,0.0,0.40816326530612246,0.02040816326530612,0.30612244897959184,0.2653061224489796,0.0,0.40816326530612246
Kiltartan,Galway County,365,89,5,15,92,136,28,0.0410958904109589,0.25205479452054796,0.07671232876712329,0.3726027397260274,0.24383561643835616,0.0136986301369863,0.29315068493150687
Kiltealy,Wexford,174,40,3,3,55,58,15,0.017241379310344827,0.3160919540229885,0.08620689655172414,0.3333333333333333,0.22988505747126436,0.017241379310344827,0.3333333333333333
Kilteel,Kildare,289,89,5,2,83,89,21,0.006920415224913495,0.28719723183391005,0.0726643598615917,0.3079584775086505,0.3079584775086505,0.01730103806228374,0.29411764705882354
Kilteely,Limerick,270,58,11,6,81,100,14,0.022222222222222223,0.3,0.05185185185185185,0.37037037037037035,0.21481481481481482,0.040740740740740744,0.32222222222222224
Kilteevan,Roscommon,250,69,8,5,71,93,4,0.02,0.284,0.016,0.372,0.276,0.032,0.304
Kiltenanlea,Clare,1022,253,16,23,338,338,54,0.022504892367906065,0.33072407045009783,0.05283757338551859,0.33072407045009783,0.24755381604696672,0.015655577299412915,0.3532289628180039
Kilteskill,Galway County,201,66,8,4,46,66,11,0.01990049751243781,0.22885572139303484,0.05472636815920398,0.3283582089552239,0.3283582089552239,0.03980099502487562,0.24875621890547264
Kilthomas,Galway County,48,12,3,1,17,15,0,0.020833333333333332,0.3541666666666667,0.0,0.3125,0.25,0.0625,0.375
Kiltinan,Tipperary,128,27,3,1,28,59,10,0.0078125,0.21875,0.078125,0.4609375,0.2109375,0.0234375,0.2265625
Kiltomy,Kerry,194,51,6,6,56,63,12,0.030927835051546393,0.28865979381443296,0.061855670103092786,0.3247422680412371,0.26288659793814434,0.030927835051546393,0.31958762886597936
Kiltoom,Roscommon,752,228,14,12,200,257,41,0.015957446808510637,0.26595744680851063,0.05452127659574468,0.34175531914893614,0.30319148936170215,0.018617021276595744,0.28191489361702127
Kiltoraght,Clare,100,15,5,3,35,38,4,0.03,0.35,0.04,0.38,0.15,0.05,0.38
Kiltorcan,Kilkenny,73,12,0,1,34,23,3,0.0136986301369863,0.4657534246575342,0.0410958904109589,0.3150684931506849,0.1643835616438356,0.0,0.4794520547945205
Kiltormer,Galway County,183,67,8,2,31,69,6,0.01092896174863388,0.16939890710382513,0.03278688524590164,0.3770491803278688,0.366120218579235,0.04371584699453552,0.18032786885245902
Kiltubbrid,Leitrim,80,18,0,7,22,22,11,0.0875,0.275,0.1375,0.275,0.225,0.0,0.3625
Kiltullagh,"Galway County, 067152",360,96,5,9,111,118,21,0.025,0.30833333333333335,0.058333333333333334,0.3277777777777778,0.26666666666666666,0.013888888888888888,0.3333333333333333
Kiltullagh,"Galway County, 067153",88,20,3,1,35,19,10,0.011363636363636364,0.3977272727272727,0.11363636363636363,0.2159090909090909,0.22727272727272727,0.03409090909090909,0.4090909090909091
Kiltullagh,Roscommon,408,139,9,4,124,120,12,0.00980392156862745,0.30392156862745096,0.029411764705882353,0.29411764705882354,0.34068627450980393,0.022058823529411766,0.3137254901960784
Kilturra,Sligo,94,20,1,2,36,31,4,0.02127659574468085,0.3829787234042553,0.0425531914893617,0.32978723404255317,0.2127659574468085,0.010638297872340425,0.40425531914893614
Kiltybegs,Monaghan,226,57,2,3,74,79,11,0.01327433628318584,0.3274336283185841,0.048672566371681415,0.3495575221238938,0.252212389380531,0.008849557522123894,0.3407079646017699
Kiltyclogher,Leitrim,73,22,1,0,14,30,6,0.0,0.1917808219178082,0.0821917808219178,0.410958904109589,0.3013698630136986,0.0136986301369863,0.1917808219178082
Kilvemnon,Tipperary,157,42,7,2,65,37,4,0.012738853503184714,0.4140127388535032,0.025477707006369428,0.2356687898089172,0.267515923566879,0.044585987261146494,0.4267515923566879
Kilvine,Mayo,302,82,11,8,86,106,9,0.026490066225165563,0.2847682119205298,0.029801324503311258,0.3509933774834437,0.271523178807947,0.03642384105960265,0.31125827814569534
Kilwatermoy East,Waterford,45,16,0,0,10,18,1,0.0,0.2222222222222222,0.022222222222222223,0.4,0.35555555555555557,0.0,0.2222222222222222
Kilwatermoy West,Waterford,105,27,1,2,40,31,4,0.01904761904761905,0.38095238095238093,0.0380952380952381,0.29523809523809524,0.2571428571428571,0.009523809523809525,0.4
Kilworth,Cork County,741,210,24,14,228,232,33,0.018893387314439947,0.3076923076923077,0.044534412955465584,0.31309041835357626,0.2834008097165992,0.032388663967611336,0.3265856950067476
Kimmage A,Dublin City,445,108,12,15,152,134,24,0.033707865168539325,0.3415730337078652,0.05393258426966292,0.30112359550561796,0.24269662921348314,0.02696629213483146,0.3752808988764045
Kimmage B,Dublin City,818,215,27,21,223,271,61,0.02567237163814181,0.2726161369193154,0.0745721271393643,0.3312958435207824,0.2628361858190709,0.03300733496332518,0.2982885085574572
Kimmage C,Dublin City,1142,351,28,33,221,427,82,0.028896672504378284,0.19352014010507881,0.07180385288966724,0.37390542907180385,0.3073555166374781,0.024518388791593695,0.2224168126094571
Kimmage D,Dublin City,744,209,28,28,181,264,34,0.03763440860215054,0.24327956989247312,0.0456989247311828,0.3548387096774194,0.28091397849462363,0.03763440860215054,0.28091397849462363
Kimmage E,Dublin City,1014,250,25,32,277,375,55,0.03155818540433925,0.27317554240631164,0.054240631163708086,0.3698224852071006,0.2465483234714004,0.02465483234714004,0.3047337278106509
Kinawley,Cavan,42,16,1,2,12,9,2,0.047619047619047616,0.2857142857142857,0.047619047619047616,0.21428571428571427,0.38095238095238093,0.023809523809523808,0.3333333333333333
Kincraigy,Donegal,292,58,13,17,116,70,18,0.05821917808219178,0.3972602739726027,0.06164383561643835,0.23972602739726026,0.19863013698630136,0.04452054794520548,0.4554794520547945
Kineagh,Carlow,127,31,4,4,39,38,11,0.031496062992125984,0.30708661417322836,0.08661417322834646,0.2992125984251969,0.2440944881889764,0.031496062992125984,0.33858267716535434
Kingscourt,Cavan,1088,274,24,15,422,302,51,0.013786764705882353,0.38786764705882354,0.046875,0.2775735294117647,0.25183823529411764,0.022058823529411766,0.4016544117647059
Kingsmeadow,Waterford,354,108,14,8,67,135,22,0.022598870056497175,0.18926553672316385,0.062146892655367235,0.3813559322033898,0.3050847457627119,0.03954802259887006,0.211864406779661
Kinlough,Leitrim,379,99,11,8,133,107,21,0.021108179419525065,0.35092348284960423,0.055408970976253295,0.28232189973614774,0.2612137203166227,0.029023746701846966,0.3720316622691293
Kinnegad,Westmeath,1012,265,19,20,369,298,41,0.019762845849802372,0.36462450592885376,0.040513833992094864,0.29446640316205536,0.2618577075098814,0.018774703557312252,0.38438735177865613
Kinneigh,Cork County,194,50,4,4,58,60,18,0.020618556701030927,0.29896907216494845,0.09278350515463918,0.30927835051546393,0.25773195876288657,0.020618556701030927,0.31958762886597936
Kinnitty,Offaly,222,62,3,3,70,73,11,0.013513513513513514,0.3153153153153153,0.04954954954954955,0.32882882882882886,0.27927927927927926,0.013513513513513514,0.32882882882882886
Kinsale Rural,Cork County,2521,611,47,60,849,788,166,0.02380007933359778,0.3367711225704086,0.06584688615628718,0.3125743752479175,0.24236414121380404,0.018643395477984926,0.3605712019040063
Kinsale Urban,Cork County,889,226,20,17,235,334,57,0.019122609673790775,0.2643419572553431,0.06411698537682789,0.37570303712035996,0.2542182227221597,0.02249718785151856,0.28346456692913385
Kinsalebeg,Waterford,232,44,6,9,82,81,10,0.03879310344827586,0.35344827586206895,0.04310344827586207,0.34913793103448276,0.1896551724137931,0.02586206896551724,0.3922413793103448
Kinsaley,Fingal,3922,908,99,149,1455,1059,252,0.03799082100968893,0.37098419173890873,0.06425293217746048,0.2700152983171851,0.23151453340132586,0.0252422233554309,0.40897501274859765
Kinturk,Clare,125,30,6,4,35,41,9,0.032,0.28,0.072,0.328,0.24,0.048,0.312
Kinturk,Westmeath,455,125,12,4,147,142,25,0.008791208791208791,0.3230769230769231,0.054945054945054944,0.3120879120879121,0.27472527472527475,0.026373626373626374,0.33186813186813185
Kinure,Cork County,185,46,3,3,56,67,10,0.016216216216216217,0.3027027027027027,0.05405405405405406,0.3621621621621622,0.24864864864864866,0.016216216216216217,0.31891891891891894
Kinvarra,Galway County,762,198,12,31,234,247,40,0.04068241469816273,0.30708661417322836,0.05249343832020997,0.3241469816272966,0.25984251968503935,0.015748031496062992,0.34776902887139105
Knappagh,Cavan,173,54,3,8,58,43,7,0.046242774566473986,0.3352601156069364,0.04046242774566474,0.24855491329479767,0.31213872832369943,0.017341040462427744,0.3815028901734104
Knappagh,Mayo,346,101,4,10,110,99,22,0.028901734104046242,0.3179190751445087,0.06358381502890173,0.2861271676300578,0.29190751445086704,0.011560693641618497,0.3468208092485549
Knigh,Tipperary,368,94,4,5,120,131,14,0.01358695652173913,0.32608695652173914,0.03804347826086957,0.35597826086956524,0.2554347826086957,0.010869565217391304,0.33967391304347827
Knock,Clare,99,26,2,0,35,35,1,0.0,0.35353535353535354,0.010101010101010102,0.35353535353535354,0.26262626262626265,0.020202020202020204,0.35353535353535354
Knock,Donegal,561,108,16,22,210,166,39,0.0392156862745098,0.37433155080213903,0.06951871657754011,0.29590017825311943,0.1925133689839572,0.0285204991087344,0.41354723707664887
Knock North,Mayo,384,115,12,8,87,140,22,0.020833333333333332,0.2265625,0.057291666666666664,0.3645833333333333,0.2994791666666667,0.03125,0.24739583333333334
Knock South,Mayo,371,99,7,19,71,151,24,0.05121293800539083,0.19137466307277629,0.0646900269541779,0.40700808625336926,0.2668463611859838,0.018867924528301886,0.24258760107816713
Knockaderry,Limerick,255,80,4,8,70,85,8,0.03137254901960784,0.27450980392156865,0.03137254901960784,0.3333333333333333,0.3137254901960784,0.01568627450980392,0.3058823529411765
Knockainy,Limerick,361,110,14,6,94,122,15,0.01662049861495845,0.26038781163434904,0.04155124653739612,0.3379501385041551,0.3047091412742382,0.038781163434903045,0.2770083102493075
Knockanbaun,Longford,90,16,2,1,35,28,8,0.011111111111111112,0.3888888888888889,0.08888888888888889,0.3111111111111111,0.17777777777777778,0.022222222222222223,0.4
Knockantota,Cork County,554,150,7,12,202,156,27,0.021660649819494584,0.36462093862815886,0.048736462093862815,0.2815884476534296,0.27075812274368233,0.01263537906137184,0.3862815884476534
Knockaree,Sligo,1732,469,43,50,470,604,96,0.028868360277136258,0.27136258660508084,0.05542725173210162,0.34872979214780603,0.2707852193995381,0.024826789838337183,0.3002309468822171
Knockarrow,Westmeath,57,9,2,0,19,24,3,0.0,0.3333333333333333,0.05263157894736842,0.42105263157894735,0.15789473684210525,0.03508771929824561,0.3333333333333333
Knockatooan,Cork County,135,40,2,4,28,55,6,0.02962962962962963,0.2074074074074074,0.044444444444444446,0.4074074074074074,0.2962962962962963,0.014814814814814815,0.23703703703703705
Knockaunbrandaun,Waterford,86,23,4,8,25,22,4,0.09302325581395349,0.29069767441860467,0.046511627906976744,0.2558139534883721,0.26744186046511625,0.046511627906976744,0.38372093023255816
Knockavilly,Cork County,234,66,4,3,73,74,14,0.01282051282051282,0.31196581196581197,0.05982905982905983,0.3162393162393162,0.28205128205128205,0.017094017094017096,0.3247863247863248
Knockbarron,Offaly,96,32,1,0,33,22,8,0.0,0.34375,0.08333333333333333,0.22916666666666666,0.3333333333333333,0.010416666666666666,0.34375
Knockdrin,Offaly,74,13,1,0,26,26,8,0.0,0.35135135135135137,0.10810810810810811,0.35135135135135137,0.17567567567567569,0.013513513513513514,0.35135135135135137
Knockdrin,Westmeath,282,75,6,5,101,80,15,0.01773049645390071,0.35815602836879434,0.05319148936170213,0.28368794326241137,0.26595744680851063,0.02127659574468085,0.375886524822695
Knockglass,Kerry,185,27,6,10,46,84,12,0.05405405405405406,0.24864864864864866,0.06486486486486487,0.4540540540540541,0.14594594594594595,0.032432432432432434,0.3027027027027027
Knockgraffon,Tipperary,337,96,11,4,104,107,15,0.011869436201780416,0.3086053412462908,0.04451038575667656,0.31750741839762614,0.28486646884273,0.032640949554896145,0.32047477744807124
Knocklong,Limerick,369,101,9,1,110,126,22,0.0027100271002710027,0.2981029810298103,0.05962059620596206,0.34146341463414637,0.27371273712737126,0.024390243902439025,0.3008130081300813
Knocklough,Meath,73,21,0,1,22,24,5,0.0136986301369863,0.3013698630136986,0.0684931506849315,0.3287671232876712,0.2876712328767123,0.0,0.3150684931506849
Knockmahon,Waterford,165,39,5,3,46,58,14,0.01818181818181818,0.2787878787878788,0.08484848484848485,0.3515151515151515,0.23636363636363636,0.030303030303030304,0.296969696969697
Knockmourne,Cork County,585,143,16,11,175,201,39,0.018803418803418803,0.29914529914529914,0.06666666666666667,0.3435897435897436,0.24444444444444444,0.02735042735042735,0.31794871794871793
Knocknaboley,Clare,124,40,4,0,32,38,10,0.0,0.25806451612903225,0.08064516129032258,0.3064516129032258,0.3225806451612903,0.03225806451612903,0.25806451612903225
Knocknagashel,Kerry,283,76,15,5,70,100,17,0.0176678445229682,0.24734982332155478,0.06007067137809187,0.35335689045936397,0.26855123674911663,0.053003533568904596,0.26501766784452296
Knocknagore,Clare,86,25,3,3,18,37,0,0.03488372093023256,0.20930232558139536,0.0,0.43023255813953487,0.29069767441860467,0.03488372093023256,0.2441860465116279
Knocknagree,Cork County,231,71,3,5,55,79,18,0.021645021645021644,0.23809523809523808,0.07792207792207792,0.341991341991342,0.30735930735930733,0.012987012987012988,0.2597402597402597
Knocknaheeny,Cork City,829,224,50,11,284,216,44,0.013268998793727383,0.3425814234016888,0.05307599517490953,0.2605548854041013,0.27020506634499397,0.06031363088057901,0.3558504221954162
Knocknahoe,Kerry,128,16,8,5,41,54,4,0.0390625,0.3203125,0.03125,0.421875,0.125,0.0625,0.359375
Knocknascrow,Limerick,101,34,0,0,32,30,5,0.0,0.31683168316831684,0.04950495049504951,0.297029702970297,0.33663366336633666,0.0,0.31683168316831684
Knockraha,Cork County,858,214,22,17,326,239,40,0.019813519813519812,0.37995337995337997,0.046620046620046623,0.27855477855477856,0.2494172494172494,0.02564102564102564,0.3997668997668998
Knockrath,Wicklow,79,21,4,0,23,24,7,0.0,0.2911392405063291,0.08860759493670886,0.3037974683544304,0.26582278481012656,0.05063291139240506,0.2911392405063291
Knockrea A,Cork City,718,167,14,14,205,271,47,0.019498607242339833,0.28551532033426186,0.06545961002785515,0.3774373259052925,0.23259052924791088,0.019498607242339833,0.3050139275766017
Knockrea B,Cork City,604,178,9,7,163,210,37,0.011589403973509934,0.26986754966887416,0.061258278145695365,0.347682119205298,0.2947019867549669,0.014900662251655629,0.2814569536423841
Knockroe,Cork County,395,107,7,8,128,127,18,0.020253164556962026,0.3240506329113924,0.04556962025316456,0.32151898734177214,0.2708860759493671,0.017721518987341773,0.34430379746835443
Knocks,Cork County,152,39,5,3,46,46,13,0.019736842105263157,0.3026315789473684,0.08552631578947369,0.3026315789473684,0.2565789473684211,0.03289473684210526,0.3223684210526316
Knockskagh,Cork County,251,77,3,3,64,88,16,0.01195219123505976,0.2549800796812749,0.06374501992031872,0.350597609561753,0.30677290836653387,0.01195219123505976,0.26693227091633465
Knocktemple,Cork County,201,62,1,1,73,61,3,0.004975124378109453,0.36318407960199006,0.014925373134328358,0.3034825870646766,0.30845771144278605,0.004975124378109453,0.3681592039800995
Knocktopher,Kilkenny,238,71,5,9,60,70,23,0.037815126050420166,0.25210084033613445,0.09663865546218488,0.29411764705882354,0.29831932773109243,0.02100840336134454,0.28991596638655465
Kyle,Carlow,141,39,7,1,47,43,4,0.0070921985815602835,0.3333333333333333,0.028368794326241134,0.3049645390070922,0.2765957446808511,0.04964539007092199,0.3404255319148936
Kyle,Clare,175,44,5,0,56,60,10,0.0,0.32,0.05714285714285714,0.34285714285714286,0.25142857142857145,0.02857142857142857,0.32
Kyle,Laois,93,19,0,6,27,32,9,0.06451612903225806,0.2903225806451613,0.0967741935483871,0.34408602150537637,0.20430107526881722,0.0,0.3548387096774194
Kyle South,Laois,133,36,3,0,33,50,11,0.0,0.24812030075187969,0.08270676691729323,0.37593984962406013,0.2706766917293233,0.022556390977443608,0.24812030075187969
Kylemore,Dublin City,441,106,21,22,123,133,36,0.049886621315192746,0.2789115646258503,0.08163265306122448,0.30158730158730157,0.24036281179138322,0.047619047619047616,0.3287981859410431
Kylemore,Galway County,61,15,0,0,13,25,8,0.0,0.21311475409836064,0.13114754098360656,0.4098360655737705,0.2459016393442623,0.0,0.21311475409836064
Lack,Kerry,109,15,1,4,14,64,11,0.03669724770642202,0.12844036697247707,0.10091743119266056,0.5871559633027523,0.13761467889908258,0.009174311926605505,0.1651376146788991
Lacka,Laois,110,25,3,2,36,37,7,0.01818181818181818,0.32727272727272727,0.06363636363636363,0.33636363636363636,0.22727272727272727,0.02727272727272727,0.34545454545454546
Lackabaun,Kerry,192,58,6,9,50,65,4,0.046875,0.2604166666666667,0.020833333333333332,0.3385416666666667,0.3020833333333333,0.03125,0.3072916666666667
Lackagh,Kildare,337,77,6,13,101,111,29,0.03857566765578635,0.2997032640949555,0.08605341246290801,0.3293768545994065,0.228486646884273,0.017804154302670624,0.33827893175074186
Lackagh/Greenhall,Tipperary,212,66,5,0,65,66,10,0.0,0.30660377358490565,0.04716981132075472,0.3113207547169811,0.3113207547169811,0.02358490566037736,0.30660377358490565
Lackalea,Galway County,203,52,2,13,74,53,9,0.06403940886699508,0.3645320197044335,0.04433497536945813,0.26108374384236455,0.2561576354679803,0.009852216748768473,0.42857142857142855
Lackan,Roscommon,194,47,5,6,60,65,11,0.030927835051546393,0.30927835051546393,0.05670103092783505,0.33505154639175255,0.2422680412371134,0.02577319587628866,0.3402061855670103
Lackan,Westmeath,68,12,0,1,32,21,2,0.014705882352941176,0.47058823529411764,0.029411764705882353,0.3088235294117647,0.17647058823529413,0.0,0.4852941176470588
Lackan,Wicklow,369,89,5,10,93,144,28,0.02710027100271003,0.25203252032520324,0.07588075880758807,0.3902439024390244,0.24119241192411925,0.013550135501355014,0.2791327913279133
Lackan North,Mayo,115,35,4,1,15,53,7,0.008695652173913044,0.13043478260869565,0.06086956521739131,0.4608695652173913,0.30434782608695654,0.034782608695652174,0.1391304347826087
Lackan South,Mayo,207,68,8,4,40,72,15,0.01932367149758454,0.1932367149758454,0.07246376811594203,0.34782608695652173,0.3285024154589372,0.03864734299516908,0.21256038647342995
Lackareagh,Clare,61,10,3,2,15,27,4,0.03278688524590164,0.2459016393442623,0.06557377049180328,0.4426229508196721,0.16393442622950818,0.04918032786885246,0.2786885245901639
Lady's Island,Wexford,179,61,2,3,61,45,7,0.01675977653631285,0.3407821229050279,0.03910614525139665,0.25139664804469275,0.3407821229050279,0.0111731843575419,0.3575418994413408
Ladytown,Kildare,520,145,6,13,145,180,31,0.025,0.27884615384615385,0.05961538461538462,0.34615384615384615,0.27884615384615385,0.011538461538461539,0.3038461538461538
Laghy,Donegal,226,52,4,6,72,83,9,0.02654867256637168,0.3185840707964602,0.03982300884955752,0.3672566371681416,0.23008849557522124,0.017699115044247787,0.34513274336283184
Lahard,Kerry,365,90,8,5,100,140,22,0.0136986301369863,0.273972602739726,0.06027397260273973,0.3835616438356164,0.2465753424657534,0.021917808219178082,0.2876712328767123
Laherne,Cork County,262,52,2,9,96,82,21,0.03435114503816794,0.366412213740458,0.08015267175572519,0.31297709923664124,0.1984732824427481,0.007633587786259542,0.40076335877862596
Lakeview,Sligo,185,48,5,7,55,59,11,0.03783783783783784,0.2972972972972973,0.05945945945945946,0.31891891891891894,0.2594594594594595,0.02702702702702703,0.33513513513513515
Laracor,Meath,297,80,4,15,98,80,20,0.050505050505050504,0.32996632996632996,0.06734006734006734,0.26936026936026936,0.26936026936026936,0.013468013468013467,0.38047138047138046
Laragh,Monaghan,230,48,1,7,89,76,9,0.030434782608695653,0.3869565217391304,0.0391304347826087,0.33043478260869563,0.20869565217391303,0.004347826086956522,0.41739130434782606
Larah North,Cavan,163,46,1,1,56,54,5,0.006134969325153374,0.34355828220858897,0.03067484662576687,0.3312883435582822,0.2822085889570552,0.006134969325153374,0.3496932515337423
Larah South,Cavan,160,41,4,5,58,42,10,0.03125,0.3625,0.0625,0.2625,0.25625,0.025,0.39375
Larchville,Waterford,194,59,14,1,47,66,7,0.005154639175257732,0.2422680412371134,0.03608247422680412,0.3402061855670103,0.30412371134020616,0.07216494845360824,0.24742268041237114
Latteragh,Tipperary,292,77,4,2,110,84,15,0.00684931506849315,0.3767123287671233,0.05136986301369863,0.2876712328767123,0.2636986301369863,0.0136986301369863,0.3835616438356164
Lattin,Tipperary,219,67,2,1,57,81,11,0.0045662100456621,0.2602739726027397,0.0502283105022831,0.3698630136986301,0.3059360730593607,0.0091324200913242,0.2648401826484018
Lauree,Westmeath,109,29,4,1,35,34,6,0.009174311926605505,0.3211009174311927,0.05504587155963303,0.3119266055045872,0.26605504587155965,0.03669724770642202,0.3302752293577982
Laurencetown,Galway County,136,32,0,3,45,50,6,0.022058823529411766,0.33088235294117646,0.04411764705882353,0.36764705882352944,0.23529411764705882,0.0,0.35294117647058826
Lea,Offaly,114,33,4,4,31,32,10,0.03508771929824561,0.2719298245614035,0.08771929824561403,0.2807017543859649,0.2894736842105263,0.03508771929824561,0.30701754385964913
Leacach Beag,Gaillimh,769,197,18,15,246,234,59,0.01950585175552666,0.3198959687906372,0.07672301690507152,0.30429128738621586,0.25617685305591675,0.02340702210663199,0.33940182054616386
Lecarrow,Roscommon,147,42,2,14,38,42,9,0.09523809523809523,0.2585034013605442,0.061224489795918366,0.2857142857142857,0.2857142857142857,0.013605442176870748,0.35374149659863946
Ledwithstown,Longford,155,54,1,2,55,34,9,0.012903225806451613,0.3548387096774194,0.05806451612903226,0.21935483870967742,0.34838709677419355,0.0064516129032258064,0.36774193548387096
Leighlinbridge,Carlow,667,174,27,16,202,209,39,0.0239880059970015,0.3028485757121439,0.05847076461769116,0.31334332833583206,0.2608695652173913,0.04047976011994003,0.3268365817091454
Leighmoney,Cork County,384,83,5,4,153,124,15,0.010416666666666666,0.3984375,0.0390625,0.3229166666666667,0.21614583333333334,0.013020833333333334,0.4088541666666667
Leitir Breacáin,Gaillimh,77,20,4,5,12,28,8,0.06493506493506493,0.15584415584415584,0.1038961038961039,0.36363636363636365,0.2597402597402597,0.05194805194805195,0.22077922077922077
Leitir Mhic an Bhaird,Dún na nGall,285,43,10,16,70,99,47,0.056140350877192984,0.24561403508771928,0.1649122807017544,0.3473684210526316,0.15087719298245614,0.03508771929824561,0.3017543859649123
Leitir Móir,Gaillimh,786,3,44,549,134,24,32,0.6984732824427481,0.17048346055979643,0.04071246819338423,0.030534351145038167,0.003816793893129771,0.05597964376590331,0.8689567430025446
Leitrim,Cork County,226,74,1,3,76,60,12,0.01327433628318584,0.336283185840708,0.05309734513274336,0.26548672566371684,0.3274336283185841,0.004424778761061947,0.3495575221238938
Leitrim,Galway County,257,78,9,2,87,69,12,0.007782101167315175,0.33852140077821014,0.04669260700389105,0.26848249027237353,0.3035019455252918,0.03501945525291829,0.3463035019455253
Leitrim,Kerry,247,70,1,4,81,80,11,0.016194331983805668,0.32793522267206476,0.044534412955465584,0.32388663967611336,0.2834008097165992,0.004048582995951417,0.3441295546558704
Leitrim,Leitrim,651,172,15,12,217,209,26,0.018433179723502304,0.3333333333333333,0.039938556067588324,0.3210445468509985,0.2642089093701997,0.02304147465437788,0.35176651305683565
Leitrim,Sligo,136,34,3,0,48,50,1,0.0,0.35294117647058826,0.007352941176470588,0.36764705882352944,0.25,0.022058823529411766,0.35294117647058826
Leixlip,Kildare,7061,1765,127,266,2068,2396,439,0.03767171788698485,0.2928763631213709,0.06217249681348251,0.3393287069820139,0.24996459425010623,0.01798612094604164,0.33054808100835575
Letter,Offaly,53,11,0,1,19,19,3,0.018867924528301886,0.3584905660377358,0.05660377358490566,0.3584905660377358,0.20754716981132076,0.0,0.37735849056603776
Letterbrick,Mayo,39,12,1,0,4,19,3,0.0,0.10256410256410256,0.07692307692307693,0.48717948717948717,0.3076923076923077,0.02564102564102564,0.10256410256410256
Letterfore,Galway County,106,17,8,5,21,49,6,0.04716981132075472,0.19811320754716982,0.05660377358490566,0.46226415094339623,0.16037735849056603,0.07547169811320754,0.24528301886792453
Letterkenny Rural,Donegal,3906,796,98,260,1177,1289,286,0.06656426011264721,0.30133128520225294,0.07322068612391193,0.33000512032770096,0.20378904249871993,0.025089605734767026,0.36789554531490015
Letterkenny Urban,Donegal,541,141,27,38,78,216,41,0.07024029574861368,0.14417744916820702,0.07578558225508318,0.39926062846580407,0.26062846580406657,0.04990757855822551,0.2144177449168207
Lettermore,Donegal,95,25,2,4,29,28,7,0.042105263157894736,0.30526315789473685,0.07368421052631578,0.29473684210526313,0.2631578947368421,0.021052631578947368,0.3473684210526316
Levally,Galway County,164,33,0,0,66,58,7,0.0,0.4024390243902439,0.042682926829268296,0.35365853658536583,0.20121951219512196,0.0,0.4024390243902439
Lickeen,Kerry,47,11,3,0,11,20,2,0.0,0.23404255319148937,0.0425531914893617,0.425531914893617,0.23404255319148937,0.06382978723404255,0.23404255319148937
Limerick,Wexford,449,135,5,5,165,117,22,0.011135857461024499,0.3674832962138085,0.04899777282850779,0.26057906458797325,0.30066815144766146,0.011135857461024499,0.37861915367483295
Limerick North Rural,Limerick,2744,737,82,62,719,983,161,0.02259475218658892,0.2620262390670554,0.058673469387755105,0.35823615160349853,0.2685860058309038,0.02988338192419825,0.2846209912536443
Limerick South Rural,Limerick,587,139,13,7,218,184,26,0.01192504258943782,0.37137989778534924,0.044293015332197615,0.313458262350937,0.23679727427597955,0.022146507666098807,0.3833049403747871
Lisagoan,Cavan,138,38,3,2,50,38,7,0.014492753623188406,0.36231884057971014,0.050724637681159424,0.2753623188405797,0.2753623188405797,0.021739130434782608,0.37681159420289856
Liscananaun,Galway County,737,150,11,36,217,272,51,0.048846675712347354,0.2944369063772049,0.06919945725915876,0.36906377204884666,0.20352781546811397,0.014925373134328358,0.34328358208955223
Liscannor,Clare,212,67,4,9,50,78,4,0.04245283018867924,0.2358490566037736,0.018867924528301886,0.36792452830188677,0.3160377358490566,0.018867924528301886,0.2783018867924528
Liscarroll,Cork County,266,65,7,3,89,88,14,0.011278195488721804,0.33458646616541354,0.05263157894736842,0.3308270676691729,0.24436090225563908,0.02631578947368421,0.3458646616541353
Liscasey,Clare,317,71,8,10,109,94,25,0.031545741324921134,0.3438485804416404,0.07886435331230283,0.29652996845425866,0.22397476340694006,0.025236593059936908,0.3753943217665615
Liscleary,Cork County,2462,679,37,58,808,729,151,0.023558082859463852,0.3281884646628757,0.06133225020308692,0.29610073111291635,0.2757920389926889,0.015028432168968318,0.3517465475223396
Lisconny,Sligo,169,48,3,0,57,55,6,0.0,0.33727810650887574,0.03550295857988166,0.3254437869822485,0.28402366863905326,0.01775147928994083,0.33727810650887574
Lisdoonvarna,Clare,255,53,5,7,81,93,16,0.027450980392156862,0.3176470588235294,0.06274509803921569,0.36470588235294116,0.20784313725490197,0.0196078431372549,0.34509803921568627
Lisdowney,Kilkenny,124,28,3,1,46,39,7,0.008064516129032258,0.3709677419354839,0.056451612903225805,0.31451612903225806,0.22580645161290322,0.024193548387096774,0.3790322580645161
Lisduggan,Waterford,238,90,12,3,56,65,12,0.012605042016806723,0.23529411764705882,0.05042016806722689,0.27310924369747897,0.37815126050420167,0.05042016806722689,0.24789915966386555
Lisgarve/Mantua,Roscommon,66,18,0,2,21,24,1,0.030303030303030304,0.3181818181818182,0.015151515151515152,0.36363636363636365,0.2727272727272727,0.0,0.3484848484848485
Lisgillock,Leitrim,75,19,2,2,27,21,4,0.02666666666666667,0.36,0.05333333333333334,0.28,0.25333333333333335,0.02666666666666667,0.38666666666666666
Lisgoold,Cork County,527,154,9,18,146,167,33,0.03415559772296015,0.27703984819734345,0.06261859582542695,0.31688804554079697,0.2922201138519924,0.017077798861480076,0.3111954459203036
Lisheen,Clare,324,88,5,16,114,91,10,0.04938271604938271,0.35185185185185186,0.030864197530864196,0.2808641975308642,0.2716049382716049,0.015432098765432098,0.4012345679012346
Lislaughtin,Kerry,231,70,1,7,44,96,13,0.030303030303030304,0.19047619047619047,0.05627705627705628,0.4155844155844156,0.30303030303030304,0.004329004329004329,0.22077922077922077
Lislea,Longford,49,16,2,3,11,14,3,0.061224489795918366,0.22448979591836735,0.061224489795918366,0.2857142857142857,0.32653061224489793,0.04081632653061224,0.2857142857142857
Lismaha,Roscommon,198,54,7,1,50,77,9,0.005050505050505051,0.25252525252525254,0.045454545454545456,0.3888888888888889,0.2727272727272727,0.03535353535353535,0.25757575757575757
Lismakeery,Limerick,227,65,4,3,70,81,4,0.013215859030837005,0.30837004405286345,0.01762114537444934,0.3568281938325991,0.28634361233480177,0.01762114537444934,0.32158590308370044
Lismanny,Galway County,113,14,3,8,40,45,3,0.07079646017699115,0.35398230088495575,0.02654867256637168,0.39823008849557523,0.12389380530973451,0.02654867256637168,0.4247787610619469
Lismore Rural,Waterford,454,117,8,9,165,134,21,0.019823788546255508,0.3634361233480176,0.046255506607929514,0.29515418502202645,0.2577092511013216,0.01762114537444934,0.3832599118942731
Lismore Urban,Waterford,297,94,6,3,71,111,12,0.010101010101010102,0.23905723905723905,0.04040404040404041,0.37373737373737376,0.3164983164983165,0.020202020202020204,0.24915824915824916
Lisnaveane,Monaghan,172,45,10,3,66,43,5,0.01744186046511628,0.38372093023255816,0.029069767441860465,0.25,0.2616279069767442,0.05813953488372093,0.4011627906976744
Lisronagh,Tipperary,370,80,4,9,115,134,28,0.024324324324324326,0.3108108108108108,0.07567567567567568,0.3621621621621622,0.21621621621621623,0.010810810810810811,0.33513513513513515
Lissadill East,Sligo,388,99,8,13,121,121,26,0.03350515463917526,0.3118556701030928,0.06701030927835051,0.3118556701030928,0.2551546391752577,0.020618556701030927,0.34536082474226804
Lissadill North,Sligo,652,177,17,17,220,177,44,0.02607361963190184,0.3374233128834356,0.06748466257668712,0.2714723926380368,0.2714723926380368,0.02607361963190184,0.36349693251533743
Lissadill West,Sligo,234,55,4,7,82,73,13,0.029914529914529916,0.3504273504273504,0.05555555555555555,0.31196581196581197,0.23504273504273504,0.017094017094017096,0.3803418803418803
Lissanover,Cavan,124,26,3,4,46,40,5,0.03225806451612903,0.3709677419354839,0.04032258064516129,0.3225806451612903,0.20967741935483872,0.024193548387096774,0.4032258064516129
Lisselton,Kerry,164,36,4,5,40,63,16,0.03048780487804878,0.24390243902439024,0.0975609756097561,0.38414634146341464,0.21951219512195122,0.024390243902439025,0.27439024390243905
Lissonuffy,Roscommon,66,16,0,0,21,26,3,0.0,0.3181818181818182,0.045454545454545456,0.3939393939393939,0.24242424242424243,0.0,0.3181818181818182
Listerlin,Kilkenny,164,50,2,0,54,47,11,0.0,0.32926829268292684,0.06707317073170732,0.2865853658536585,0.3048780487804878,0.012195121951219513,0.32926829268292684
Listowel Rural,Kerry,701,189,17,16,208,235,36,0.02282453637660485,0.2967189728958631,0.05135520684736091,0.33523537803138376,0.26961483594864477,0.024251069900142655,0.3195435092724679
Listowel Urban,Kerry,1543,406,40,41,370,604,82,0.026571613739468567,0.23979261179520414,0.053143227478937134,0.3914452365521711,0.26312378483473753,0.02592352559948153,0.2663642255346727
Lisín an Bhealaigh,Gaillimh,500,118,8,14,142,179,39,0.028,0.284,0.078,0.358,0.236,0.016,0.312
Littleton,Tipperary,383,105,11,5,97,140,25,0.013054830287206266,0.25326370757180156,0.06527415143603134,0.36553524804177545,0.2741514360313316,0.028720626631853787,0.26631853785900783
Lixnaw,Kerry,443,102,8,12,156,135,30,0.02708803611738149,0.35214446952595935,0.06772009029345373,0.3047404063205418,0.23024830699774265,0.01805869074492099,0.3792325056433409
Loch Caol,Dún na nGall,128,23,2,15,38,33,17,0.1171875,0.296875,0.1328125,0.2578125,0.1796875,0.015625,0.4140625
Loch Iascaigh,Dún na nGall,130,31,6,5,32,52,4,0.038461538461538464,0.24615384615384617,0.03076923076923077,0.4,0.23846153846153847,0.046153846153846156,0.2846153846153846
Loch Luíoch,Ciarraí,157,39,4,8,33,58,15,0.050955414012738856,0.21019108280254778,0.09554140127388536,0.36942675159235666,0.2484076433121019,0.025477707006369428,0.2611464968152866
Loghill,Limerick,284,84,6,7,62,107,18,0.02464788732394366,0.21830985915492956,0.06338028169014084,0.3767605633802817,0.29577464788732394,0.02112676056338028,0.24295774647887325
Longford No. 1 Urban,Longford,803,187,29,20,279,242,46,0.024906600249066,0.34744707347447074,0.057285180572851806,0.3013698630136986,0.2328767123287671,0.0361145703611457,0.3723536737235367
Longford No. 2 Urban,Longford,388,99,11,10,127,122,19,0.02577319587628866,0.327319587628866,0.04896907216494845,0.31443298969072164,0.2551546391752577,0.028350515463917526,0.35309278350515466
Longford Rural,Longford,1653,440,59,40,528,499,87,0.024198427102238355,0.3194192377495463,0.05263157894736842,0.3018753781004235,0.2661826981246219,0.03569267997580157,0.34361766485178463
Longfordpass,Tipperary,137,35,3,0,45,50,4,0.0,0.3284671532846715,0.029197080291970802,0.36496350364963503,0.25547445255474455,0.021897810218978103,0.3284671532846715
Lorrha East,Tipperary,120,38,2,2,29,42,7,0.016666666666666666,0.24166666666666667,0.058333333333333334,0.35,0.31666666666666665,0.016666666666666666,0.25833333333333336
Lorrha West,Tipperary,130,44,2,3,25,47,9,0.023076923076923078,0.19230769230769232,0.06923076923076923,0.36153846153846153,0.3384615384615385,0.015384615384615385,0.2153846153846154
Lough Allen/Altagowlan,Roscommon,81,24,3,0,17,37,0,0.0,0.20987654320987653,0.0,0.4567901234567901,0.2962962962962963,0.037037037037037035,0.20987654320987653
Lough Atalia,Galway City,431,74,12,40,89,162,54,0.09280742459396751,0.20649651972157773,0.12529002320185614,0.37587006960556846,0.1716937354988399,0.027842227378190254,0.29930394431554525
Lough Fea,Monaghan,311,80,7,8,112,84,20,0.02572347266881029,0.36012861736334406,0.06430868167202572,0.27009646302250806,0.2572347266881029,0.022508038585209004,0.3858520900321543
Loughan,Meath,165,42,5,1,57,54,6,0.006060606060606061,0.34545454545454546,0.03636363636363636,0.32727272727272727,0.2545454545454545,0.030303030303030304,0.3515151515151515
Loughanboy,Mayo,111,35,2,11,21,40,2,0.0990990990990991,0.1891891891891892,0.018018018018018018,0.36036036036036034,0.3153153153153153,0.018018018018018018,0.2882882882882883
Loughatorick/Coos/Marblehill,Galway County,167,40,4,6,50,58,9,0.03592814371257485,0.2994011976047904,0.05389221556886228,0.3473053892215569,0.23952095808383234,0.023952095808383235,0.33532934131736525
Loughbrin,Kerry,48,21,4,1,7,14,1,0.020833333333333332,0.14583333333333334,0.020833333333333332,0.2916666666666667,0.4375,0.08333333333333333,0.16666666666666666
Loughdawan,Cavan,108,31,3,4,32,29,9,0.037037037037037035,0.2962962962962963,0.08333333333333333,0.26851851851851855,0.28703703703703703,0.027777777777777776,0.3333333333333333
Loughea,Clare,50,10,4,1,17,11,7,0.02,0.34,0.14,0.22,0.2,0.08,0.36
Loughglinn,Roscommon,238,60,4,3,63,94,14,0.012605042016806723,0.2647058823529412,0.058823529411764705,0.3949579831932773,0.25210084033613445,0.01680672268907563,0.2773109243697479
Loughil,Sligo,28,4,0,0,9,12,3,0.0,0.32142857142857145,0.10714285714285714,0.42857142857142855,0.14285714285714285,0.0,0.32142857142857145
Loughmore,Tipperary,319,78,4,4,85,125,23,0.012539184952978056,0.2664576802507837,0.07210031347962383,0.39184952978056425,0.2445141065830721,0.012539184952978056,0.27899686520376177
Loughrea Rural,Galway County,394,100,9,11,98,144,32,0.027918781725888325,0.24873096446700507,0.08121827411167512,0.36548223350253806,0.25380710659898476,0.02284263959390863,0.2766497461928934
Loughrea Urban,Galway County,2011,455,60,81,618,673,124,0.04027846842366982,0.3073097961213327,0.06166086524117355,0.33465937344604674,0.2262555942317255,0.029835902536051714,0.34758826454500247
Louisburgh,Mayo,482,85,15,10,123,203,46,0.02074688796680498,0.2551867219917012,0.0954356846473029,0.4211618257261411,0.17634854771784234,0.03112033195020747,0.27593360995850624
Louth,Louth,556,144,18,8,184,167,35,0.014388489208633094,0.33093525179856115,0.06294964028776978,0.30035971223021585,0.2589928057553957,0.03237410071942446,0.34532374100719426
Lowertown,Cork County,96,23,1,2,21,44,5,0.020833333333333332,0.21875,0.052083333333333336,0.4583333333333333,0.23958333333333334,0.010416666666666666,0.23958333333333334
Lucan Heights,South Dublin,2219,534,44,85,558,854,144,0.03830554303740424,0.25146462370437134,0.06489409643983776,0.38485804416403785,0.24064894096439837,0.01982875168995043,0.2897701667417756
Lucan North,Fingal,846,192,11,12,339,235,57,0.014184397163120567,0.40070921985815605,0.0673758865248227,0.2777777777777778,0.22695035460992907,0.013002364066193853,0.4148936170212766
Lucan-Esker,South Dublin,12008,2375,220,502,5012,3171,728,0.041805463024650234,0.4173884077281812,0.060626249167221855,0.26407395069953365,0.19778481012658228,0.01832111925383078,0.45919387075283147
Lucan-St. Helens,South Dublin,5083,1113,107,172,1819,1600,272,0.03383828447767067,0.35785953177257523,0.05351170568561873,0.314774739327169,0.21896517804446194,0.021050560692504428,0.3916978162502459
Luggacurren,Laois,156,43,2,4,45,54,8,0.02564102564102564,0.28846153846153844,0.05128205128205128,0.34615384615384615,0.27564102564102566,0.01282051282051282,0.3141025641025641
Lugglass,Wicklow,77,22,2,4,22,25,2,0.05194805194805195,0.2857142857142857,0.025974025974025976,0.3246753246753247,0.2857142857142857,0.025974025974025976,0.33766233766233766
Lullymore,Kildare,63,18,2,1,17,17,8,0.015873015873015872,0.2698412698412698,0.12698412698412698,0.2698412698412698,0.2857142857142857,0.031746031746031744,0.2857142857142857
Lumcloon,Offaly,78,20,9,1,25,22,1,0.01282051282051282,0.32051282051282054,0.01282051282051282,0.28205128205128205,0.2564102564102564,0.11538461538461539,0.3333333333333333
Lurgan,Cavan,229,59,6,8,89,61,6,0.034934497816593885,0.388646288209607,0.026200873362445413,0.2663755458515284,0.2576419213973799,0.026200873362445413,0.42358078602620086
Lurganboy,Leitrim,191,38,10,12,47,68,16,0.06282722513089005,0.24607329842931938,0.08376963350785341,0.35602094240837695,0.19895287958115182,0.05235602094240838,0.3089005235602094
Lurraga,Clare,102,26,2,0,25,43,6,0.0,0.24509803921568626,0.058823529411764705,0.4215686274509804,0.2549019607843137,0.0196078431372549,0.24509803921568626
Lusk,Fingal,3893,860,68,119,1556,1070,220,0.03056768558951965,0.39969175443103006,0.05651168764449011,0.2748522989982019,0.22090932442846134,0.017467248908296942,0.4302594400205497
Lusmagh,Offaly,194,59,4,3,59,56,13,0.015463917525773196,0.30412371134020616,0.06701030927835051,0.28865979381443296,0.30412371134020616,0.020618556701030927,0.31958762886597936
Maas,Donegal,118,15,5,3,29,56,10,0.025423728813559324,0.2457627118644068,0.0847457627118644,0.4745762711864407,0.1271186440677966,0.0423728813559322,0.2711864406779661
Machaire Chlochair,Dún na nGall,2175,19,76,1461,336,154,129,0.6717241379310345,0.15448275862068966,0.05931034482758621,0.07080459770114943,0.008735632183908045,0.03494252873563218,0.8262068965517242
Macloneigh,Cork County,470,100,11,14,125,186,34,0.029787234042553193,0.26595744680851063,0.07234042553191489,0.39574468085106385,0.2127659574468085,0.023404255319148935,0.2957446808510638
Macroom Urban,Cork County,1741,378,48,74,560,558,123,0.04250430786904078,0.32165422171165997,0.07064905226881103,0.32050545663411834,0.21711659965537047,0.027570361860999426,0.3641585295807008
Magheraboy,Donegal,602,108,10,43,232,178,31,0.07142857142857142,0.3853820598006645,0.05149501661129568,0.2956810631229236,0.17940199335548174,0.016611295681063124,0.4568106312292359
Magherareagh,Clare,153,37,6,5,33,68,4,0.032679738562091505,0.21568627450980393,0.026143790849673203,0.4444444444444444,0.24183006535947713,0.0392156862745098,0.24836601307189543
Magorban,Tipperary,288,75,4,4,91,101,13,0.013888888888888888,0.3159722222222222,0.04513888888888889,0.3506944444444444,0.2604166666666667,0.013888888888888888,0.3298611111111111
Magourney,Cork County,534,146,14,11,160,168,35,0.020599250936329586,0.299625468164794,0.06554307116104868,0.3146067415730337,0.27340823970037453,0.026217228464419477,0.3202247191011236
Mahanagh,Leitrim,119,29,2,0,42,40,6,0.0,0.35294117647058826,0.05042016806722689,0.33613445378151263,0.24369747899159663,0.01680672268907563,0.35294117647058826
Mahon A,Cork City,2042,600,39,50,514,725,114,0.024485798237022526,0.2517140058765916,0.05582761998041136,0.3550440744368266,0.2938295788442703,0.01909892262487757,0.2761998041136141
Mahon B,Cork City,1731,476,40,49,486,567,113,0.02830733679953784,0.2807625649913345,0.06528018486424032,0.3275563258232236,0.2749855574812247,0.023108030040439053,0.30906990179087235
Mahon C,Cork City,1578,435,29,33,377,603,101,0.02091254752851711,0.23891001267427123,0.06400506970849176,0.3821292775665399,0.27566539923954375,0.018377693282636248,0.2598225602027883
Mahoonagh,Limerick,237,73,4,3,77,67,13,0.012658227848101266,0.32489451476793246,0.05485232067510549,0.28270042194092826,0.3080168776371308,0.016877637130801686,0.33755274261603374
Maigh Cuilinn,Gaillimh,1411,183,15,129,397,538,149,0.09142452161587526,0.2813607370659107,0.10559886605244508,0.38128986534372783,0.12969525159461376,0.010630758327427357,0.37278525868178597
Malahide East,Fingal,3550,1065,65,49,996,1165,210,0.01380281690140845,0.28056338028169014,0.059154929577464786,0.32816901408450705,0.3,0.018309859154929577,0.2943661971830986
Malahide West,Fingal,2836,797,50,60,709,1042,178,0.021156558533145273,0.25,0.06276445698166432,0.36741889985895626,0.2810296191819464,0.01763046544428773,0.2711565585331453
Malin,Donegal,214,59,10,7,70,61,7,0.03271028037383177,0.32710280373831774,0.03271028037383177,0.2850467289719626,0.2757009345794392,0.04672897196261682,0.3598130841121495
Mallardstown,Kilkenny,82,22,2,0,20,32,6,0.0,0.24390243902439024,0.07317073170731707,0.3902439024390244,0.2682926829268293,0.024390243902439025,0.24390243902439024
Mallow North Urban,Cork County,2427,521,67,54,855,777,153,0.022249690976514216,0.3522867737948084,0.0630407911001236,0.32014833127317677,0.2146683147919242,0.027606098063452822,0.37453646477132263
Mallow Rural,Cork County,2084,468,45,42,811,622,96,0.02015355086372361,0.38915547024952013,0.046065259117082535,0.29846449136276393,0.22456813819577734,0.021593090211132437,0.40930902111324374
Mallow South Urban,Cork County,933,253,34,16,228,343,59,0.01714898177920686,0.24437299035369775,0.0632368703108253,0.36763129689174706,0.27116827438370844,0.03644158628081458,0.2615219721329046
Manch,Cork County,264,82,7,2,69,90,14,0.007575757575757576,0.26136363636363635,0.05303030303030303,0.3409090909090909,0.3106060606060606,0.026515151515151516,0.2689393939393939
Manorcunningham,Donegal,395,82,12,14,157,104,26,0.035443037974683546,0.39746835443037976,0.06582278481012659,0.26329113924050634,0.20759493670886076,0.030379746835443037,0.43291139240506327
Manorhamilton,Leitrim,678,177,13,25,171,247,45,0.03687315634218289,0.252212389380531,0.06637168141592921,0.36430678466076694,0.2610619469026549,0.019174041297935103,0.2890855457227139
Mansfieldstown,Louth,324,80,7,7,128,89,13,0.021604938271604937,0.3950617283950617,0.040123456790123455,0.27469135802469136,0.24691358024691357,0.021604938271604937,0.4166666666666667
Mansion House A,Dublin City,682,190,23,30,112,271,56,0.04398826979472141,0.16422287390029325,0.08211143695014662,0.3973607038123167,0.2785923753665689,0.03372434017595308,0.20821114369501467
Mansion House B,Dublin City,169,66,2,8,15,65,13,0.047337278106508875,0.08875739644970414,0.07692307692307693,0.38461538461538464,0.3905325443786982,0.011834319526627219,0.13609467455621302
Manulla,Mayo,408,100,13,6,119,150,20,0.014705882352941176,0.2916666666666667,0.049019607843137254,0.36764705882352944,0.24509803921568626,0.031862745098039214,0.30637254901960786
Maol Mosóg,Dún na nGall,116,20,6,9,30,49,2,0.07758620689655173,0.25862068965517243,0.017241379310344827,0.4224137931034483,0.1724137931034483,0.05172413793103448,0.33620689655172414
Maperath,Meath,189,62,3,5,47,63,9,0.026455026455026454,0.24867724867724866,0.047619047619047616,0.3333333333333333,0.328042328042328,0.015873015873015872,0.2751322751322751
Mardyke,Cork City,318,93,9,12,40,134,30,0.03773584905660377,0.12578616352201258,0.09433962264150944,0.42138364779874216,0.29245283018867924,0.02830188679245283,0.16352201257861634
Market,Limerick,353,103,12,11,99,110,18,0.031161473087818695,0.2804532577903683,0.05099150141643059,0.311614730878187,0.29178470254957506,0.0339943342776204,0.311614730878187
Marley,Carlow,167,35,1,0,69,50,12,0.0,0.41317365269461076,0.0718562874251497,0.2994011976047904,0.20958083832335328,0.005988023952095809,0.41317365269461076
Marshalstown,Cork County,220,62,1,1,64,82,10,0.004545454545454545,0.2909090909090909,0.045454545454545456,0.37272727272727274,0.2818181818181818,0.004545454545454545,0.29545454545454547
Marshalstown,Wexford,440,118,7,11,140,147,17,0.025,0.3181818181818182,0.038636363636363635,0.3340909090909091,0.2681818181818182,0.015909090909090907,0.3431818181818182
Martry,Meath,310,77,8,19,100,85,21,0.06129032258064516,0.3225806451612903,0.06774193548387097,0.27419354838709675,0.24838709677419354,0.025806451612903226,0.38387096774193546
Marymount,Laois,69,14,0,2,25,27,1,0.028985507246376812,0.36231884057971014,0.014492753623188406,0.391304347826087,0.2028985507246377,0.0,0.391304347826087
Mashanaglass,Cork County,252,58,7,5,77,87,18,0.01984126984126984,0.3055555555555556,0.07142857142857142,0.34523809523809523,0.23015873015873015,0.027777777777777776,0.3253968253968254
Matehy,Cork City,782,242,19,17,201,261,42,0.021739130434782608,0.2570332480818414,0.05370843989769821,0.3337595907928389,0.309462915601023,0.024296675191815855,0.27877237851662406
Matehy,Cork County,770,209,17,18,218,258,50,0.023376623376623377,0.2831168831168831,0.06493506493506493,0.33506493506493507,0.2714285714285714,0.02207792207792208,0.3064935064935065
Maum,Kerry,70,21,0,0,19,28,2,0.0,0.2714285714285714,0.02857142857142857,0.4,0.3,0.0,0.2714285714285714
Mayfield,Cork City,752,202,17,25,191,271,46,0.03324468085106383,0.25398936170212766,0.061170212765957445,0.3603723404255319,0.26861702127659576,0.022606382978723406,0.2872340425531915
Mayglass,Wexford,230,66,1,7,79,64,13,0.030434782608695653,0.34347826086956523,0.05652173913043478,0.2782608695652174,0.28695652173913044,0.004347826086956522,0.3739130434782609
Maynooth,Kildare,8091,1974,163,356,2290,2668,640,0.04399950562353232,0.28303052774687926,0.07910023482882214,0.32974910394265233,0.2439747868001483,0.02014584105796564,0.3270300333704116
Mayo,Mayo,182,58,5,1,46,62,10,0.005494505494505495,0.25274725274725274,0.054945054945054944,0.34065934065934067,0.31868131868131866,0.027472527472527472,0.25824175824175827
Maíros,Gaillimh,189,17,3,27,30,90,22,0.14285714285714285,0.15873015873015872,0.1164021164021164,0.47619047619047616,0.08994708994708994,0.015873015873015872,0.30158730158730157
Mealagh,Cork County,187,49,6,1,61,59,11,0.0053475935828877,0.32620320855614976,0.058823529411764705,0.3155080213903743,0.2620320855614973,0.03208556149732621,0.3315508021390374
Meathas Truim,Longford,559,114,22,11,204,171,37,0.01967799642218247,0.36493738819320215,0.06618962432915922,0.30590339892665475,0.2039355992844365,0.03935599284436494,0.38461538461538464
Meelick,Galway County,110,29,2,1,38,33,7,0.00909090909090909,0.34545454545454546,0.06363636363636363,0.3,0.2636363636363636,0.01818181818181818,0.35454545454545455
Meelick,Laois,179,57,4,2,66,45,5,0.0111731843575419,0.3687150837988827,0.027932960893854747,0.25139664804469275,0.31843575418994413,0.0223463687150838,0.37988826815642457
Meelick,Mayo,234,60,2,7,67,81,17,0.029914529914529916,0.2863247863247863,0.07264957264957266,0.34615384615384615,0.2564102564102564,0.008547008547008548,0.3162393162393162
Meens,Cork County,223,67,4,2,55,89,6,0.008968609865470852,0.24663677130044842,0.026905829596412557,0.3991031390134529,0.3004484304932735,0.017937219730941704,0.2556053811659193
Mellifont,Meath,241,64,3,6,71,82,15,0.024896265560165973,0.2946058091286307,0.06224066390041494,0.34024896265560167,0.26556016597510373,0.012448132780082987,0.31950207468879666
Melvin/Aghavoghil,Leitrim,82,20,2,4,23,28,5,0.04878048780487805,0.2804878048780488,0.06097560975609756,0.34146341463414637,0.24390243902439024,0.024390243902439025,0.32926829268292684
Merchants Quay A,Dublin City,281,86,11,9,45,112,18,0.03202846975088968,0.1601423487544484,0.06405693950177936,0.398576512455516,0.30604982206405695,0.03914590747330961,0.19217081850533807
Merchants Quay B,Dublin City,705,201,23,26,78,320,57,0.03687943262411347,0.11063829787234042,0.08085106382978724,0.45390070921985815,0.2851063829787234,0.032624113475177303,0.1475177304964539
Merchants Quay C,Dublin City,620,179,20,27,118,228,48,0.043548387096774194,0.19032258064516128,0.07741935483870968,0.36774193548387096,0.2887096774193548,0.03225806451612903,0.23387096774193547
Merchants Quay D,Dublin City,859,251,20,21,175,329,63,0.024447031431897557,0.20372526193247964,0.07334109429569266,0.3830034924330617,0.29220023282887075,0.023282887077997673,0.2281722933643772
Merchants Quay E,Dublin City,556,168,12,15,98,217,46,0.02697841726618705,0.17625899280575538,0.08273381294964029,0.3902877697841727,0.302158273381295,0.02158273381294964,0.20323741007194246
Merchants Quay F,Dublin City,527,145,20,24,115,192,31,0.04554079696394687,0.21821631878557876,0.058823529411764705,0.36432637571157495,0.27514231499051234,0.03795066413662239,0.2637571157495256
Mertonhall,Tipperary,72,20,1,2,20,25,4,0.027777777777777776,0.2777777777777778,0.05555555555555555,0.3472222222222222,0.2777777777777778,0.013888888888888888,0.3055555555555556
Mervue,Galway City,829,198,18,58,193,310,52,0.06996381182147166,0.23281061519903498,0.06272617611580217,0.37394451145958985,0.2388419782870929,0.021712907117008445,0.3027744270205066
Middleton,Westmeath,152,33,1,1,59,48,10,0.006578947368421052,0.3881578947368421,0.06578947368421052,0.3157894736842105,0.21710526315789475,0.006578947368421052,0.39473684210526316
Midleton Rural,Cork County,4225,947,82,108,1572,1255,261,0.025562130177514793,0.37207100591715975,0.061775147928994086,0.29704142011834317,0.22414201183431953,0.019408284023668638,0.39763313609467454
Midleton Urban,Cork County,1183,318,32,25,342,398,68,0.021132713440405747,0.2890955198647506,0.057480980557903634,0.3364327979712595,0.2688081149619611,0.027049873203719356,0.31022823330515636
Milane,Cork County,59,20,3,1,11,18,6,0.01694915254237288,0.1864406779661017,0.1016949152542373,0.3050847457627119,0.3389830508474576,0.05084745762711865,0.2033898305084746
Milford,Cork County,300,98,6,3,100,81,12,0.01,0.3333333333333333,0.04,0.27,0.32666666666666666,0.02,0.3433333333333333
Military Road,Waterford,244,79,16,15,48,72,14,0.06147540983606557,0.19672131147540983,0.05737704918032787,0.29508196721311475,0.3237704918032787,0.06557377049180328,0.2581967213114754
Millbrook,Kerry,171,55,5,4,62,38,7,0.023391812865497075,0.36257309941520466,0.04093567251461988,0.2222222222222222,0.3216374269005848,0.029239766081871343,0.38596491228070173
Millford,Donegal,539,144,7,13,167,175,33,0.02411873840445269,0.3098330241187384,0.061224489795918366,0.3246753246753247,0.26716141001855287,0.012987012987012988,0.3339517625231911
Milltown,Cavan,122,30,0,1,51,35,5,0.00819672131147541,0.4180327868852459,0.040983606557377046,0.28688524590163933,0.2459016393442623,0.0,0.4262295081967213
Milltown,Cork County,183,54,7,0,64,50,8,0.0,0.34972677595628415,0.04371584699453552,0.273224043715847,0.29508196721311475,0.03825136612021858,0.34972677595628415
Milltown,Galway County,347,91,5,13,89,129,20,0.037463976945244955,0.2564841498559078,0.05763688760806916,0.37175792507204614,0.2622478386167147,0.01440922190201729,0.29394812680115273
Milltown,Kerry,948,222,25,12,296,324,69,0.012658227848101266,0.31223628691983124,0.07278481012658228,0.34177215189873417,0.23417721518987342,0.026371308016877638,0.32489451476793246
Milltown,Longford,135,29,6,1,41,47,11,0.007407407407407408,0.3037037037037037,0.08148148148148149,0.34814814814814815,0.21481481481481482,0.044444444444444446,0.3111111111111111
Milltown,Westmeath,106,31,2,6,20,38,9,0.05660377358490566,0.18867924528301888,0.08490566037735849,0.3584905660377358,0.29245283018867924,0.018867924528301886,0.24528301886792453
Milltown Malbay,Clare,768,207,25,29,172,303,32,0.037760416666666664,0.22395833333333334,0.041666666666666664,0.39453125,0.26953125,0.032552083333333336,0.26171875
Mintiaghs,Donegal,275,58,7,3,101,89,17,0.01090909090909091,0.36727272727272725,0.06181818181818182,0.3236363636363636,0.2109090909090909,0.025454545454545455,0.3781818181818182
Mionlach,Cathair na Gaillimhe,2425,556,53,159,376,1055,226,0.06556701030927835,0.1550515463917526,0.09319587628865979,0.4350515463917526,0.2292783505154639,0.021855670103092785,0.22061855670103092
Mitchelstown,Cork County,1822,508,71,23,521,614,85,0.012623490669593854,0.2859495060373216,0.04665203073545554,0.33699231613611413,0.278814489571899,0.03896816684961581,0.29857299670691545
Moat,Galway County,60,21,0,0,14,22,3,0.0,0.23333333333333334,0.05,0.36666666666666664,0.35,0.0,0.23333333333333334
Moate,Westmeath,1118,264,29,9,391,366,59,0.008050089445438283,0.34973166368515207,0.052772808586762074,0.32737030411449014,0.23613595706618962,0.0259391771019678,0.35778175313059035
Moatfarrell,Longford,82,24,3,0,26,28,1,0.0,0.3170731707317073,0.012195121951219513,0.34146341463414637,0.2926829268292683,0.036585365853658534,0.3170731707317073
Mocollop,Waterford,127,42,4,0,31,41,9,0.0,0.2440944881889764,0.07086614173228346,0.3228346456692913,0.33070866141732286,0.031496062992125984,0.2440944881889764
Modelligo,"Waterford, 227069",141,27,3,2,54,46,9,0.014184397163120567,0.3829787234042553,0.06382978723404255,0.3262411347517731,0.19148936170212766,0.02127659574468085,0.3971631205673759
Modelligo,"Waterford, 227070",167,39,4,3,53,56,12,0.017964071856287425,0.31736526946107785,0.0718562874251497,0.33532934131736525,0.23353293413173654,0.023952095808383235,0.33532934131736525
Modeshil,Tipperary,156,38,6,6,47,54,5,0.038461538461538464,0.30128205128205127,0.03205128205128205,0.34615384615384615,0.24358974358974358,0.038461538461538464,0.33974358974358976
Mogeely,Cork County,345,73,7,11,126,113,15,0.03188405797101449,0.3652173913043478,0.043478260869565216,0.32753623188405795,0.21159420289855072,0.020289855072463767,0.39710144927536234
Moher,Leitrim,99,27,4,5,22,32,9,0.050505050505050504,0.2222222222222222,0.09090909090909091,0.32323232323232326,0.2727272727272727,0.04040404040404041,0.2727272727272727
Mohernagh/Dunmoylan West,Limerick,99,24,1,5,16,43,10,0.050505050505050504,0.16161616161616163,0.10101010101010101,0.43434343434343436,0.24242424242424243,0.010101010101010102,0.21212121212121213
Mohill,Leitrim,471,134,19,3,120,157,38,0.006369426751592357,0.25477707006369427,0.08067940552016985,0.3333333333333333,0.28450106157112526,0.040339702760084924,0.2611464968152866
Moing na Bó,Maigh Eo,146,14,5,20,31,55,21,0.136986301369863,0.21232876712328766,0.14383561643835616,0.3767123287671233,0.0958904109589041,0.03424657534246575,0.3493150684931507
Molahiffe,Kerry,731,163,12,11,240,255,50,0.015047879616963064,0.3283173734610123,0.06839945280437756,0.3488372093023256,0.22298221614227087,0.016415868673050615,0.3433652530779754
Monagay,Limerick,556,152,9,14,167,186,28,0.025179856115107913,0.30035971223021585,0.050359712230215826,0.3345323741007194,0.2733812949640288,0.01618705035971223,0.3255395683453237
Monaghan Rural,Monaghan,2272,437,65,91,868,672,139,0.04005281690140845,0.38204225352112675,0.061179577464788734,0.29577464788732394,0.19234154929577466,0.028609154929577465,0.4220950704225352
Monaghan Urban,Monaghan,487,88,20,29,144,177,29,0.059548254620123205,0.29568788501026694,0.059548254620123205,0.36344969199178645,0.1806981519507187,0.04106776180698152,0.35523613963039014
Monamolin,Wexford,310,90,2,4,104,98,12,0.012903225806451613,0.33548387096774196,0.03870967741935484,0.3161290322580645,0.2903225806451613,0.0064516129032258064,0.34838709677419355
Monanimy,Cork County,367,99,6,4,133,105,20,0.010899182561307902,0.36239782016348776,0.05449591280653951,0.28610354223433243,0.26975476839237056,0.01634877384196185,0.37329700272479566
Monaseed,Wexford,317,96,4,7,109,86,15,0.022082018927444796,0.3438485804416404,0.0473186119873817,0.27129337539432175,0.3028391167192429,0.012618296529968454,0.3659305993690852
Monasterboice,Louth,607,150,19,12,199,190,37,0.019769357495881382,0.32784184514003295,0.060955518945634266,0.3130148270181219,0.2471169686985173,0.03130148270181219,0.34761120263591433
Monasterevin,Kildare,1902,457,38,52,696,548,111,0.027339642481598318,0.3659305993690852,0.0583596214511041,0.288117770767613,0.240273396424816,0.019978969505783387,0.3932702418506835
Monasteroris,Offaly,318,81,6,3,95,111,22,0.009433962264150943,0.29874213836477986,0.06918238993710692,0.3490566037735849,0.25471698113207547,0.018867924528301886,0.3081761006289308
Moneenalassa,Laois,69,18,0,0,20,27,4,0.0,0.2898550724637681,0.057971014492753624,0.391304347826087,0.2608695652173913,0.0,0.2898550724637681
Moneenroe,Kilkenny,464,109,12,7,147,165,24,0.015086206896551725,0.3168103448275862,0.05172413793103448,0.35560344827586204,0.2349137931034483,0.02586206896551724,0.33189655172413796
Money,Wicklow,63,14,1,1,22,22,3,0.015873015873015872,0.3492063492063492,0.047619047619047616,0.3492063492063492,0.2222222222222222,0.015873015873015872,0.36507936507936506
Moneymore,Laois,67,20,3,2,18,19,5,0.029850746268656716,0.26865671641791045,0.07462686567164178,0.2835820895522388,0.29850746268656714,0.04477611940298507,0.29850746268656714
Moneystown,Wicklow,138,39,1,3,41,46,8,0.021739130434782608,0.2971014492753623,0.057971014492753624,0.3333333333333333,0.2826086956521739,0.007246376811594203,0.3188405797101449
Monivea,Galway County,333,65,10,3,99,139,17,0.009009009009009009,0.2972972972972973,0.05105105105105105,0.4174174174174174,0.19519519519519518,0.03003003003003003,0.3063063063063063
Monkstown Rural,Cork County,508,139,5,5,159,169,31,0.00984251968503937,0.31299212598425197,0.0610236220472441,0.33267716535433073,0.2736220472440945,0.00984251968503937,0.3228346456692913
Monkstown Urban,Cork County,2155,591,45,41,653,724,101,0.019025522041763342,0.30301624129930393,0.04686774941995359,0.3359628770301624,0.274245939675174,0.02088167053364269,0.32204176334106727
Monsea,Tipperary,360,90,6,6,106,134,18,0.016666666666666666,0.29444444444444445,0.05,0.37222222222222223,0.25,0.016666666666666666,0.3111111111111111
Montenotte A,Cork City,733,190,19,28,147,294,55,0.03819918144611187,0.20054570259208732,0.07503410641200546,0.40109140518417463,0.2592087312414734,0.02592087312414734,0.23874488403819918
Montenotte B,Cork City,965,259,31,34,202,352,87,0.035233160621761656,0.20932642487046632,0.09015544041450778,0.36476683937823834,0.2683937823834197,0.03212435233160622,0.24455958549222798
Moone,Kildare,195,56,7,4,51,63,14,0.020512820512820513,0.26153846153846155,0.07179487179487179,0.3230769230769231,0.28717948717948716,0.035897435897435895,0.28205128205128205
Moore,Roscommon,128,24,3,6,43,45,7,0.046875,0.3359375,0.0546875,0.3515625,0.1875,0.0234375,0.3828125
Morrisson's Avenue East,Waterford,150,47,4,4,43,48,4,0.02666666666666667,0.2866666666666667,0.02666666666666667,0.32,0.31333333333333335,0.02666666666666667,0.31333333333333335
Morrisson's Avenue West,Waterford,85,24,2,2,19,32,6,0.023529411764705882,0.2235294117647059,0.07058823529411765,0.3764705882352941,0.2823529411764706,0.023529411764705882,0.24705882352941178
Morrisson's Road,Waterford,115,35,6,1,16,52,5,0.008695652173913044,0.1391304347826087,0.043478260869565216,0.45217391304347826,0.30434782608695654,0.05217391304347826,0.14782608695652175
Morristownbiller,Kildare,5905,1441,126,162,2101,1718,357,0.027434377646062658,0.3558001693480102,0.06045723962743438,0.2909398814563929,0.24403048264182897,0.021337849280270958,0.38323454699407283
Mortlestown,Tipperary,567,124,24,17,220,148,34,0.029982363315696647,0.3880070546737213,0.059964726631393295,0.26102292768959434,0.21869488536155202,0.042328042328042326,0.41798941798941797
Mote,Roscommon,480,123,13,8,153,151,32,0.016666666666666666,0.31875,0.06666666666666667,0.3145833333333333,0.25625,0.027083333333333334,0.33541666666666664
Mothel,Waterford,214,61,3,5,67,67,11,0.02336448598130841,0.3130841121495327,0.0514018691588785,0.3130841121495327,0.2850467289719626,0.014018691588785047,0.3364485981308411
Mothell,Kilkenny,168,46,3,1,49,60,9,0.005952380952380952,0.2916666666666667,0.05357142857142857,0.35714285714285715,0.27380952380952384,0.017857142857142856,0.2976190476190476
Mount Bellew,Galway County,898,238,24,7,248,330,51,0.0077951002227171495,0.27616926503340755,0.05679287305122494,0.3674832962138085,0.2650334075723831,0.026726057906458798,0.28396436525612473
Mount Eagle,Kerry,88,21,5,2,29,27,4,0.022727272727272728,0.32954545454545453,0.045454545454545456,0.3068181818181818,0.23863636363636365,0.056818181818181816,0.3522727272727273
Mount Elva,Clare,40,12,1,3,4,16,4,0.075,0.1,0.1,0.4,0.3,0.025,0.175
Mount Falcon,Mayo,565,140,14,9,175,198,29,0.01592920353982301,0.30973451327433627,0.05132743362831858,0.3504424778761062,0.24778761061946902,0.024778761061946902,0.3256637168141593
Mount Sion,Waterford,227,65,10,6,48,85,13,0.02643171806167401,0.21145374449339208,0.05726872246696035,0.3744493392070485,0.28634361233480177,0.04405286343612335,0.23788546255506607
Mount Temple,Westmeath,298,70,7,2,94,105,20,0.006711409395973154,0.31543624161073824,0.06711409395973154,0.3523489932885906,0.2348993288590604,0.02348993288590604,0.3221476510067114
Mountain,Galway County,127,31,4,5,31,50,6,0.03937007874015748,0.2440944881889764,0.047244094488188976,0.3937007874015748,0.2440944881889764,0.031496062992125984,0.28346456692913385
Mountbriscoe,Offaly,124,29,3,3,37,47,5,0.024193548387096774,0.29838709677419356,0.04032258064516129,0.3790322580645161,0.23387096774193547,0.024193548387096774,0.3225806451612903
Mountcollins,Limerick,203,62,8,4,47,68,14,0.019704433497536946,0.2315270935960591,0.06896551724137931,0.33497536945812806,0.3054187192118227,0.03940886699507389,0.2512315270935961
Mountdavis,Longford,103,20,2,2,32,37,10,0.019417475728155338,0.3106796116504854,0.0970873786407767,0.3592233009708738,0.1941747572815534,0.019417475728155338,0.3300970873786408
Mounterin,Offaly,113,21,1,7,40,36,8,0.061946902654867256,0.35398230088495575,0.07079646017699115,0.3185840707964602,0.18584070796460178,0.008849557522123894,0.415929203539823
Mounthazel,Galway County,209,39,8,4,69,82,7,0.019138755980861243,0.33014354066985646,0.03349282296650718,0.3923444976076555,0.18660287081339713,0.03827751196172249,0.3492822966507177
Mountheaton,Offaly,348,53,4,7,185,91,8,0.020114942528735632,0.5316091954022989,0.022988505747126436,0.2614942528735632,0.15229885057471265,0.011494252873563218,0.5517241379310345
Mountievers,Clare,676,173,14,14,238,216,21,0.020710059171597635,0.3520710059171598,0.03106508875739645,0.31952662721893493,0.2559171597633136,0.020710059171597635,0.3727810650887574
Mountjoy A,Dublin City,622,118,59,13,162,224,46,0.02090032154340836,0.2604501607717042,0.07395498392282958,0.36012861736334406,0.18971061093247588,0.09485530546623794,0.28135048231511256
Mountjoy B,Dublin City,405,78,23,19,106,145,34,0.04691358024691358,0.2617283950617284,0.08395061728395062,0.35802469135802467,0.1925925925925926,0.056790123456790124,0.30864197530864196
Mountkennedy,Waterford,204,48,8,1,52,75,20,0.004901960784313725,0.2549019607843137,0.09803921568627451,0.36764705882352944,0.23529411764705882,0.0392156862745098,0.25980392156862747
Mountmellick Rural,Laois,419,98,9,7,114,164,27,0.016706443914081145,0.2720763723150358,0.06443914081145585,0.3914081145584726,0.23389021479713604,0.021479713603818614,0.28878281622911695
Mountmellick Urban,Laois,1039,295,19,20,276,360,69,0.019249278152069296,0.26564003849855633,0.06641000962463908,0.34648700673724736,0.28392685274302215,0.01828681424446583,0.2848893166506256
Mountplummer,Limerick,167,45,7,0,65,47,3,0.0,0.38922155688622756,0.017964071856287425,0.281437125748503,0.2694610778443114,0.041916167664670656,0.38922155688622756
Mountrath,Laois,887,255,18,21,274,276,43,0.02367531003382187,0.3089064261555806,0.048478015783540024,0.3111612175873732,0.2874859075535513,0.020293122886133032,0.33258173618940245
Mountrivers,Cork County,330,89,5,10,106,104,16,0.030303030303030304,0.3212121212121212,0.048484848484848485,0.3151515151515151,0.2696969696969697,0.015151515151515152,0.3515151515151515
Mountshannon,Clare,190,66,4,6,38,64,12,0.031578947368421054,0.2,0.06315789473684211,0.3368421052631579,0.3473684210526316,0.021052631578947368,0.23157894736842105
Mountstuart,Waterford,39,6,0,1,15,13,4,0.02564102564102564,0.38461538461538464,0.10256410256410256,0.3333333333333333,0.15384615384615385,0.0,0.41025641025641024
Moveen/Tullig,Clare,97,26,3,3,25,34,6,0.030927835051546393,0.25773195876288657,0.061855670103092786,0.35051546391752575,0.26804123711340205,0.030927835051546393,0.28865979381443296
Moviddy,Cork County,799,178,19,31,224,294,53,0.03879849812265332,0.28035043804755944,0.06633291614518148,0.36795994993742176,0.2227784730913642,0.023779724655819776,0.3191489361702128
Moville,Donegal,652,137,15,33,221,203,43,0.05061349693251534,0.3389570552147239,0.06595092024539877,0.3113496932515337,0.21012269938650308,0.023006134969325152,0.3895705521472393
Moy,Clare,398,89,5,18,86,168,32,0.04522613065326633,0.21608040201005024,0.08040201005025126,0.4221105527638191,0.2236180904522613,0.01256281407035176,0.2613065326633166
Moyacomb,Wexford,171,45,7,11,48,52,8,0.06432748538011696,0.2807017543859649,0.04678362573099415,0.30409356725146197,0.2631578947368421,0.04093567251461988,0.34502923976608185
Moyaliff,Tipperary,185,29,4,8,74,64,6,0.043243243243243246,0.4,0.032432432432432434,0.34594594594594597,0.15675675675675677,0.021621621621621623,0.44324324324324327
Moyanna,Laois,202,42,4,3,69,70,14,0.01485148514851485,0.3415841584158416,0.06930693069306931,0.3465346534653465,0.2079207920792079,0.019801980198019802,0.3564356435643564
Moyarta,Clare,81,17,1,4,18,35,6,0.04938271604938271,0.2222222222222222,0.07407407407407407,0.43209876543209874,0.20987654320987653,0.012345679012345678,0.2716049382716049
Moybolgue,Meath,96,32,2,2,38,21,1,0.020833333333333332,0.3958333333333333,0.010416666666666666,0.21875,0.3333333333333333,0.020833333333333332,0.4166666666666667
Moycarky,Tipperary,224,53,5,1,72,81,12,0.004464285714285714,0.32142857142857145,0.05357142857142857,0.36160714285714285,0.23660714285714285,0.022321428571428572,0.32589285714285715
Moyclare,Offaly,198,49,9,3,52,76,9,0.015151515151515152,0.26262626262626265,0.045454545454545456,0.3838383838383838,0.2474747474747475,0.045454545454545456,0.2777777777777778
Moydow,Longford,338,95,8,11,124,91,9,0.03254437869822485,0.3668639053254438,0.026627218934911243,0.2692307692307692,0.28106508875739644,0.023668639053254437,0.3994082840236686
Moydrum,Westmeath,1264,313,23,19,432,407,70,0.015031645569620253,0.34177215189873417,0.055379746835443035,0.32199367088607594,0.247626582278481,0.01819620253164557,0.35680379746835444
Moylagh,Meath,142,38,3,2,39,51,9,0.014084507042253521,0.2746478873239437,0.06338028169014084,0.3591549295774648,0.2676056338028169,0.02112676056338028,0.2887323943661972
Moynalty,Meath,238,68,7,1,72,76,14,0.004201680672268907,0.3025210084033613,0.058823529411764705,0.31932773109243695,0.2857142857142857,0.029411764705882353,0.3067226890756303
Moyne,Galway County,317,74,9,10,83,124,17,0.031545741324921134,0.2618296529968454,0.05362776025236593,0.3911671924290221,0.2334384858044164,0.028391167192429023,0.29337539432176657
Moyne,Longford,118,37,3,3,36,35,4,0.025423728813559324,0.3050847457627119,0.03389830508474576,0.2966101694915254,0.3135593220338983,0.025423728813559324,0.3305084745762712
Moyne,Tipperary,259,68,6,3,96,73,13,0.011583011583011582,0.37065637065637064,0.05019305019305019,0.28185328185328185,0.2625482625482625,0.023166023166023165,0.38223938223938225
Moynehall,Cavan,637,141,20,13,223,200,40,0.02040816326530612,0.3500784929356358,0.06279434850863422,0.3139717425431711,0.22135007849293564,0.03139717425431711,0.3704866562009419
Moynsha,Kerry,233,62,5,4,56,101,5,0.017167381974248927,0.24034334763948498,0.02145922746781116,0.4334763948497854,0.26609442060085836,0.02145922746781116,0.2575107296137339
Moyode,Galway County,131,38,0,5,31,41,16,0.03816793893129771,0.2366412213740458,0.12213740458015267,0.31297709923664124,0.2900763358778626,0.0,0.2748091603053435
Muckalee,"Kilkenny, 097078",81,15,1,0,32,28,5,0.0,0.3950617283950617,0.06172839506172839,0.345679012345679,0.18518518518518517,0.012345679012345678,0.3950617283950617
Muckalee,"Kilkenny, 097079",260,78,6,3,90,64,19,0.011538461538461539,0.34615384615384615,0.07307692307692308,0.24615384615384617,0.3,0.023076923076923078,0.3576923076923077
Muckanagh,Clare,189,40,6,1,66,67,9,0.005291005291005291,0.3492063492063492,0.047619047619047616,0.3544973544973545,0.21164021164021163,0.031746031746031744,0.3544973544973545
Muckanagh,Westmeath,81,15,3,7,22,31,3,0.08641975308641975,0.2716049382716049,0.037037037037037035,0.38271604938271603,0.18518518518518517,0.037037037037037035,0.35802469135802467
Muckross,Kerry,375,97,11,28,83,135,21,0.07466666666666667,0.22133333333333333,0.056,0.36,0.25866666666666666,0.029333333333333333,0.296
Muinebeag Rural,Carlow,305,100,10,5,72,102,16,0.01639344262295082,0.2360655737704918,0.05245901639344262,0.3344262295081967,0.32786885245901637,0.03278688524590164,0.25245901639344265
Muinebeag Urban,Carlow,866,220,33,18,284,254,57,0.020785219399538105,0.3279445727482679,0.06581986143187067,0.29330254041570436,0.2540415704387991,0.03810623556581986,0.34872979214780603
Mullagh,Cavan,869,222,20,14,337,236,40,0.01611047180667434,0.3878020713463751,0.04602991944764097,0.2715765247410817,0.2554660529344074,0.023014959723820484,0.4039125431530495
Mullagh,Clare,63,18,4,0,12,24,5,0.0,0.19047619047619047,0.07936507936507936,0.38095238095238093,0.2857142857142857,0.06349206349206349,0.19047619047619047
Mullanalaghta,Longford,138,36,9,2,35,52,4,0.014492753623188406,0.2536231884057971,0.028985507246376812,0.37681159420289856,0.2608695652173913,0.06521739130434782,0.26811594202898553
Mullary,Louth,868,211,18,25,313,265,36,0.02880184331797235,0.36059907834101385,0.041474654377880185,0.3052995391705069,0.24308755760368664,0.020737327188940093,0.38940092165898615
Mullinahone,Tipperary,301,79,8,0,88,108,18,0.0,0.292358803986711,0.059800664451827246,0.3588039867109635,0.26245847176079734,0.026578073089700997,0.292358803986711
Mullingar North Urban,Westmeath,1447,420,43,32,449,432,71,0.0221147201105736,0.3102971665514858,0.04906703524533518,0.2985487214927436,0.2902557014512785,0.029716655148583276,0.33241188666205945
Mullingar Rural,Westmeath,4004,962,98,102,1382,1233,227,0.025474525474525476,0.3451548451548452,0.056693306693306696,0.3079420579420579,0.24025974025974026,0.024475524475524476,0.3706293706293706
Mullingar South Urban,Westmeath,1775,480,53,40,497,604,101,0.022535211267605635,0.28,0.056901408450704224,0.3402816901408451,0.2704225352112676,0.029859154929577466,0.30253521126760563
Mullyash,Monaghan,82,30,2,2,21,23,4,0.024390243902439025,0.25609756097560976,0.04878048780487805,0.2804878048780488,0.36585365853658536,0.024390243902439025,0.2804878048780488
Multyfarnham,Westmeath,251,69,5,3,61,103,10,0.01195219123505976,0.24302788844621515,0.0398406374501992,0.4103585657370518,0.2749003984063745,0.0199203187250996,0.2549800796812749
Munakill,Leitrim,80,29,1,0,27,18,5,0.0,0.3375,0.0625,0.225,0.3625,0.0125,0.3375
Munterconnaught,Cavan,445,149,13,6,137,120,20,0.01348314606741573,0.30786516853932583,0.0449438202247191,0.2696629213483146,0.3348314606741573,0.029213483146067417,0.32134831460674157
Murneen,Mayo,165,60,7,6,27,57,8,0.03636363636363636,0.16363636363636364,0.048484848484848485,0.34545454545454546,0.36363636363636365,0.04242424242424243,0.2
Murragh,Cork County,277,80,3,3,91,86,14,0.010830324909747292,0.3285198555956679,0.05054151624548736,0.3104693140794224,0.2888086642599278,0.010830324909747292,0.33935018050541516
Murroogh,Galway City,1111,277,24,46,227,473,64,0.041404140414041404,0.20432043204320433,0.0576057605760576,0.42574257425742573,0.24932493249324933,0.021602160216021602,0.24572457245724572
Myross,Cork County,374,118,4,8,99,126,19,0.0213903743315508,0.2647058823529412,0.05080213903743316,0.33689839572192515,0.3155080213903743,0.0106951871657754,0.28609625668449196
Myshall,Carlow,216,48,12,4,75,55,22,0.018518518518518517,0.3472222222222222,0.10185185185185185,0.25462962962962965,0.2222222222222222,0.05555555555555555,0.36574074074074076
Máistir Gaoithe/Ceannúigh,Ciarraí,145,12,4,21,33,60,15,0.14482758620689656,0.22758620689655173,0.10344827586206896,0.41379310344827586,0.08275862068965517,0.027586206896551724,0.3724137931034483
Málainn Bhig,Dún na nGall,266,32,8,31,55,93,47,0.11654135338345864,0.20676691729323307,0.17669172932330826,0.34962406015037595,0.12030075187969924,0.03007518796992481,0.3233082706766917
Márthain,Ciarraí,197,1,6,137,23,16,14,0.6954314720812182,0.116751269035533,0.07106598984771574,0.08121827411167512,0.005076142131979695,0.030456852791878174,0.8121827411167513
Mín Charraigeach,Dún na nGall,48,8,2,1,19,13,5,0.020833333333333332,0.3958333333333333,0.10416666666666667,0.2708333333333333,0.16666666666666666,0.041666666666666664,0.4166666666666667
Mín an Chladaigh,Dún na nGall,1139,8,45,747,226,63,50,0.655838454784899,0.1984196663740123,0.043898156277436345,0.0553116769095698,0.007023705004389816,0.03950834064969271,0.8542581211589113
Mín an Lábáin,Dún na nGall,224,25,2,28,93,57,19,0.125,0.41517857142857145,0.08482142857142858,0.2544642857142857,0.11160714285714286,0.008928571428571428,0.5401785714285714
Na Beathacha,Ciarraí,97,23,3,7,26,33,5,0.07216494845360824,0.26804123711340205,0.05154639175257732,0.3402061855670103,0.23711340206185566,0.030927835051546393,0.3402061855670103
Na Croisbhealaí,Dún na nGall,1294,82,44,418,235,366,149,0.3230293663060278,0.18160741885625967,0.1151468315301391,0.2828438948995363,0.0633693972179289,0.03400309119010819,0.5046367851622875
Na Forbacha,Gaillimh,1053,70,26,289,259,273,136,0.2744539411206078,0.2459639126305793,0.1291547958214625,0.25925925925925924,0.06647673314339982,0.024691358024691357,0.5204178537511871
Na Gleannta,Dún na nGall,561,102,16,33,128,232,50,0.058823529411764705,0.2281639928698752,0.08912655971479501,0.41354723707664887,0.18181818181818182,0.0285204991087344,0.28698752228163993
Na Monga,Maigh Eo,109,8,5,6,34,47,9,0.05504587155963303,0.3119266055045872,0.08256880733944955,0.43119266055045874,0.07339449541284404,0.045871559633027525,0.3669724770642202
Na hUláin,Corcaigh,431,18,14,91,110,126,72,0.2111368909512761,0.2552204176334107,0.16705336426914152,0.2923433874709977,0.04176334106728538,0.03248259860788863,0.46635730858468677
Naas Rural,Kildare,1318,327,24,25,474,386,82,0.01896813353566009,0.3596358118361153,0.0622154779969651,0.2928679817905918,0.248103186646434,0.018209408194233688,0.37860394537177544
Naas Urban,Kildare,10507,2699,155,308,3363,3331,651,0.029313790806129246,0.32007233273056057,0.061958694203864094,0.31702674407537834,0.2568763681355287,0.01475207004853907,0.34938612353668985
Nad,Cork County,51,10,2,1,13,25,0,0.0196078431372549,0.2549019607843137,0.0,0.49019607843137253,0.19607843137254902,0.0392156862745098,0.27450980392156865
Nantinan,Limerick,283,84,7,2,75,108,7,0.007067137809187279,0.26501766784452296,0.024734982332155476,0.38162544169611307,0.2968197879858657,0.024734982332155476,0.27208480565371024
Narraghmore,Kildare,363,82,10,5,114,126,26,0.013774104683195593,0.3140495867768595,0.07162534435261708,0.34710743801652894,0.22589531680440772,0.027548209366391185,0.3278236914600551
Navan Rural,Meath,10714,2622,230,285,4040,2978,559,0.026600709352249393,0.37707672204592124,0.05217472465932425,0.277954078775434,0.24472652604069442,0.021467239126376703,0.40367743139817064
Navan Urban,Meath,897,242,38,27,254,287,49,0.030100334448160536,0.2831661092530658,0.054626532887402456,0.31995540691192864,0.2697881828316611,0.042363433667781496,0.3132664437012263
Neale,Mayo,382,87,9,15,96,150,25,0.03926701570680628,0.2513089005235602,0.06544502617801047,0.39267015706806285,0.22774869109947643,0.02356020942408377,0.2905759162303665
Nealstown,Laois,42,8,0,0,17,17,0,0.0,0.40476190476190477,0.0,0.40476190476190477,0.19047619047619047,0.0,0.40476190476190477
Nenagh East Urban,Tipperary,1176,293,35,53,345,387,63,0.045068027210884355,0.29336734693877553,0.05357142857142857,0.32908163265306123,0.24914965986394558,0.02976190476190476,0.33843537414965985
Nenagh Rural,Tipperary,1048,239,24,12,313,400,60,0.011450381679389313,0.29866412213740456,0.05725190839694656,0.3816793893129771,0.22805343511450382,0.022900763358778626,0.3101145038167939
Nenagh West Urban,Tipperary,2191,564,63,68,645,734,117,0.031036056595162027,0.2943861250570516,0.053400273847558195,0.3350068461889548,0.25741670470104977,0.02875399361022364,0.3254221816522136
New Birmingham,Tipperary,126,39,4,2,41,30,10,0.015873015873015872,0.3253968253968254,0.07936507936507936,0.23809523809523808,0.30952380952380953,0.031746031746031744,0.3412698412698413
New Ross Rural,Wexford,1334,365,41,27,443,395,63,0.020239880059970013,0.3320839580209895,0.0472263868065967,0.29610194902548725,0.27361319340329837,0.03073463268365817,0.3523238380809595
New Ross Urban,Wexford,1060,311,55,20,260,370,44,0.018867924528301886,0.24528301886792453,0.04150943396226415,0.3490566037735849,0.29339622641509433,0.05188679245283019,0.2641509433962264
Newbawn,Wexford,187,61,10,2,45,65,4,0.0106951871657754,0.24064171122994651,0.0213903743315508,0.34759358288770054,0.32620320855614976,0.053475935828877004,0.25133689839572193
Newbliss,Monaghan,377,70,15,17,125,120,30,0.04509283819628647,0.33156498673740054,0.07957559681697612,0.3183023872679045,0.1856763925729443,0.03978779840848806,0.376657824933687
Newbrook,Mayo,205,68,11,5,54,52,15,0.024390243902439025,0.2634146341463415,0.07317073170731707,0.25365853658536586,0.33170731707317075,0.05365853658536585,0.28780487804878047
Newcastle,Meath,145,43,3,2,49,43,5,0.013793103448275862,0.33793103448275863,0.034482758620689655,0.296551724137931,0.296551724137931,0.020689655172413793,0.35172413793103446
Newcastle,South Dublin,1828,371,56,64,675,562,100,0.0350109409190372,0.36925601750547044,0.05470459518599562,0.3074398249452954,0.20295404814004375,0.030634573304157548,0.40426695842450766
Newcastle,Tipperary,314,69,10,5,103,105,22,0.01592356687898089,0.32802547770700635,0.07006369426751592,0.3343949044585987,0.2197452229299363,0.03184713375796178,0.34394904458598724
Newcastle,Waterford,265,70,4,8,71,100,12,0.03018867924528302,0.2679245283018868,0.045283018867924525,0.37735849056603776,0.2641509433962264,0.01509433962264151,0.2981132075471698
Newcastle,Wexford,211,48,3,3,101,45,11,0.014218009478672985,0.4786729857819905,0.052132701421800945,0.2132701421800948,0.22748815165876776,0.014218009478672985,0.4928909952606635
Newcastle Lower,Wicklow,886,243,11,19,287,273,53,0.02144469525959368,0.3239277652370203,0.05981941309255079,0.30812641083521447,0.2742663656884876,0.012415349887133182,0.345372460496614
Newcastle Rural,Limerick,984,229,24,31,301,338,61,0.031504065040650404,0.30589430894308944,0.061991869918699184,0.3434959349593496,0.23272357723577236,0.024390243902439025,0.33739837398373984
Newcastle Upper,Wicklow,1607,402,32,44,567,464,98,0.027380211574362167,0.35283136278780336,0.060983198506533914,0.28873677660236463,0.25015556938394523,0.019912881144990666,0.3802115743621655
Newcastle Urban,Limerick,1826,439,49,49,574,627,88,0.02683461117196057,0.3143483023001095,0.04819277108433735,0.3433734939759036,0.24041621029572838,0.02683461117196057,0.3411829134720701
Newgrove,Clare,135,36,2,2,43,43,9,0.014814814814814815,0.31851851851851853,0.06666666666666667,0.31851851851851853,0.26666666666666666,0.014814814814814815,0.3333333333333333
Newmarket,Clare,753,226,23,17,191,254,42,0.02257636122177955,0.2536520584329349,0.055776892430278883,0.33731739707835323,0.300132802124834,0.03054448871181939,0.27622841965471445
Newmarket,Cork County,662,190,22,7,185,216,42,0.010574018126888218,0.2794561933534743,0.0634441087613293,0.32628398791540786,0.28700906344410876,0.03323262839879154,0.29003021148036257
Newport,Tipperary,1392,377,28,23,524,357,83,0.016522988505747127,0.3764367816091954,0.05962643678160919,0.25646551724137934,0.2708333333333333,0.020114942528735632,0.39295977011494254
Newport East,Mayo,531,131,15,22,119,197,47,0.04143126177024482,0.224105461393597,0.08851224105461393,0.3709981167608286,0.24670433145009416,0.02824858757062147,0.2655367231638418
Newport West,Mayo,358,93,9,6,88,136,26,0.01675977653631285,0.24581005586592178,0.07262569832402235,0.37988826815642457,0.25977653631284914,0.025139664804469275,0.26256983240223464
Newport's Square,Waterford,157,43,7,3,35,63,6,0.01910828025477707,0.2229299363057325,0.03821656050955414,0.4012738853503185,0.27388535031847133,0.044585987261146494,0.24203821656050956
Newtown,Cork County,382,104,20,2,105,133,18,0.005235602094240838,0.27486910994764396,0.04712041884816754,0.3481675392670157,0.27225130890052357,0.05235602094240838,0.2801047120418848
Newtown,Kildare,410,91,6,7,158,124,24,0.01707317073170732,0.3853658536585366,0.05853658536585366,0.3024390243902439,0.22195121951219512,0.014634146341463415,0.4024390243902439
Newtown,Laois,102,30,0,2,40,27,3,0.0196078431372549,0.39215686274509803,0.029411764705882353,0.2647058823529412,0.29411764705882354,0.0,0.4117647058823529
Newtown,Meath,398,103,5,15,131,124,20,0.03768844221105527,0.32914572864321606,0.05025125628140704,0.31155778894472363,0.25879396984924624,0.01256281407035176,0.36683417085427134
Newtown,Tipperary,167,51,4,0,52,50,10,0.0,0.31137724550898205,0.059880239520958084,0.2994011976047904,0.30538922155688625,0.023952095808383235,0.31137724550898205
Newtown,"Waterford, 227075",192,54,7,1,69,56,5,0.005208333333333333,0.359375,0.026041666666666668,0.2916666666666667,0.28125,0.036458333333333336,0.3645833333333333
Newtown,"Waterford, 228029",409,131,7,6,108,133,24,0.014669926650366748,0.26405867970660146,0.05867970660146699,0.3251833740831296,0.3202933985330073,0.017114914425427872,0.2787286063569682
Newtown,Westmeath,115,38,0,0,37,34,6,0.0,0.3217391304347826,0.05217391304347826,0.2956521739130435,0.33043478260869563,0.0,0.3217391304347826
Newtown Cunningham,Donegal,257,73,6,9,85,69,15,0.03501945525291829,0.33073929961089493,0.058365758754863814,0.26848249027237353,0.2840466926070039,0.023346303501945526,0.3657587548638132
Newtown Forbes,Longford,326,86,15,5,94,106,20,0.015337423312883436,0.2883435582822086,0.06134969325153374,0.32515337423312884,0.26380368098159507,0.046012269938650305,0.30368098159509205
Newtownbarry,Wexford,695,184,29,14,202,235,31,0.02014388489208633,0.2906474820143885,0.04460431654676259,0.3381294964028777,0.2647482014388489,0.041726618705035974,0.3107913669064748
Newtowngore,Leitrim,110,27,1,1,38,37,6,0.00909090909090909,0.34545454545454546,0.05454545454545454,0.33636363636363636,0.24545454545454545,0.00909090909090909,0.35454545454545455
Newtownsandes,Kerry,389,105,13,7,99,140,25,0.017994858611825194,0.2544987146529563,0.06426735218508997,0.35989717223650386,0.2699228791773779,0.033419023136246784,0.27249357326478146
Nobber,Meath,285,72,10,5,91,91,16,0.017543859649122806,0.3192982456140351,0.056140350877192984,0.3192982456140351,0.25263157894736843,0.03508771929824561,0.3368421052631579
Nodstown,Tipperary,270,69,5,15,92,72,17,0.05555555555555555,0.34074074074074073,0.06296296296296296,0.26666666666666666,0.25555555555555554,0.018518518518518517,0.3962962962962963
Nohaval,Cork County,155,51,3,1,57,39,4,0.0064516129032258064,0.36774193548387096,0.025806451612903226,0.25161290322580643,0.32903225806451614,0.01935483870967742,0.3741935483870968
Nohaval,Kerry,178,46,3,4,57,60,8,0.02247191011235955,0.3202247191011236,0.0449438202247191,0.33707865168539325,0.25842696629213485,0.016853932584269662,0.34269662921348315
North City,Dublin City,511,147,19,17,98,189,41,0.033268101761252444,0.1917808219178082,0.08023483365949119,0.3698630136986301,0.2876712328767123,0.03718199608610567,0.22504892367906065
North Dock A,Dublin City,427,132,16,15,60,169,35,0.0351288056206089,0.1405152224824356,0.08196721311475409,0.3957845433255269,0.3091334894613583,0.03747072599531616,0.1756440281030445
North Dock B,Dublin City,1725,528,42,77,306,645,127,0.04463768115942029,0.17739130434782607,0.0736231884057971,0.3739130434782609,0.3060869565217391,0.02434782608695652,0.22202898550724637
North Dock C,Dublin City,628,164,53,24,105,258,24,0.03821656050955414,0.16719745222929935,0.03821656050955414,0.410828025477707,0.2611464968152866,0.08439490445859872,0.2054140127388535
Noughaval,Clare,58,8,1,2,16,28,3,0.034482758620689655,0.27586206896551724,0.05172413793103448,0.4827586206896552,0.13793103448275862,0.017241379310344827,0.3103448275862069
Noughaval,Westmeath,162,45,5,0,59,44,9,0.0,0.36419753086419754,0.05555555555555555,0.2716049382716049,0.2777777777777778,0.030864197530864196,0.36419753086419754
Nurney,Carlow,372,78,7,3,119,139,26,0.008064516129032258,0.31989247311827956,0.06989247311827956,0.3736559139784946,0.20967741935483872,0.01881720430107527,0.3279569892473118
Nurney,Kildare,436,97,9,6,151,155,18,0.013761467889908258,0.3463302752293578,0.04128440366972477,0.3555045871559633,0.22247706422018348,0.020642201834862386,0.36009174311926606
O'brennan,Kerry,192,49,6,2,57,68,10,0.010416666666666666,0.296875,0.052083333333333336,0.3541666666666667,0.2552083333333333,0.03125,0.3072916666666667
O'briensbridge,Clare,312,78,5,1,85,131,12,0.003205128205128205,0.2724358974358974,0.038461538461538464,0.4198717948717949,0.25,0.016025641025641024,0.27564102564102566
O'dempsey,Offaly,55,7,2,1,24,17,4,0.01818181818181818,0.43636363636363634,0.07272727272727272,0.3090909090909091,0.12727272727272726,0.03636363636363636,0.45454545454545453
O'moresforest,Laois,220,66,4,3,65,65,17,0.013636363636363636,0.29545454545454547,0.07727272727272727,0.29545454545454547,0.3,0.01818181818181818,0.3090909090909091
Oakport,Roscommon,240,59,4,10,73,83,11,0.041666666666666664,0.30416666666666664,0.04583333333333333,0.3458333333333333,0.24583333333333332,0.016666666666666666,0.3458333333333333
Oatfield,Galway County,227,54,3,3,56,96,15,0.013215859030837005,0.24669603524229075,0.06607929515418502,0.42290748898678415,0.23788546255506607,0.013215859030837005,0.2599118942731278
Odagh,Kilkenny,224,59,4,6,69,77,9,0.026785714285714284,0.3080357142857143,0.04017857142857143,0.34375,0.26339285714285715,0.017857142857142856,0.33482142857142855
Ogonnelloe,Clare,389,104,6,2,126,131,20,0.005141388174807198,0.32390745501285345,0.05141388174807198,0.33676092544987146,0.26735218508997427,0.015424164524421594,0.32904884318766064
Ogulla,Roscommon,142,31,3,9,37,57,5,0.06338028169014084,0.2605633802816901,0.035211267605633804,0.4014084507042254,0.21830985915492956,0.02112676056338028,0.323943661971831
Oileán Altanach,Cathair na Gaillimhe,599,124,8,35,69,299,64,0.05843071786310518,0.11519198664440734,0.10684474123539232,0.4991652754590985,0.20701168614357263,0.01335559265442404,0.17362270450751252
Old Ross,Wexford,195,39,6,8,68,65,9,0.041025641025641026,0.3487179487179487,0.046153846153846156,0.3333333333333333,0.2,0.03076923076923077,0.38974358974358975
Oldcastle,Meath,791,191,23,11,266,263,37,0.01390644753476612,0.336283185840708,0.04677623261694058,0.3324905183312263,0.24146649810366624,0.029077117572692796,0.3501896333754741
Oldconnell,Kildare,356,73,2,8,119,135,19,0.02247191011235955,0.3342696629213483,0.05337078651685393,0.3792134831460674,0.2050561797752809,0.0056179775280898875,0.35674157303370785
Oldcourt,Wexford,322,100,8,0,100,97,17,0.0,0.3105590062111801,0.052795031055900624,0.30124223602484473,0.3105590062111801,0.024844720496894408,0.3105590062111801
Oldleighlin,Carlow,247,68,4,4,84,72,15,0.016194331983805668,0.340080971659919,0.06072874493927125,0.291497975708502,0.27530364372469635,0.016194331983805668,0.3562753036437247
Oldtown,Wicklow,263,70,7,9,84,82,11,0.034220532319391636,0.3193916349809886,0.04182509505703422,0.311787072243346,0.2661596958174905,0.026615969581749048,0.35361216730038025
Oola,Limerick,503,147,18,12,132,164,30,0.02385685884691849,0.2624254473161034,0.05964214711729622,0.3260437375745527,0.2922465208747515,0.03578528827037773,0.28628230616302186
Oranmore,Galway County,2198,440,45,108,625,796,184,0.04913557779799818,0.2843494085532302,0.08371246587807098,0.362147406733394,0.20018198362147407,0.020473157415832575,0.33348498635122836
Oughteragh,Leitrim,29,9,1,0,5,13,1,0.0,0.1724137931034483,0.034482758620689655,0.4482758620689655,0.3103448275862069,0.034482758620689655,0.1724137931034483
Oughterard,Galway County,1206,212,26,107,260,463,138,0.08872305140961857,0.2155887230514096,0.11442786069651742,0.3839137645107794,0.175787728026534,0.02155887230514096,0.3043117744610282
Oughterard,Kildare,388,122,16,9,103,116,22,0.023195876288659795,0.2654639175257732,0.05670103092783505,0.29896907216494845,0.31443298969072164,0.041237113402061855,0.28865979381443296
Oughterleague,Tipperary,248,78,5,4,74,75,12,0.016129032258064516,0.29838709677419356,0.04838709677419355,0.3024193548387097,0.31451612903225806,0.020161290322580645,0.31451612903225806
Oughtmama,Clare,71,18,4,4,18,25,2,0.056338028169014086,0.2535211267605634,0.028169014084507043,0.352112676056338,0.2535211267605634,0.056338028169014086,0.30985915492957744
Outrath,Kilkenny,349,89,8,8,103,119,22,0.022922636103151862,0.29512893982808025,0.06303724928366762,0.34097421203438394,0.25501432664756446,0.022922636103151862,0.31805157593123207
Ovens,Cork City,912,184,15,30,343,269,71,0.03289473684210526,0.37609649122807015,0.07785087719298246,0.2949561403508772,0.20175438596491227,0.01644736842105263,0.40899122807017546
Ovens,Cork County,585,148,14,9,151,218,45,0.015384615384615385,0.25811965811965815,0.07692307692307693,0.37264957264957266,0.252991452991453,0.023931623931623933,0.27350427350427353
Ovoca,Wicklow,172,44,2,4,46,60,16,0.023255813953488372,0.26744186046511625,0.09302325581395349,0.3488372093023256,0.2558139534883721,0.011627906976744186,0.29069767441860467
Owel,Westmeath,220,48,2,2,64,86,18,0.00909090909090909,0.2909090909090909,0.08181818181818182,0.39090909090909093,0.21818181818181817,0.00909090909090909,0.3
Owenmore,Sligo,32,8,2,0,9,13,0,0.0,0.28125,0.0,0.40625,0.25,0.0625,0.28125
Owennadornaun/Bundorragha,Mayo,64,18,2,1,17,24,2,0.015625,0.265625,0.03125,0.375,0.28125,0.03125,0.28125
Painestown,Meath,467,121,16,11,133,161,25,0.023554603854389723,0.284796573875803,0.05353319057815846,0.34475374732334046,0.25910064239828695,0.034261241970021415,0.3083511777301927
Pallas,Galway County,155,40,7,1,52,48,7,0.0064516129032258064,0.33548387096774196,0.04516129032258064,0.3096774193548387,0.25806451612903225,0.04516129032258064,0.3419354838709677
Pallaskenry,Limerick,469,125,10,8,120,176,30,0.017057569296375266,0.255863539445629,0.06396588486140725,0.3752665245202559,0.26652452025586354,0.021321961620469083,0.27292110874200426
Palmerston Village,South Dublin,1304,324,35,64,297,502,82,0.049079754601226995,0.227760736196319,0.06288343558282208,0.38496932515337423,0.24846625766871167,0.026840490797546013,0.276840490797546
Palmerston West,South Dublin,1845,452,59,80,539,616,99,0.04336043360433604,0.2921409214092141,0.05365853658536585,0.33387533875338754,0.24498644986449863,0.03197831978319783,0.33550135501355016
Park,Waterford,392,153,8,12,68,136,15,0.030612244897959183,0.17346938775510204,0.03826530612244898,0.3469387755102041,0.3903061224489796,0.02040816326530612,0.20408163265306123
Particles,Limerick,91,22,3,8,26,25,7,0.08791208791208792,0.2857142857142857,0.07692307692307693,0.27472527472527475,0.24175824175824176,0.03296703296703297,0.37362637362637363
Partraí,Maigh Eo,314,56,5,25,79,115,34,0.07961783439490445,0.2515923566878981,0.10828025477707007,0.3662420382165605,0.17834394904458598,0.01592356687898089,0.33121019108280253
Patrickswell,Limerick,585,169,14,11,150,216,25,0.018803418803418803,0.2564102564102564,0.042735042735042736,0.36923076923076925,0.28888888888888886,0.023931623931623933,0.27521367521367524
Paulstown,Kilkenny,443,105,8,5,156,147,22,0.011286681715575621,0.35214446952595935,0.04966139954853273,0.33182844243792325,0.23702031602708803,0.01805869074492099,0.36343115124153497
Pedara Vohers/Tircahan,Cavan,76,9,9,1,20,32,5,0.013157894736842105,0.2631578947368421,0.06578947368421052,0.42105263157894735,0.11842105263157894,0.11842105263157894,0.27631578947368424
Pembroke East A,Dublin City,1252,385,38,27,285,441,76,0.02156549520766773,0.22763578274760382,0.06070287539936102,0.3522364217252396,0.3075079872204473,0.03035143769968051,0.24920127795527156
Pembroke East B,Dublin City,1690,477,39,36,380,650,108,0.021301775147928994,0.22485207100591717,0.06390532544378698,0.38461538461538464,0.2822485207100592,0.023076923076923078,0.24615384615384617
Pembroke East C,Dublin City,1794,536,46,48,393,667,104,0.026755852842809364,0.21906354515050167,0.057971014492753624,0.3717948717948718,0.2987736900780379,0.02564102564102564,0.24581939799331104
Pembroke East D,Dublin City,1738,539,56,46,310,685,102,0.026467203682393557,0.17836593785960875,0.05868814729574223,0.3941311852704258,0.310126582278481,0.03222094361334868,0.2048331415420023
Pembroke East E,Dublin City,1256,421,29,28,205,483,90,0.022292993630573247,0.16321656050955413,0.07165605095541401,0.38455414012738853,0.3351910828025478,0.02308917197452229,0.18550955414012738
Pembroke West A,Dublin City,1599,573,43,37,267,595,84,0.023139462163852407,0.1669793621013133,0.0525328330206379,0.37210756722951843,0.35834896810506567,0.02689180737961226,0.19011882426516574
Pembroke West B,Dublin City,1038,364,27,17,178,402,50,0.016377649325626204,0.17148362235067438,0.04816955684007707,0.3872832369942196,0.35067437379576105,0.02601156069364162,0.18786127167630057
Pembroke West C,Dublin City,1155,348,35,39,181,494,58,0.033766233766233764,0.15670995670995672,0.050216450216450215,0.4277056277056277,0.3012987012987013,0.030303030303030304,0.19047619047619047
Pembrokestown,Waterford,207,43,6,5,55,85,13,0.024154589371980676,0.26570048309178745,0.06280193236714976,0.4106280193236715,0.20772946859903382,0.028985507246376812,0.2898550724637681
Peppardstown,Tipperary,507,151,13,4,160,158,21,0.007889546351084813,0.3155818540433925,0.04142011834319527,0.3116370808678501,0.2978303747534517,0.02564102564102564,0.3234714003944773
Pettigoe,Donegal,111,39,3,0,29,34,6,0.0,0.26126126126126126,0.05405405405405406,0.3063063063063063,0.35135135135135137,0.02702702702702703,0.26126126126126126
Phoenix Park,Dublin City,421,121,23,13,54,189,21,0.030878859857482184,0.12826603325415678,0.0498812351543943,0.4489311163895487,0.28741092636579574,0.05463182897862233,0.15914489311163896
Piercetown,Westmeath,43,11,3,1,12,14,2,0.023255813953488372,0.27906976744186046,0.046511627906976744,0.32558139534883723,0.2558139534883721,0.06976744186046512,0.3023255813953488
Pilltown,Kilkenny,845,212,17,17,295,261,43,0.020118343195266272,0.34911242603550297,0.05088757396449704,0.3088757396449704,0.25088757396449707,0.020118343195266272,0.36923076923076925
Pleberstown,Kilkenny,110,32,4,2,34,32,6,0.01818181818181818,0.3090909090909091,0.05454545454545454,0.2909090909090909,0.2909090909090909,0.03636363636363636,0.32727272727272727
Poleberry,Waterford,432,159,26,9,62,155,21,0.020833333333333332,0.14351851851851852,0.04861111111111111,0.3587962962962963,0.3680555555555556,0.06018518518518518,0.16435185185185186
Pollardstown,Kildare,132,30,4,2,37,53,6,0.015151515151515152,0.2803030303030303,0.045454545454545456,0.4015151515151515,0.22727272727272727,0.030303030303030304,0.29545454545454547
Pollrone,Kilkenny,583,161,12,16,168,189,37,0.0274442538593482,0.2881646655231561,0.0634648370497427,0.3241852487135506,0.27615780445969124,0.02058319039451115,0.3156089193825043
Pontoon,Mayo,220,55,7,10,62,73,13,0.045454545454545456,0.2818181818181818,0.05909090909090909,0.33181818181818185,0.25,0.031818181818181815,0.32727272727272727
Port,Limerick,231,71,8,4,55,89,4,0.017316017316017316,0.23809523809523808,0.017316017316017316,0.3852813852813853,0.30735930735930733,0.03463203463203463,0.2554112554112554
Portarlington North,Offaly,848,258,20,18,267,242,43,0.02122641509433962,0.31485849056603776,0.05070754716981132,0.28537735849056606,0.30424528301886794,0.02358490566037736,0.33608490566037735
Portarlington South,Laois,2580,650,50,34,947,756,143,0.01317829457364341,0.3670542635658915,0.05542635658914729,0.2930232558139535,0.25193798449612403,0.01937984496124031,0.3802325581395349
Portlaoighise Rural,Laois,5646,1256,125,140,2021,1763,341,0.02479631597591215,0.3579525327665604,0.06039674105561459,0.312256464753808,0.222458377612469,0.022139567835635848,0.38274884874247256
Portlaoighise Urban,Laois,1138,286,41,31,337,376,67,0.027240773286467488,0.2961335676625659,0.058875219683655534,0.3304042179261863,0.2513181019332162,0.03602811950790861,0.3233743409490334
Portlaw,Waterford,577,144,12,16,218,160,27,0.02772963604852686,0.3778162911611785,0.04679376083188908,0.2772963604852686,0.24956672443674177,0.02079722703639515,0.4055459272097054
Portloman,Westmeath,137,40,1,4,33,51,8,0.029197080291970802,0.24087591240875914,0.058394160583941604,0.3722627737226277,0.291970802919708,0.0072992700729927005,0.27007299270072993
Portmagee,Kerry,131,26,5,3,38,50,9,0.022900763358778626,0.2900763358778626,0.06870229007633588,0.3816793893129771,0.1984732824427481,0.03816793893129771,0.31297709923664124
Portmarnock North,Fingal,1978,588,40,45,438,744,123,0.02275025278058645,0.22143579373104147,0.0621840242669363,0.37613751263902934,0.2972699696663296,0.020222446916076844,0.2441860465116279
Portmarnock South,Fingal,1815,563,61,43,462,581,105,0.023691460055096418,0.2545454545454545,0.05785123966942149,0.32011019283746556,0.31019283746556475,0.03360881542699724,0.27823691460055094
Portnascully,Kilkenny,457,121,4,5,149,150,28,0.010940919037199124,0.32603938730853393,0.061269146608315096,0.3282275711159737,0.2647702407002188,0.0087527352297593,0.33698030634573306
Portumna,Galway County,899,225,21,20,239,331,63,0.02224694104560623,0.26585094549499444,0.07007786429365963,0.3681868743047831,0.25027808676307006,0.02335928809788654,0.28809788654060065
Posseckstown,Meath,77,30,4,0,19,22,2,0.0,0.24675324675324675,0.025974025974025976,0.2857142857142857,0.38961038961038963,0.05194805194805195,0.24675324675324675
Pouladuff A,Cork City,246,66,4,8,43,115,10,0.032520325203252036,0.17479674796747968,0.04065040650406504,0.46747967479674796,0.2682926829268293,0.016260162601626018,0.2073170731707317
Pouladuff B,Cork City,539,155,10,12,132,203,27,0.022263450834879406,0.24489795918367346,0.05009276437847866,0.37662337662337664,0.287569573283859,0.01855287569573284,0.26716141001855287
Powerscourt,Wicklow,326,76,9,8,100,117,16,0.024539877300613498,0.3067484662576687,0.049079754601226995,0.3588957055214724,0.2331288343558282,0.027607361963190184,0.3312883435582822
Powerstown,Kilkenny,212,61,1,3,74,65,8,0.014150943396226415,0.3490566037735849,0.03773584905660377,0.30660377358490565,0.28773584905660377,0.0047169811320754715,0.3632075471698113
Poyntstown,Tipperary,56,12,3,1,17,21,2,0.017857142857142856,0.30357142857142855,0.03571428571428571,0.375,0.21428571428571427,0.05357142857142857,0.32142857142857145
Priorswood A,Dublin City,321,81,5,11,91,117,16,0.03426791277258567,0.2834890965732087,0.04984423676012461,0.3644859813084112,0.2523364485981308,0.01557632398753894,0.3177570093457944
Priorswood B,Dublin City,343,77,16,2,127,105,16,0.0058309037900874635,0.37026239067055394,0.04664723032069971,0.30612244897959184,0.22448979591836735,0.04664723032069971,0.3760932944606414
Priorswood C,Dublin City,685,126,27,16,281,200,35,0.02335766423357664,0.41021897810218977,0.051094890510948905,0.291970802919708,0.18394160583941604,0.03941605839416058,0.4335766423357664
Priorswood D,Dublin City,530,122,22,10,186,167,23,0.018867924528301886,0.35094339622641507,0.04339622641509434,0.3150943396226415,0.23018867924528302,0.04150943396226415,0.36981132075471695
Priorswood E,Dublin City,670,191,15,22,219,192,31,0.03283582089552239,0.32686567164179103,0.04626865671641791,0.2865671641791045,0.28507462686567164,0.022388059701492536,0.3597014925373134
Prospect A,Limerick,276,55,17,8,68,88,40,0.028985507246376812,0.2463768115942029,0.14492753623188406,0.3188405797101449,0.19927536231884058,0.06159420289855073,0.2753623188405797
Prospect B,Limerick,132,35,8,11,20,57,1,0.08333333333333333,0.15151515151515152,0.007575757575757576,0.4318181818181818,0.26515151515151514,0.06060606060606061,0.23484848484848486
Querrin,Clare,111,38,2,3,30,32,6,0.02702702702702703,0.2702702702702703,0.05405405405405406,0.2882882882882883,0.34234234234234234,0.018018018018018018,0.2972972972972973
Quin,Clare,756,144,13,21,253,272,53,0.027777777777777776,0.33465608465608465,0.0701058201058201,0.35978835978835977,0.19047619047619047,0.017195767195767195,0.36243386243386244
Quinsborough,Kildare,67,9,0,6,29,21,2,0.08955223880597014,0.43283582089552236,0.029850746268656716,0.31343283582089554,0.13432835820895522,0.0,0.5223880597014925
Rackwallace,Monaghan,404,75,6,13,168,123,19,0.03217821782178218,0.4158415841584158,0.04702970297029703,0.30445544554455445,0.18564356435643564,0.01485148514851485,0.44801980198019803
Raferagh,Monaghan,162,38,3,5,57,47,12,0.030864197530864196,0.35185185185185186,0.07407407407407407,0.29012345679012347,0.2345679012345679,0.018518518518518517,0.38271604938271603
Raford,Galway County,294,71,4,10,94,94,21,0.034013605442176874,0.3197278911564626,0.07142857142857142,0.3197278911564626,0.24149659863945577,0.013605442176870748,0.35374149659863946
Rahalisk,Cork County,276,59,4,9,82,93,29,0.03260869565217391,0.2971014492753623,0.10507246376811594,0.33695652173913043,0.213768115942029,0.014492753623188406,0.32971014492753625
Rahan,Cork County,427,137,7,5,132,127,19,0.0117096018735363,0.3091334894613583,0.04449648711943794,0.297423887587822,0.32084309133489464,0.01639344262295082,0.32084309133489464
Rahan,Offaly,331,69,5,8,113,119,17,0.02416918429003021,0.3413897280966767,0.0513595166163142,0.3595166163141994,0.2084592145015106,0.015105740181268883,0.36555891238670696
Raharney,Westmeath,188,52,8,6,61,47,14,0.031914893617021274,0.324468085106383,0.07446808510638298,0.25,0.2765957446808511,0.0425531914893617,0.35638297872340424
Rahasane,Galway County,174,33,9,6,53,58,15,0.034482758620689655,0.3045977011494253,0.08620689655172414,0.3333333333333333,0.1896551724137931,0.05172413793103448,0.3390804597701149
Raheen,Galway County,193,54,2,0,52,77,8,0.0,0.2694300518134715,0.04145077720207254,0.39896373056994816,0.27979274611398963,0.010362694300518135,0.2694300518134715
Raheen,Laois,248,57,5,8,81,75,22,0.03225806451612903,0.32661290322580644,0.08870967741935484,0.3024193548387097,0.22983870967741934,0.020161290322580645,0.3588709677419355
Raheenakeeran,Offaly,105,30,2,2,43,23,5,0.01904761904761905,0.4095238095238095,0.047619047619047616,0.21904761904761905,0.2857142857142857,0.01904761904761905,0.42857142857142855
Rahelty,Tipperary,383,100,4,10,132,114,23,0.02610966057441253,0.34464751958224543,0.06005221932114883,0.29765013054830286,0.26109660574412535,0.010443864229765013,0.370757180156658
Raheny-Foxfield,Dublin City,1042,254,25,49,229,403,82,0.04702495201535509,0.21976967370441458,0.07869481765834933,0.3867562380038388,0.2437619961612284,0.02399232245681382,0.2667946257197697
Raheny-Greendale,Dublin City,677,167,16,29,172,234,59,0.04283604135893648,0.25406203840472674,0.08714918759231906,0.345642540620384,0.2466765140324963,0.023633677991137372,0.2968980797636632
Raheny-St. Assam,Dublin City,1834,535,38,75,416,664,106,0.04089422028353326,0.2268266085059978,0.05779716466739367,0.36205016357688113,0.29171210468920394,0.020719738276990186,0.2677208287895311
Rahill,Carlow,283,75,9,2,85,92,20,0.007067137809187279,0.3003533568904594,0.0706713780918728,0.3250883392226148,0.26501766784452296,0.03180212014134275,0.30742049469964666
Rahinstown,Meath,229,62,6,12,61,76,12,0.05240174672489083,0.2663755458515284,0.05240174672489083,0.3318777292576419,0.27074235807860264,0.026200873362445413,0.31877729257641924
Rahona,Clare,126,37,6,2,33,42,6,0.015873015873015872,0.2619047619047619,0.047619047619047616,0.3333333333333333,0.29365079365079366,0.047619047619047616,0.2777777777777778
Rahoon,Galway City,1304,239,25,82,341,478,139,0.06288343558282208,0.26150306748466257,0.10659509202453987,0.3665644171779141,0.18328220858895705,0.019171779141104295,0.3243865030674847
Rahugh,Westmeath,134,41,6,0,28,47,12,0.0,0.208955223880597,0.08955223880597014,0.35074626865671643,0.30597014925373134,0.04477611940298507,0.208955223880597
Rakenny,Cavan,128,36,1,1,40,41,9,0.0078125,0.3125,0.0703125,0.3203125,0.28125,0.0078125,0.3203125
Raphoe,Donegal,285,70,12,4,117,66,16,0.014035087719298246,0.4105263157894737,0.056140350877192984,0.23157894736842105,0.24561403508771928,0.042105263157894736,0.4245614035087719
Ratass,Kerry,515,137,13,10,122,192,41,0.019417475728155338,0.23689320388349513,0.07961165048543689,0.37281553398058254,0.26601941747572816,0.02524271844660194,0.2563106796116505
Rath,Clare,111,35,5,1,33,32,5,0.009009009009009009,0.2972972972972973,0.04504504504504504,0.2882882882882883,0.3153153153153153,0.04504504504504504,0.3063063063063063
Rath,Wicklow,106,25,4,2,31,38,6,0.018867924528301886,0.29245283018867924,0.05660377358490566,0.3584905660377358,0.2358490566037736,0.03773584905660377,0.3113207547169811
Rathangan,Kildare,1069,271,23,17,389,305,64,0.015902712815715623,0.3638914873713751,0.05986903648269411,0.2853133769878391,0.25350795135640786,0.021515434985968196,0.37979420018709076
Rathanna,Carlow,44,7,2,0,16,16,3,0.0,0.36363636363636365,0.06818181818181818,0.36363636363636365,0.1590909090909091,0.045454545454545456,0.36363636363636365
Rathaspick,Laois,105,17,3,1,29,44,11,0.009523809523809525,0.2761904761904762,0.10476190476190476,0.41904761904761906,0.1619047619047619,0.02857142857142857,0.2857142857142857
Rathaspick,Wexford,721,195,9,15,236,214,52,0.020804438280166437,0.3273231622746186,0.07212205270457697,0.29680998613037446,0.27045769764216365,0.012482662968099861,0.34812760055478503
Rathbane,Limerick,401,105,17,12,140,105,22,0.029925187032418952,0.3491271820448878,0.05486284289276808,0.26184538653366585,0.26184538653366585,0.04239401496259352,0.3790523690773067
Rathbarry,Cork County,280,77,4,7,73,109,10,0.025,0.26071428571428573,0.03571428571428571,0.3892857142857143,0.275,0.014285714285714285,0.2857142857142857
Rathbeagh,Kilkenny,135,27,1,1,58,42,6,0.007407407407407408,0.42962962962962964,0.044444444444444446,0.3111111111111111,0.2,0.007407407407407408,0.43703703703703706
Rathborney,Clare,35,14,2,1,0,14,4,0.02857142857142857,0.0,0.11428571428571428,0.4,0.4,0.05714285714285714,0.02857142857142857
Rathcabban,Tipperary,115,31,3,0,49,28,4,0.0,0.4260869565217391,0.034782608695652174,0.24347826086956523,0.26956521739130435,0.02608695652173913,0.4260869565217391
Rathclarin,Cork County,371,94,9,8,100,143,17,0.0215633423180593,0.2695417789757412,0.04582210242587601,0.38544474393531,0.25336927223719674,0.02425876010781671,0.29110512129380056
Rathcline,Longford,672,196,19,5,212,209,31,0.00744047619047619,0.31547619047619047,0.046130952380952384,0.31101190476190477,0.2916666666666667,0.028273809523809524,0.3229166666666667
Rathclooney,Clare,68,27,2,3,12,22,2,0.04411764705882353,0.17647058823529413,0.029411764705882353,0.3235294117647059,0.39705882352941174,0.029411764705882353,0.22058823529411764
Rathconrath,Westmeath,154,32,7,3,54,55,3,0.01948051948051948,0.35064935064935066,0.01948051948051948,0.35714285714285715,0.2077922077922078,0.045454545454545456,0.37012987012987014
Rathcool,Cork County,229,57,7,9,61,84,11,0.039301310043668124,0.2663755458515284,0.048034934497816595,0.36681222707423583,0.24890829694323144,0.03056768558951965,0.3056768558951965
Rathcoole,Kilkenny,268,71,6,9,100,72,10,0.033582089552238806,0.373134328358209,0.03731343283582089,0.26865671641791045,0.26492537313432835,0.022388059701492536,0.40671641791044777
Rathcoole,South Dublin,2325,496,50,109,783,715,172,0.04688172043010753,0.3367741935483871,0.07397849462365591,0.30752688172043013,0.21333333333333335,0.021505376344086023,0.38365591397849463
Rathcooney,Cork City,3679,923,68,137,1184,1137,230,0.03723837999456374,0.32182658331068226,0.06251698831204132,0.30905137265561294,0.2508833922261484,0.018483283500951346,0.359064963305246
Rathcooney,Cork County,205,38,6,4,73,66,18,0.01951219512195122,0.35609756097560974,0.08780487804878048,0.32195121951219513,0.18536585365853658,0.02926829268292683,0.375609756097561
Rathcor,Louth,570,144,19,9,161,197,40,0.015789473684210527,0.2824561403508772,0.07017543859649122,0.3456140350877193,0.25263157894736843,0.03333333333333333,0.2982456140350877
Rathcormack,Cork County,1101,251,20,39,421,307,63,0.035422343324250684,0.3823796548592189,0.05722070844686648,0.27883742052679383,0.22797456857402362,0.018165304268846504,0.4178019981834696
Rathdangan,Wicklow,235,41,5,6,82,92,9,0.02553191489361702,0.34893617021276596,0.03829787234042553,0.39148936170212767,0.17446808510638298,0.02127659574468085,0.37446808510638296
Rathdowney,Laois,376,130,9,2,94,124,17,0.005319148936170213,0.25,0.04521276595744681,0.32978723404255317,0.34574468085106386,0.023936170212765957,0.2553191489361702
Rathdrum,Wicklow,1039,269,31,30,346,308,55,0.028873917228103944,0.33301251203079885,0.05293551491819057,0.2964388835418672,0.25890279114533205,0.029836381135707413,0.3618864292589028
Rathea,Kerry,160,40,2,5,34,67,12,0.03125,0.2125,0.075,0.41875,0.25,0.0125,0.24375
Rathealy,Kilkenny,92,23,4,0,29,31,5,0.0,0.31521739130434784,0.05434782608695652,0.33695652173913043,0.25,0.043478260869565216,0.31521739130434784
Rathernan,Kildare,237,55,2,9,72,85,14,0.0379746835443038,0.3037974683544304,0.05907172995780591,0.35864978902953587,0.2320675105485232,0.008438818565400843,0.34177215189873417
Rathfarnham,Dublin City,2399,722,43,71,442,952,169,0.029595664860358483,0.1842434347644852,0.07044601917465611,0.39683201333889123,0.3009587328053356,0.01792413505627345,0.21383909962484368
Rathfarnham Village,South Dublin,1501,430,32,49,323,560,107,0.03264490339773484,0.21518987341772153,0.07128580946035976,0.37308461025982675,0.2864756828780813,0.021319120586275817,0.24783477681545638
Rathfarnham-Ballyroan,South Dublin,1344,378,34,35,347,462,88,0.026041666666666668,0.25818452380952384,0.06547619047619048,0.34375,0.28125,0.025297619047619048,0.28422619047619047
Rathfarnham-Butterfield,South Dublin,1717,476,39,55,409,644,94,0.0320326150262085,0.23820617355853232,0.054746651135701804,0.3750728013977868,0.27722772277227725,0.022714036109493303,0.2702387885847408
Rathfarnham-Hermitage,South Dublin,2122,556,47,93,551,739,136,0.04382657869934024,0.2596606974552309,0.0640904806786051,0.3482563619227144,0.26201696512723843,0.022148916116870875,0.30348727615457116
Rathfarnham-St. Enda's,South Dublin,1878,533,35,71,448,670,121,0.03780617678381257,0.23855165069222578,0.06443024494142705,0.35676251331203407,0.2838125665601704,0.01863684771033014,0.2763578274760383
Rathfeigh,Meath,449,115,13,13,142,129,37,0.028953229398663696,0.31625835189309576,0.08240534521158129,0.2873051224944321,0.2561247216035635,0.028953229398663696,0.34521158129175944
Rathfeston,Offaly,158,47,7,3,46,48,7,0.0189873417721519,0.2911392405063291,0.04430379746835443,0.3037974683544304,0.2974683544303797,0.04430379746835443,0.310126582278481
Rathgormuck,Waterford,97,21,1,2,47,22,4,0.020618556701030927,0.4845360824742268,0.041237113402061855,0.2268041237113402,0.21649484536082475,0.010309278350515464,0.5051546391752577
Rathkeale Rural,Limerick,137,40,3,4,37,42,11,0.029197080291970802,0.27007299270072993,0.08029197080291971,0.30656934306569344,0.291970802919708,0.021897810218978103,0.29927007299270075
Rathkeale Urban,Limerick,269,78,20,5,70,82,14,0.01858736059479554,0.26022304832713755,0.05204460966542751,0.3048327137546468,0.2899628252788104,0.07434944237918216,0.2788104089219331
Rathkenny,Meath,276,56,6,8,96,91,19,0.028985507246376812,0.34782608695652173,0.06884057971014493,0.32971014492753625,0.2028985507246377,0.021739130434782608,0.37681159420289856
Rathluirc,Cork County,1283,361,42,25,385,414,56,0.019485580670303974,0.3000779423226812,0.043647700701480906,0.32268121590023385,0.2813717848791894,0.03273577552611068,0.3195635229929852
Rathlynin,Tipperary,164,42,3,1,47,60,11,0.006097560975609756,0.2865853658536585,0.06707317073170732,0.36585365853658536,0.25609756097560976,0.018292682926829267,0.2926829268292683
Rathmacurkey,Sligo,201,43,7,3,67,73,8,0.014925373134328358,0.3333333333333333,0.03980099502487562,0.36318407960199006,0.21393034825870647,0.03482587064676617,0.3482587064676617
Rathmelton,Donegal,696,147,21,23,226,247,32,0.033045977011494254,0.32471264367816094,0.04597701149425287,0.35488505747126436,0.21120689655172414,0.03017241379310345,0.3577586206896552
Rathmichael (Bray),Wicklow,571,144,34,22,169,173,29,0.03852889667250438,0.29597197898423816,0.050788091068301226,0.30297723292469353,0.2521891418563923,0.0595446584938704,0.3345008756567426
Rathmines East A,Dublin City,1736,557,41,57,304,641,136,0.032834101382488476,0.17511520737327188,0.07834101382488479,0.3692396313364055,0.32085253456221197,0.023617511520737326,0.20794930875576037
Rathmines East B,Dublin City,2371,816,41,64,439,871,140,0.026992830029523407,0.18515394348376213,0.059046815689582456,0.3673555461830451,0.3441585828764234,0.017292281737663433,0.21214677351328554
Rathmines East C,Dublin City,1700,438,28,63,423,588,160,0.03705882352941176,0.2488235294117647,0.09411764705882353,0.3458823529411765,0.2576470588235294,0.01647058823529412,0.2858823529411765
Rathmines East D,Dublin City,1208,282,43,52,256,449,126,0.04304635761589404,0.2119205298013245,0.10430463576158941,0.3716887417218543,0.23344370860927152,0.03559602649006623,0.25496688741721857
Rathmines West A,Dublin City,1514,493,38,51,197,635,100,0.03368560105680317,0.13011889035667107,0.06605019815059446,0.4194187582562748,0.32562747688243066,0.02509907529722589,0.16380449141347425
Rathmines West B,Dublin City,1082,331,25,41,172,433,80,0.03789279112754159,0.1589648798521257,0.07393715341959335,0.400184842883549,0.30591497227356745,0.02310536044362292,0.19685767097966728
Rathmines West C,Dublin City,1143,320,22,49,235,438,79,0.04286964129483815,0.20559930008748906,0.06911636045494313,0.38320209973753283,0.2799650043744532,0.019247594050743656,0.2484689413823272
Rathmines West D,Dublin City,1186,316,29,44,265,442,90,0.03709949409780776,0.22344013490725126,0.07588532883642496,0.37268128161888703,0.26644182124789206,0.024451939291736932,0.260539629005059
Rathmines West E,Dublin City,1405,448,42,56,283,476,100,0.0398576512455516,0.201423487544484,0.0711743772241993,0.3387900355871886,0.3188612099644128,0.0298932384341637,0.2412811387900356
Rathmines West F,Dublin City,1057,311,34,41,198,390,83,0.03878902554399243,0.18732261116367077,0.07852412488174078,0.36896877956480606,0.29422894985808895,0.03216650898770104,0.2261116367076632
Rathmolyon,Meath,656,167,23,28,198,201,39,0.042682926829268296,0.3018292682926829,0.05945121951219512,0.30640243902439024,0.2545731707317073,0.0350609756097561,0.3445121951219512
Rathmore,Kerry,674,198,16,10,197,227,26,0.01483679525222552,0.2922848664688427,0.03857566765578635,0.3367952522255193,0.29376854599406527,0.02373887240356083,0.30712166172106825
Rathmore,Kildare,558,158,14,8,150,187,41,0.014336917562724014,0.26881720430107525,0.07347670250896057,0.33512544802867383,0.2831541218637993,0.025089605734767026,0.2831541218637993
Rathmore,Limerick,149,49,4,3,38,46,9,0.020134228187919462,0.2550335570469799,0.06040268456375839,0.3087248322147651,0.3288590604026846,0.026845637583892617,0.2751677852348993
Rathmoylan,Waterford,496,142,14,12,136,161,31,0.024193548387096774,0.27419354838709675,0.0625,0.3245967741935484,0.2862903225806452,0.028225806451612902,0.29838709677419356
Rathmullan,Donegal,246,66,6,5,70,85,14,0.02032520325203252,0.2845528455284553,0.056910569105691054,0.34552845528455284,0.2682926829268293,0.024390243902439025,0.3048780487804878
Rathnaveoge,Tipperary,125,41,9,4,29,33,9,0.032,0.232,0.072,0.264,0.328,0.072,0.264
Rathoma,Mayo,93,22,0,0,29,33,9,0.0,0.3118279569892473,0.0967741935483871,0.3548387096774194,0.23655913978494625,0.0,0.3118279569892473
Rathornan,Carlow,196,65,5,6,56,61,3,0.030612244897959183,0.2857142857142857,0.015306122448979591,0.3112244897959184,0.33163265306122447,0.025510204081632654,0.3163265306122449
Rathowen,Westmeath,141,40,3,0,46,44,8,0.0,0.3262411347517731,0.05673758865248227,0.3120567375886525,0.28368794326241137,0.02127659574468085,0.3262411347517731
Rathpatrick,Kilkenny,421,130,11,4,101,156,19,0.009501187648456057,0.23990498812351543,0.04513064133016627,0.37054631828978624,0.3087885985748218,0.026128266033254157,0.2494061757719715
Rathrobin,Offaly,158,37,1,6,41,59,14,0.0379746835443038,0.25949367088607594,0.08860759493670886,0.37341772151898733,0.23417721518987342,0.006329113924050633,0.2974683544303797
Rathroe,Wexford,321,96,4,1,89,107,24,0.003115264797507788,0.2772585669781931,0.07476635514018691,0.3333333333333333,0.29906542056074764,0.012461059190031152,0.2803738317757009
Rathronan,Limerick,289,92,11,8,69,94,15,0.02768166089965398,0.23875432525951557,0.05190311418685121,0.32525951557093424,0.31833910034602075,0.03806228373702422,0.2664359861591695
Rathrush,Carlow,459,112,14,9,144,139,41,0.0196078431372549,0.3137254901960784,0.08932461873638345,0.3028322440087146,0.2440087145969499,0.030501089324618737,0.3333333333333333
Rathsallagh,Wicklow,106,29,4,0,45,26,2,0.0,0.42452830188679247,0.018867924528301886,0.24528301886792453,0.27358490566037735,0.03773584905660377,0.42452830188679247
Rathsaran,Laois,230,68,2,1,66,72,21,0.004347826086956522,0.28695652173913044,0.09130434782608696,0.3130434782608696,0.2956521739130435,0.008695652173913044,0.29130434782608694
Rathvilly,Carlow,321,85,7,9,126,84,10,0.028037383177570093,0.3925233644859813,0.03115264797507788,0.2616822429906542,0.26479750778816197,0.021806853582554516,0.4205607476635514
Ratoath,Meath,5076,1317,98,91,1795,1491,284,0.017927501970055163,0.3536249014972419,0.05594956658786446,0.2937352245862884,0.2594562647754137,0.019306540583136328,0.37155240346729707
Ravensdale,Louth,397,108,5,6,105,123,50,0.015113350125944584,0.26448362720403024,0.12594458438287154,0.30982367758186397,0.27204030226700254,0.012594458438287154,0.2795969773299748
Rearymore,Laois,97,14,1,0,42,33,7,0.0,0.4329896907216495,0.07216494845360824,0.3402061855670103,0.14432989690721648,0.010309278350515464,0.4329896907216495
Redcastle,Donegal,317,60,6,15,114,101,21,0.0473186119873817,0.35962145110410093,0.06624605678233439,0.3186119873817035,0.1892744479495268,0.01892744479495268,0.4069400630914827
Redhill,Cavan,164,55,4,5,54,37,9,0.03048780487804878,0.32926829268292684,0.054878048780487805,0.22560975609756098,0.3353658536585366,0.024390243902439025,0.3597560975609756
Redwood,Tipperary,57,17,3,4,11,19,3,0.07017543859649122,0.19298245614035087,0.05263157894736842,0.3333333333333333,0.2982456140350877,0.05263157894736842,0.2631578947368421
Reen,Kerry,79,18,0,1,26,30,4,0.012658227848101266,0.3291139240506329,0.05063291139240506,0.379746835443038,0.22784810126582278,0.0,0.34177215189873417
Reisk,Waterford,573,160,12,12,191,169,29,0.020942408376963352,0.3333333333333333,0.0506108202443281,0.2949389179755672,0.2792321116928447,0.020942408376963352,0.3542757417102967
Renmore,Galway City,696,122,18,38,141,310,67,0.05459770114942529,0.2025862068965517,0.09626436781609195,0.4454022988505747,0.1752873563218391,0.02586206896551724,0.257183908045977
Riddlestown,Limerick,288,85,4,2,87,98,12,0.006944444444444444,0.3020833333333333,0.041666666666666664,0.3402777777777778,0.2951388888888889,0.013888888888888888,0.3090277777777778
Ridge,Carlow,111,28,2,1,44,27,9,0.009009009009009009,0.3963963963963964,0.08108108108108109,0.24324324324324326,0.25225225225225223,0.018018018018018018,0.40540540540540543
Rinealon,Clare,81,16,0,1,33,25,6,0.012345679012345678,0.4074074074074074,0.07407407407407407,0.30864197530864196,0.19753086419753085,0.0,0.41975308641975306
Rinn,Leitrim,166,45,10,0,44,60,7,0.0,0.26506024096385544,0.04216867469879518,0.3614457831325301,0.2710843373493976,0.060240963855421686,0.26506024096385544
Rinvyle,Galway County,422,86,16,18,109,167,26,0.04265402843601896,0.25829383886255924,0.061611374407582936,0.3957345971563981,0.2037914691943128,0.037914691943127965,0.3009478672985782
Riverdale,Westmeath,204,54,7,3,72,53,15,0.014705882352941176,0.35294117647058826,0.07352941176470588,0.25980392156862747,0.2647058823529412,0.03431372549019608,0.36764705882352944
Riversdale,Limerick,122,34,9,0,41,33,5,0.0,0.3360655737704918,0.040983606557377046,0.27049180327868855,0.2786885245901639,0.07377049180327869,0.3360655737704918
Riverstown,Cork City,1874,517,25,57,594,582,99,0.030416221985058698,0.31696905016008536,0.0528281750266809,0.3105656350053362,0.275880469583778,0.013340448239060833,0.3473852721451441
Riverstown,Cork County,393,96,9,5,116,136,31,0.01272264631043257,0.2951653944020356,0.07888040712468193,0.3460559796437659,0.24427480916030533,0.022900763358778626,0.30788804071246817
Riverstown,Leitrim,90,31,3,2,22,29,3,0.022222222222222223,0.24444444444444444,0.03333333333333333,0.32222222222222224,0.34444444444444444,0.03333333333333333,0.26666666666666666
Riverstown,Sligo,290,70,13,2,98,91,16,0.006896551724137931,0.33793103448275863,0.05517241379310345,0.3137931034482759,0.2413793103448276,0.04482758620689655,0.3448275862068966
Riverstown,Tipperary,288,87,5,1,92,89,14,0.003472222222222222,0.3194444444444444,0.04861111111111111,0.3090277777777778,0.3020833333333333,0.017361111111111112,0.3229166666666667
Roanmore,Waterford,250,72,12,6,59,96,5,0.024,0.236,0.02,0.384,0.288,0.048,0.26
Robertstown,Kildare,712,193,12,14,231,212,50,0.019662921348314606,0.324438202247191,0.0702247191011236,0.29775280898876405,0.2710674157303371,0.016853932584269662,0.3441011235955056
Rochestown,Wexford,113,28,3,4,35,29,14,0.035398230088495575,0.30973451327433627,0.12389380530973451,0.25663716814159293,0.24778761061946902,0.02654867256637168,0.34513274336283184
Rockbarton,Galway City,925,191,19,73,174,373,95,0.07891891891891892,0.1881081081081081,0.10270270270270271,0.40324324324324323,0.2064864864864865,0.02054054054054054,0.267027027027027
Rockfield,Kerry,182,44,1,3,66,54,14,0.016483516483516484,0.3626373626373626,0.07692307692307693,0.2967032967032967,0.24175824175824176,0.005494505494505495,0.3791208791208791
Rockhill,Limerick,162,48,1,0,54,46,13,0.0,0.3333333333333333,0.08024691358024691,0.2839506172839506,0.2962962962962963,0.006172839506172839,0.3333333333333333
Rockhill,Roscommon,202,57,1,5,60,63,16,0.024752475247524754,0.297029702970297,0.07920792079207921,0.3118811881188119,0.28217821782178215,0.0049504950495049506,0.3217821782178218
Rockingham,Roscommon,170,34,3,4,54,63,12,0.023529411764705882,0.3176470588235294,0.07058823529411765,0.37058823529411766,0.2,0.01764705882352941,0.3411764705882353
Rodanstown,Meath,788,217,18,19,233,262,39,0.024111675126903553,0.2956852791878173,0.04949238578680203,0.33248730964467005,0.2753807106598985,0.02284263959390863,0.3197969543147208
Rodus,Tipperary,129,23,7,2,45,47,5,0.015503875968992248,0.3488372093023256,0.03875968992248062,0.3643410852713178,0.17829457364341086,0.05426356589147287,0.3643410852713178
Rooskagh,Limerick,138,31,5,6,48,41,7,0.043478260869565216,0.34782608695652173,0.050724637681159424,0.2971014492753623,0.2246376811594203,0.036231884057971016,0.391304347826087
Roosky,Leitrim,289,79,12,5,72,99,22,0.01730103806228374,0.2491349480968858,0.07612456747404844,0.34256055363321797,0.27335640138408307,0.04152249134948097,0.2664359861591695
Roosky,Roscommon,308,81,6,11,100,93,17,0.03571428571428571,0.3246753246753247,0.05519480519480519,0.30194805194805197,0.262987012987013,0.01948051948051948,0.36038961038961037
Ros Goill,Dún na nGall,536,46,10,120,118,169,73,0.22388059701492538,0.22014925373134328,0.13619402985074627,0.31529850746268656,0.08582089552238806,0.018656716417910446,0.44402985074626866
Rosbercon Rural,Kilkenny,259,71,8,1,77,89,13,0.003861003861003861,0.2972972972972973,0.05019305019305019,0.3436293436293436,0.27413127413127414,0.03088803088803089,0.30115830115830117
Rosbercon Urban,Wexford,145,51,5,2,36,44,7,0.013793103448275862,0.2482758620689655,0.04827586206896552,0.30344827586206896,0.35172413793103446,0.034482758620689655,0.2620689655172414
Roscommon Rural,Roscommon,2256,548,45,54,725,758,126,0.023936170212765957,0.32136524822695034,0.05585106382978723,0.33599290780141844,0.2429078014184397,0.0199468085106383,0.3453014184397163
Roscommon Urban,Roscommon,615,134,30,13,192,228,18,0.02113821138211382,0.3121951219512195,0.02926829268292683,0.37073170731707317,0.21788617886178863,0.04878048780487805,0.3333333333333333
Roscomroe,Offaly,73,17,0,1,28,26,1,0.0136986301369863,0.3835616438356164,0.0136986301369863,0.3561643835616438,0.2328767123287671,0.0,0.3972602739726027
Roscrea,Tipperary,2023,527,54,38,616,673,115,0.018783984181908058,0.3044982698961938,0.056846267918932276,0.33267424616905583,0.2605042016806723,0.026693030153237766,0.32328225407810185
Rosenallis,Laois,181,46,4,5,55,58,13,0.027624309392265192,0.30386740331491713,0.0718232044198895,0.32044198895027626,0.2541436464088398,0.022099447513812154,0.3314917127071823
Roskeen,Cork County,221,73,5,3,70,64,6,0.013574660633484163,0.3167420814479638,0.027149321266968326,0.2895927601809955,0.33031674208144796,0.02262443438914027,0.33031674208144796
Roslee,Mayo,175,40,6,4,55,62,8,0.022857142857142857,0.3142857142857143,0.045714285714285714,0.35428571428571426,0.22857142857142856,0.03428571428571429,0.33714285714285713
Rosmead,Westmeath,96,19,4,1,29,41,2,0.010416666666666666,0.3020833333333333,0.020833333333333332,0.4270833333333333,0.19791666666666666,0.041666666666666664,0.3125
Rosmoylan,Roscommon,71,16,2,0,21,25,7,0.0,0.29577464788732394,0.09859154929577464,0.352112676056338,0.22535211267605634,0.028169014084507043,0.29577464788732394
Rosnakill,Donegal,84,10,1,7,31,25,10,0.08333333333333333,0.36904761904761907,0.11904761904761904,0.2976190476190476,0.11904761904761904,0.011904761904761904,0.4523809523809524
Rosnalee,Cork County,190,63,4,5,32,75,11,0.02631578947368421,0.16842105263157894,0.05789473684210526,0.39473684210526316,0.33157894736842103,0.021052631578947368,0.19473684210526315
Ross,Waterford,144,29,4,2,54,47,8,0.013888888888888888,0.375,0.05555555555555555,0.3263888888888889,0.2013888888888889,0.027777777777777776,0.3888888888888889
Rossard,Wexford,200,52,5,3,73,59,8,0.015,0.365,0.04,0.295,0.26,0.025,0.38
Rosscarbery,Cork County,557,145,17,9,138,205,43,0.01615798922800718,0.24775583482944344,0.07719928186714542,0.36804308797127466,0.26032315978456017,0.03052064631956912,0.2639138240574506
Rossinan,Kilkenny,347,108,13,2,98,112,14,0.005763688760806916,0.2824207492795389,0.040345821325648415,0.3227665706051873,0.3112391930835735,0.037463976945244955,0.2881844380403458
Rossinver East,Sligo,77,18,2,1,23,27,6,0.012987012987012988,0.2987012987012987,0.07792207792207792,0.35064935064935066,0.23376623376623376,0.025974025974025976,0.3116883116883117
Rossinver West,Sligo,103,36,0,0,32,32,3,0.0,0.3106796116504854,0.02912621359223301,0.3106796116504854,0.34951456310679613,0.0,0.3106796116504854
Rosslare,Wexford,767,216,22,21,199,267,42,0.027379400260756193,0.25945241199478486,0.054758800521512385,0.34810951760104303,0.2816166883963494,0.028683181225554105,0.28683181225554105
Rossminoge,Wexford,285,71,6,9,111,66,22,0.031578947368421054,0.3894736842105263,0.07719298245614035,0.23157894736842105,0.24912280701754386,0.021052631578947368,0.42105263157894735
Rossmore,Cork County,168,48,5,4,53,51,7,0.023809523809523808,0.31547619047619047,0.041666666666666664,0.30357142857142855,0.2857142857142857,0.02976190476190476,0.3392857142857143
Rossmore,Laois,218,49,3,9,77,67,13,0.04128440366972477,0.3532110091743119,0.05963302752293578,0.3073394495412844,0.22477064220183487,0.013761467889908258,0.3944954128440367
Rossmore,Roscommon,55,9,2,1,20,23,0,0.01818181818181818,0.36363636363636365,0.0,0.41818181818181815,0.16363636363636364,0.03636363636363636,0.38181818181818183
Rossroe,Clare,409,132,1,8,98,151,19,0.019559902200488997,0.2396088019559902,0.04645476772616137,0.3691931540342298,0.32273838630806845,0.0024449877750611247,0.2591687041564792
Rostellan,Cork County,628,150,7,13,234,191,33,0.020700636942675158,0.37261146496815284,0.052547770700636945,0.304140127388535,0.23885350318471338,0.011146496815286623,0.39331210191082805
Rotunda A,Dublin City,612,131,30,20,174,216,41,0.032679738562091505,0.28431372549019607,0.06699346405228758,0.35294117647058826,0.21405228758169934,0.049019607843137254,0.31699346405228757
Rotunda B,Dublin City,213,66,4,9,34,87,13,0.04225352112676056,0.1596244131455399,0.06103286384976526,0.4084507042253521,0.30985915492957744,0.018779342723004695,0.20187793427230047
Rowan,Leitrim,115,23,3,0,36,49,4,0.0,0.3130434782608696,0.034782608695652174,0.4260869565217391,0.2,0.02608695652173913,0.3130434782608696
Rowls,Cork County,55,24,0,0,7,24,0,0.0,0.12727272727272726,0.0,0.43636363636363634,0.43636363636363634,0.0,0.12727272727272726
Roxborough,Limerick,851,230,15,10,229,315,52,0.011750881316098707,0.2690951821386604,0.06110458284371328,0.3701527614571093,0.2702702702702703,0.01762632197414806,0.2808460634547591
Royal Exchange A,Dublin City,442,148,19,18,43,178,36,0.04072398190045249,0.09728506787330317,0.08144796380090498,0.40271493212669685,0.334841628959276,0.042986425339366516,0.13800904977375567
Royal Exchange B,Dublin City,186,52,5,7,37,72,13,0.03763440860215054,0.1989247311827957,0.06989247311827956,0.3870967741935484,0.27956989247311825,0.026881720430107527,0.23655913978494625
Ruan,Clare,351,84,10,19,115,102,21,0.05413105413105413,0.32763532763532766,0.05982905982905983,0.2905982905982906,0.23931623931623933,0.02849002849002849,0.3817663817663818
Rush,Fingal,4065,1015,105,157,1399,1170,219,0.038622386223862236,0.34415744157441575,0.05387453874538745,0.2878228782287823,0.24969249692496925,0.025830258302583026,0.38277982779827796
Rushfield,Roscommon,176,56,7,4,36,61,12,0.022727272727272728,0.20454545454545456,0.06818181818181818,0.3465909090909091,0.3181818181818182,0.03977272727272727,0.22727272727272727
Russellstown,Westmeath,256,82,4,4,75,80,11,0.015625,0.29296875,0.04296875,0.3125,0.3203125,0.015625,0.30859375
Ryehill,Galway County,368,87,4,6,149,111,11,0.016304347826086956,0.4048913043478261,0.029891304347826088,0.3016304347826087,0.23641304347826086,0.010869565217391304,0.421195652173913
Saggart,South Dublin,1437,281,51,41,559,429,76,0.028531663187195546,0.38900487125956856,0.05288796102992345,0.2985386221294363,0.19554627696590118,0.03549060542797495,0.4175365344467641
Sailearna,"Gaillimh, 067197",1226,6,27,867,174,65,87,0.7071778140293637,0.14192495921696574,0.07096247960848287,0.05301794453507341,0.004893964110929853,0.02202283849918434,0.8491027732463295
Saint Kevin's,Dublin City,893,285,19,38,84,407,60,0.0425531914893617,0.0940649496080627,0.0671892497200448,0.45576707726763716,0.3191489361702128,0.02127659574468085,0.1366181410974244
Sallyford,Laois,287,81,7,7,96,78,18,0.024390243902439025,0.3344947735191638,0.0627177700348432,0.27177700348432055,0.28222996515679444,0.024390243902439025,0.3588850174216028
Sallymount,Mayo,215,55,2,8,59,83,8,0.037209302325581395,0.2744186046511628,0.037209302325581395,0.386046511627907,0.2558139534883721,0.009302325581395349,0.3116279069767442
Salthill,Galway City,1572,325,30,109,296,664,148,0.0693384223918575,0.18829516539440203,0.09414758269720101,0.4223918575063613,0.20674300254452926,0.019083969465648856,0.25763358778625955
Scainimh,Gaillimh,534,1,31,364,87,32,19,0.6816479400749064,0.16292134831460675,0.035580524344569285,0.0599250936329588,0.0018726591760299626,0.05805243445692884,0.8445692883895131
Scarriff,Clare,496,131,13,24,94,196,38,0.04838709677419355,0.18951612903225806,0.07661290322580645,0.3951612903225806,0.26411290322580644,0.02620967741935484,0.23790322580645162
Scart,Cork County,167,42,2,1,67,45,10,0.005988023952095809,0.40119760479041916,0.059880239520958084,0.2694610778443114,0.25149700598802394,0.011976047904191617,0.40718562874251496
Scartaglin,Kerry,288,72,4,8,103,83,18,0.027777777777777776,0.3576388888888889,0.0625,0.2881944444444444,0.25,0.013888888888888888,0.3854166666666667
Scotsborough,Kilkenny,87,26,4,1,24,32,0,0.011494252873563218,0.27586206896551724,0.0,0.367816091954023,0.2988505747126437,0.04597701149425287,0.28735632183908044
Scotstown,Monaghan,549,110,10,22,165,210,32,0.04007285974499089,0.3005464480874317,0.058287795992714025,0.3825136612021858,0.20036429872495445,0.018214936247723135,0.3406193078324226
Scrabby,Cavan,220,71,1,1,66,75,6,0.004545454545454545,0.3,0.02727272727272727,0.3409090909090909,0.32272727272727275,0.004545454545454545,0.30454545454545456
Scregg,Galway County,126,45,2,3,39,35,2,0.023809523809523808,0.30952380952380953,0.015873015873015872,0.2777777777777778,0.35714285714285715,0.015873015873015872,0.3333333333333333
Scregg,Roscommon,256,75,2,4,76,83,16,0.015625,0.296875,0.0625,0.32421875,0.29296875,0.0078125,0.3125
Screggan,Offaly,643,193,13,8,194,204,31,0.012441679626749611,0.30171073094867806,0.04821150855365474,0.31726283048211507,0.3001555209953344,0.02021772939346812,0.3141524105754277
Seefin,Cork County,117,39,8,1,29,31,9,0.008547008547008548,0.24786324786324787,0.07692307692307693,0.26495726495726496,0.3333333333333333,0.06837606837606838,0.2564102564102564
Seirkieran,Offaly,206,64,3,3,51,69,16,0.014563106796116505,0.24757281553398058,0.07766990291262135,0.33495145631067963,0.3106796116504854,0.014563106796116505,0.2621359223300971
Seskinan,Waterford,185,44,7,1,47,70,16,0.005405405405405406,0.25405405405405407,0.08648648648648649,0.3783783783783784,0.23783783783783785,0.03783783783783784,0.2594594594594595
Shaen,Laois,434,127,12,10,140,124,21,0.02304147465437788,0.3225806451612903,0.04838709677419355,0.2857142857142857,0.2926267281105991,0.027649769585253458,0.3456221198156682
Shanagolden,Limerick,359,98,6,4,91,148,12,0.011142061281337047,0.25348189415041783,0.033426183844011144,0.41225626740947074,0.27298050139275765,0.016713091922005572,0.2646239554317549
Shanakiel,Cork City,1182,359,39,32,286,403,63,0.02707275803722504,0.24196277495769883,0.0532994923857868,0.3409475465313029,0.30372250423011843,0.03299492385786802,0.26903553299492383
Shanballymore,Cork County,235,67,7,1,84,67,9,0.00425531914893617,0.3574468085106383,0.03829787234042553,0.2851063829787234,0.2851063829787234,0.029787234042553193,0.3617021276595745
Shanbogh,Kilkenny,225,67,9,4,51,75,19,0.017777777777777778,0.22666666666666666,0.08444444444444445,0.3333333333333333,0.29777777777777775,0.04,0.24444444444444444
Shancough,Sligo,51,11,1,0,14,22,3,0.0,0.27450980392156865,0.058823529411764705,0.43137254901960786,0.21568627450980393,0.0196078431372549,0.27450980392156865
Shandon A,Cork City,350,98,13,16,63,138,22,0.045714285714285714,0.18,0.06285714285714286,0.3942857142857143,0.28,0.037142857142857144,0.2257142857142857
Shandon B,Cork City,346,156,13,11,29,121,16,0.031791907514450865,0.0838150289017341,0.046242774566473986,0.34971098265895956,0.4508670520231214,0.03757225433526012,0.11560693641618497
Shangarry,Carlow,174,45,7,5,60,51,6,0.028735632183908046,0.3448275862068966,0.034482758620689655,0.29310344827586204,0.25862068965517243,0.040229885057471264,0.3735632183908046
Shanid,Limerick,232,71,10,3,74,63,11,0.01293103448275862,0.31896551724137934,0.04741379310344827,0.27155172413793105,0.30603448275862066,0.04310344827586207,0.33189655172413796
Shankill,Galway County,141,31,6,2,38,56,8,0.014184397163120567,0.2695035460992908,0.05673758865248227,0.3971631205673759,0.2198581560283688,0.0425531914893617,0.28368794326241137
Shankill,Kilkenny,418,126,11,6,149,113,13,0.014354066985645933,0.35645933014354064,0.03110047846889952,0.2703349282296651,0.3014354066985646,0.02631578947368421,0.3708133971291866
Shankill-Rathmichael,Dún Laoghaire-Rathdown,2171,658,54,68,599,639,153,0.03132197144173192,0.2759097190234915,0.07047443574389682,0.2943344081068632,0.3030861354214648,0.02487333026255182,0.3072316904652234
Shankill-Rathsallagh,Dún Laoghaire-Rathdown,1073,288,19,42,261,391,72,0.0391425908667288,0.24324324324324326,0.06710158434296365,0.36439888164026096,0.2684063373718546,0.017707362534948742,0.28238583410997203
Shankill-Shanganagh,Dún Laoghaire-Rathdown,2198,582,41,103,609,712,151,0.04686078252957234,0.2770700636942675,0.06869881710646042,0.32393084622383983,0.26478616924476794,0.0186533212010919,0.32393084622383983
Shanmullagh,Monaghan,85,13,3,4,25,36,4,0.047058823529411764,0.29411764705882354,0.047058823529411764,0.4235294117647059,0.15294117647058825,0.03529411764705882,0.3411764705882353
Shannon A,Limerick,140,43,6,9,26,50,6,0.06428571428571428,0.18571428571428572,0.04285714285714286,0.35714285714285715,0.30714285714285716,0.04285714285714286,0.25
Shannon B,Limerick,118,39,5,2,14,46,12,0.01694915254237288,0.11864406779661017,0.1016949152542373,0.3898305084745763,0.3305084745762712,0.0423728813559322,0.13559322033898305
Shannonbridge,Offaly,95,24,0,1,20,40,10,0.010526315789473684,0.21052631578947367,0.10526315789473684,0.42105263157894735,0.25263157894736843,0.0,0.22105263157894736
Shannonharbour,Offaly,134,24,2,4,40,43,21,0.029850746268656716,0.29850746268656714,0.15671641791044777,0.3208955223880597,0.1791044776119403,0.014925373134328358,0.3283582089552239
Shantalla,Galway City,641,131,21,41,84,295,69,0.06396255850234009,0.1310452418096724,0.10764430577223089,0.46021840873634945,0.20436817472698907,0.0327613104524181,0.19500780031201248
Sheepshead,Cork County,76,19,3,2,27,20,5,0.02631578947368421,0.35526315789473684,0.06578947368421052,0.2631578947368421,0.25,0.039473684210526314,0.3815789473684211
Shercock,Cavan,371,110,8,9,142,93,9,0.02425876010781671,0.38274932614555257,0.02425876010781671,0.25067385444743934,0.29649595687331537,0.0215633423180593,0.40700808625336926
Sheskin,Monaghan,259,55,10,9,105,76,4,0.03474903474903475,0.40540540540540543,0.015444015444015444,0.29343629343629346,0.21235521235521235,0.03861003861003861,0.44015444015444016
Sheskin/Bunaveela/Glenco,Mayo,56,21,1,1,10,18,5,0.017857142857142856,0.17857142857142858,0.08928571428571429,0.32142857142857145,0.375,0.017857142857142856,0.19642857142857142
Shillelagh,Wicklow,208,53,8,4,77,58,8,0.019230769230769232,0.3701923076923077,0.038461538461538464,0.27884615384615385,0.2548076923076923,0.038461538461538464,0.3894230769230769
Shinrone,Offaly,293,87,10,12,77,83,24,0.040955631399317405,0.2627986348122867,0.08191126279863481,0.2832764505119454,0.29692832764505117,0.034129692832764506,0.3037542662116041
Shortcourse,Waterford,71,22,4,0,11,30,4,0.0,0.15492957746478872,0.056338028169014086,0.4225352112676056,0.30985915492957744,0.056338028169014086,0.15492957746478872
Shreelane,Cork County,192,53,2,0,75,54,8,0.0,0.390625,0.041666666666666664,0.28125,0.2760416666666667,0.010416666666666666,0.390625
Shronell,Tipperary,164,40,2,5,49,63,5,0.03048780487804878,0.29878048780487804,0.03048780487804878,0.38414634146341464,0.24390243902439024,0.012195121951219513,0.32926829268292684
Shronowen,Kerry,89,23,3,1,24,34,4,0.011235955056179775,0.2696629213483146,0.0449438202247191,0.38202247191011235,0.25842696629213485,0.033707865168539325,0.2808988764044944
Shrule,Laois,125,33,2,5,40,41,4,0.04,0.32,0.032,0.328,0.264,0.016,0.36
Shrule,Mayo,503,134,18,11,109,203,28,0.02186878727634195,0.21669980119284293,0.055666003976143144,0.40357852882703776,0.2664015904572565,0.03578528827037773,0.23856858846918488
Sillerna,Galway County,130,29,7,3,22,64,5,0.023076923076923078,0.16923076923076924,0.038461538461538464,0.49230769230769234,0.2230769230769231,0.05384615384615385,0.19230769230769232
Silverbrook,Offaly,350,87,8,5,135,100,15,0.014285714285714285,0.38571428571428573,0.04285714285714286,0.2857142857142857,0.24857142857142858,0.022857142857142857,0.4
Singland A,Limerick,385,113,15,7,104,128,18,0.01818181818181818,0.2701298701298701,0.046753246753246755,0.33246753246753247,0.2935064935064935,0.03896103896103896,0.2883116883116883
Singland B,Limerick,1118,321,20,35,334,348,60,0.03130590339892665,0.29874776386404295,0.05366726296958855,0.3112701252236136,0.28711985688729874,0.017889087656529516,0.3300536672629696
Sixmilebridge,Clare,1129,323,30,12,363,330,71,0.010628875110717449,0.32152347209920284,0.06288751107174491,0.29229406554472986,0.2860938883968113,0.026572187776793623,0.33215234720992026
Skagh,Cork County,193,47,6,0,55,75,10,0.0,0.2849740932642487,0.05181347150259067,0.38860103626943004,0.24352331606217617,0.031088082901554404,0.2849740932642487
Skahanagh,Cork County,71,11,1,5,19,28,7,0.07042253521126761,0.2676056338028169,0.09859154929577464,0.39436619718309857,0.15492957746478872,0.014084507042253521,0.3380281690140845
Skeagh,Cavan,155,44,5,1,48,42,15,0.0064516129032258064,0.3096774193548387,0.0967741935483871,0.2709677419354839,0.2838709677419355,0.03225806451612903,0.3161290322580645
Skeagh,Westmeath,106,27,1,3,31,37,7,0.02830188679245283,0.29245283018867924,0.0660377358490566,0.3490566037735849,0.25471698113207547,0.009433962264150943,0.32075471698113206
Skehanagh,Galway County,281,73,4,8,67,114,15,0.028469750889679714,0.23843416370106763,0.05338078291814947,0.40569395017793597,0.2597864768683274,0.014234875444839857,0.2669039145907473
Skerries,Fingal,3906,1001,83,68,1245,1281,228,0.017409114183307733,0.3187403993855607,0.05837173579109063,0.3279569892473118,0.25627240143369173,0.02124935995903738,0.3361495135688684
Skerries,Kildare,237,60,7,3,79,74,14,0.012658227848101266,0.3333333333333333,0.05907172995780591,0.31223628691983124,0.25316455696202533,0.029535864978902954,0.3459915611814346
Skibbereen Rural,Cork County,604,124,11,30,182,205,52,0.04966887417218543,0.30132450331125826,0.08609271523178808,0.3394039735099338,0.2052980132450331,0.018211920529801324,0.3509933774834437
Skibbereen Urban,Cork County,1125,271,30,32,340,383,69,0.028444444444444446,0.3022222222222222,0.06133333333333333,0.34044444444444444,0.2408888888888889,0.02666666666666667,0.33066666666666666
Skreen,Meath,731,189,16,23,212,247,44,0.03146374829001368,0.29001367989056087,0.060191518467852256,0.3378932968536252,0.2585499316005472,0.02188782489740082,0.32147742818057456
Skreen,Sligo,79,18,1,1,20,34,5,0.012658227848101266,0.25316455696202533,0.06329113924050633,0.43037974683544306,0.22784810126582278,0.012658227848101266,0.26582278481012656
Skull,Cork County,402,98,5,12,81,175,31,0.029850746268656716,0.20149253731343283,0.07711442786069651,0.43532338308457713,0.24378109452736318,0.012437810945273632,0.23134328358208955
Slane,Meath,724,180,25,8,228,252,31,0.011049723756906077,0.3149171270718232,0.04281767955801105,0.34806629834254144,0.24861878453038674,0.034530386740331494,0.3259668508287293
Sliabh an Aonaigh,Gaillimh,515,43,12,71,132,183,74,0.1378640776699029,0.2563106796116505,0.1436893203883495,0.3553398058252427,0.08349514563106795,0.02330097087378641,0.3941747572815534
Slievekeale,Waterford,212,58,8,4,49,85,8,0.018867924528301886,0.23113207547169812,0.03773584905660377,0.4009433962264151,0.27358490566037735,0.03773584905660377,0.25
Slievemahanagh,Mayo,233,64,1,11,79,64,14,0.04721030042918455,0.33905579399141633,0.060085836909871244,0.27467811158798283,0.27467811158798283,0.004291845493562232,0.38626609442060084
Slievemore,Mayo,433,86,10,32,86,197,22,0.07390300230946882,0.19861431870669746,0.050808314087759814,0.45496535796766746,0.19861431870669746,0.023094688221709007,0.27251732101616627
Sligo East,Sligo,1377,390,43,37,337,505,65,0.026870007262164125,0.24473493100944083,0.04720406681190995,0.36673928830791575,0.28322440087145967,0.03122730573710966,0.2716049382716049
Sligo North,Sligo,1811,579,89,45,314,689,95,0.02484815019326339,0.17338487023743787,0.05245720596355605,0.3804527885146328,0.319712865819989,0.049144119271120924,0.19823302043070126
Sligo West,Sligo,2583,701,69,80,642,940,151,0.03097173828881146,0.24854819976771197,0.05845915602013163,0.36391792489353464,0.2713898567557104,0.026713124274099883,0.2795199380565234
Sliguff,Carlow,215,75,6,4,58,64,8,0.018604651162790697,0.26976744186046514,0.037209302325581395,0.29767441860465116,0.3488372093023256,0.027906976744186046,0.28837209302325584
Smithstown,Clare,61,13,2,3,18,24,1,0.04918032786885246,0.29508196721311475,0.01639344262295082,0.39344262295081966,0.21311475409836064,0.03278688524590164,0.3442622950819672
Sneem,Kerry,242,59,4,12,41,114,12,0.049586776859504134,0.16942148760330578,0.049586776859504134,0.47107438016528924,0.24380165289256198,0.01652892561983471,0.2190082644628099
Solloghodbeg,Tipperary,104,32,5,1,28,36,2,0.009615384615384616,0.2692307692307692,0.019230769230769232,0.34615384615384615,0.3076923076923077,0.04807692307692308,0.27884615384615385
Sonna,Westmeath,127,23,6,10,39,48,1,0.07874015748031496,0.30708661417322836,0.007874015748031496,0.3779527559055118,0.18110236220472442,0.047244094488188976,0.3858267716535433
Sonnagh,Longford,117,36,1,10,30,36,4,0.08547008547008547,0.2564102564102564,0.03418803418803419,0.3076923076923077,0.3076923076923077,0.008547008547008548,0.3418803418803419
Sonnagh,Mayo,477,131,4,5,141,167,29,0.010482180293501049,0.29559748427672955,0.06079664570230608,0.350104821802935,0.2746331236897275,0.008385744234800839,0.3060796645702306
South Dock,Dublin City,1670,581,40,49,257,646,97,0.029341317365269463,0.15389221556886226,0.05808383233532934,0.38682634730538923,0.34790419161676644,0.023952095808383235,0.18323353293413175
South Gate A,Cork City,502,157,9,20,74,206,36,0.0398406374501992,0.14741035856573706,0.07171314741035857,0.4103585657370518,0.31274900398406374,0.017928286852589643,0.18725099601593626
South Gate B,Cork City,285,95,7,8,39,119,17,0.028070175438596492,0.1368421052631579,0.05964912280701754,0.41754385964912283,0.3333333333333333,0.02456140350877193,0.1649122807017544
Spancelhill,Clare,403,112,5,10,102,156,18,0.02481389578163772,0.2531017369727047,0.04466501240694789,0.3870967741935484,0.27791563275434245,0.01240694789081886,0.27791563275434245
Springfield,Cavan,54,12,0,1,13,25,3,0.018518518518518517,0.24074074074074073,0.05555555555555555,0.46296296296296297,0.2222222222222222,0.0,0.25925925925925924
Springfort,Cork County,231,69,5,2,69,78,8,0.008658008658008658,0.2987012987012987,0.03463203463203463,0.33766233766233766,0.2987012987012987,0.021645021645021644,0.30735930735930733
Srah,Offaly,148,37,10,3,41,51,6,0.02027027027027027,0.27702702702702703,0.04054054054054054,0.34459459459459457,0.25,0.06756756756756757,0.2972972972972973
Sraheen,Mayo,465,131,9,12,135,150,28,0.025806451612903226,0.2903225806451613,0.060215053763440864,0.3225806451612903,0.2817204301075269,0.01935483870967742,0.3161290322580645
Srahmore,Mayo,63,12,2,4,22,19,4,0.06349206349206349,0.3492063492063492,0.06349206349206349,0.30158730158730157,0.19047619047619047,0.031746031746031744,0.4126984126984127
Sramore,Leitrim,162,42,3,3,58,46,10,0.018518518518518517,0.35802469135802467,0.06172839506172839,0.2839506172839506,0.25925925925925924,0.018518518518518517,0.3765432098765432
St. Canice,Kilkenny,289,75,5,4,80,102,23,0.01384083044982699,0.2768166089965398,0.07958477508650519,0.35294117647058826,0.25951557093425603,0.01730103806228374,0.2906574394463668
St. Helen's,Wexford,810,228,23,10,233,289,27,0.012345679012345678,0.2876543209876543,0.03333333333333333,0.3567901234567901,0.2814814814814815,0.028395061728395062,0.3
St. Johnstown,Donegal,242,58,10,6,69,82,17,0.024793388429752067,0.28512396694214875,0.07024793388429752,0.33884297520661155,0.2396694214876033,0.04132231404958678,0.30991735537190085
St. Laurence,Limerick,317,89,6,7,51,150,14,0.022082018927444796,0.1608832807570978,0.04416403785488959,0.47318611987381703,0.2807570977917981,0.01892744479495268,0.1829652996845426
St. Lawrence Gate,Louth,1312,359,19,52,423,398,61,0.039634146341463415,0.32240853658536583,0.04649390243902439,0.30335365853658536,0.2736280487804878,0.014481707317073171,0.3620426829268293
St. Martin's,Clare,49,17,0,0,9,20,3,0.0,0.1836734693877551,0.061224489795918366,0.40816326530612246,0.3469387755102041,0.0,0.1836734693877551
St. Mary's,Meath,5807,1306,121,183,2315,1509,373,0.03151369037368693,0.39865679352505595,0.06423282245565697,0.25985879111417254,0.22490098157396246,0.02083692095746513,0.4301704838987429
St. Mary's,Waterford,352,82,4,16,100,129,21,0.045454545454545456,0.2840909090909091,0.05965909090909091,0.3664772727272727,0.23295454545454544,0.011363636363636364,0.32954545454545453
St. Mary's,Wexford,290,82,10,13,81,85,19,0.04482758620689655,0.2793103448275862,0.06551724137931035,0.29310344827586204,0.2827586206896552,0.034482758620689655,0.32413793103448274
St. Mary's (East),Cork City,885,259,17,33,268,275,33,0.03728813559322034,0.30282485875706217,0.03728813559322034,0.3107344632768362,0.29265536723163843,0.0192090395480226,0.34011299435028247
St. Mary's (Part),Louth,2197,532,45,76,769,671,104,0.03459262630860264,0.350022758306782,0.047337278106508875,0.3054164770141102,0.24214838416021847,0.020482476103777878,0.38461538461538464
St. Mary's (West),Cork City,1659,487,44,43,539,466,80,0.02591922845087402,0.32489451476793246,0.04822182037371911,0.2808921036769138,0.2935503315250151,0.02652200120554551,0.3508137432188065
St. Patrick's,Leitrim,44,18,1,0,12,13,0,0.0,0.2727272727272727,0.0,0.29545454545454547,0.4090909090909091,0.022727272727272728,0.2727272727272727
St. Patrick's A,Cork City,380,123,17,19,47,145,29,0.05,0.12368421052631579,0.07631578947368421,0.3815789473684211,0.3236842105263158,0.04473684210526316,0.1736842105263158
St. Patrick's B,Cork City,297,68,9,12,61,125,22,0.04040404040404041,0.2053872053872054,0.07407407407407407,0.4208754208754209,0.22895622895622897,0.030303030303030304,0.24579124579124578
St. Patrick's C,Cork City,299,92,10,14,57,110,16,0.046822742474916385,0.19063545150501673,0.05351170568561873,0.36789297658862874,0.3076923076923077,0.033444816053511704,0.23745819397993312
St. Peter's,Louth,3610,779,67,88,1405,1044,227,0.02437673130193906,0.389196675900277,0.0628808864265928,0.28919667590027703,0.21578947368421053,0.0185595567867036,0.4135734072022161
St. Tierney,Monaghan,164,43,7,4,46,51,13,0.024390243902439025,0.2804878048780488,0.07926829268292683,0.31097560975609756,0.2621951219512195,0.042682926829268296,0.3048780487804878
Stabannan,Louth,259,80,6,0,90,69,14,0.0,0.3474903474903475,0.05405405405405406,0.26640926640926643,0.3088803088803089,0.023166023166023165,0.3474903474903475
Stackallan,Meath,266,77,8,2,77,90,12,0.007518796992481203,0.2894736842105263,0.045112781954887216,0.3383458646616541,0.2894736842105263,0.03007518796992481,0.29699248120300753
Staholmog,Meath,171,48,1,7,61,43,11,0.04093567251461988,0.3567251461988304,0.06432748538011696,0.25146198830409355,0.2807017543859649,0.005847953216374269,0.39766081871345027
Stamullin,Meath,1974,458,36,81,759,543,97,0.041033434650455926,0.3844984802431611,0.04913880445795339,0.2750759878419453,0.232016210739615,0.0182370820668693,0.425531914893617
Stillorgan-Deerpark,Dún Laoghaire-Rathdown,1697,470,25,62,419,602,119,0.03653506187389511,0.2469063052445492,0.07012374779021803,0.3547436652916912,0.2769593400117855,0.01473187978786093,0.2834413671184443
Stillorgan-Kilmacud,Dún Laoghaire-Rathdown,2067,594,49,67,481,726,150,0.0324141267537494,0.23270440251572327,0.07256894049346879,0.35123367198838895,0.28737300435413643,0.02370585389453314,0.26511852926947266
Stillorgan-Leopardstown,Dún Laoghaire-Rathdown,1219,386,31,39,298,408,57,0.03199343724364233,0.24446267432321575,0.04675963904840033,0.33470057424118127,0.3166529942575882,0.02543068088597211,0.27645611156685806
Stillorgan-Merville,Dún Laoghaire-Rathdown,1471,423,28,43,403,493,81,0.029231815091774305,0.27396329027872196,0.055064581917063225,0.33514615907545886,0.28755948334466347,0.019034670292318152,0.30319510537049627
Stillorgan-Mount Merrion,Dún Laoghaire-Rathdown,1359,399,21,54,344,435,106,0.039735099337748346,0.25312729948491536,0.07799852832965416,0.3200883002207506,0.293598233995585,0.01545253863134658,0.29286239882266374
Stillorgan-Priory,Dún Laoghaire-Rathdown,955,260,22,36,242,338,57,0.03769633507853403,0.2534031413612565,0.05968586387434555,0.3539267015706806,0.27225130890052357,0.023036649214659685,0.29109947643979056
Stonefield,Meath,94,16,0,2,26,42,8,0.02127659574468085,0.2765957446808511,0.0851063829787234,0.44680851063829785,0.1702127659574468,0.0,0.2978723404255319
Stonehall,Westmeath,105,23,6,9,27,27,13,0.08571428571428572,0.2571428571428571,0.12380952380952381,0.2571428571428571,0.21904761904761905,0.05714285714285714,0.34285714285714286
Stonyford,Kilkenny,331,91,6,7,96,110,21,0.021148036253776436,0.29003021148036257,0.0634441087613293,0.3323262839879154,0.27492447129909364,0.01812688821752266,0.311178247734139
Stradbally,Galway County,616,168,6,17,183,198,44,0.027597402597402596,0.29707792207792205,0.07142857142857142,0.32142857142857145,0.2727272727272727,0.00974025974025974,0.3246753246753247
Stradbally,Laois,698,195,14,8,197,252,32,0.011461318051575931,0.2822349570200573,0.045845272206303724,0.36103151862464183,0.2793696275071633,0.02005730659025788,0.29369627507163326
Stradbally,Waterford,354,89,4,9,118,122,12,0.025423728813559324,0.3333333333333333,0.03389830508474576,0.3446327683615819,0.2514124293785311,0.011299435028248588,0.3587570621468927
Strade,Mayo,266,69,9,4,83,84,17,0.015037593984962405,0.31203007518796994,0.06390977443609022,0.3157894736842105,0.2593984962406015,0.03383458646616541,0.32706766917293234
Stradone,Cavan,319,82,4,3,119,92,19,0.009404388714733543,0.3730407523510972,0.05956112852664577,0.2884012539184953,0.25705329153605017,0.012539184952978056,0.3824451410658307
Straffan,Kildare,1062,314,15,21,333,316,63,0.01977401129943503,0.3135593220338983,0.059322033898305086,0.2975517890772128,0.295668549905838,0.014124293785310734,0.3333333333333333
Straid,Donegal,312,95,16,0,105,80,16,0.0,0.33653846153846156,0.05128205128205128,0.2564102564102564,0.30448717948717946,0.05128205128205128,0.33653846153846156
Stranorlar,Donegal,1363,312,44,38,425,469,75,0.027879677182685254,0.3118121790168745,0.055025678650036686,0.34409391049156274,0.2289068231841526,0.032281731474688186,0.33969185619955977
Stratford,Wicklow,142,51,4,2,30,44,11,0.014084507042253521,0.2112676056338028,0.07746478873239436,0.30985915492957744,0.3591549295774648,0.028169014084507043,0.22535211267605634
Streamhill,Cork County,42,8,0,2,11,14,7,0.047619047619047616,0.2619047619047619,0.16666666666666666,0.3333333333333333,0.19047619047619047,0.0,0.30952380952380953
Streamstown,Sligo,116,24,0,2,33,52,5,0.017241379310344827,0.28448275862068967,0.04310344827586207,0.4482758620689655,0.20689655172413793,0.0,0.3017241379310345
Streamstown,Westmeath,187,52,5,4,64,52,10,0.0213903743315508,0.3422459893048128,0.053475935828877004,0.27807486631016043,0.27807486631016043,0.026737967914438502,0.36363636363636365
Street,Westmeath,83,31,3,3,22,20,4,0.03614457831325301,0.26506024096385544,0.04819277108433735,0.24096385542168675,0.37349397590361444,0.03614457831325301,0.30120481927710846
Strokestown,Roscommon,459,126,17,8,102,179,27,0.017429193899782137,0.2222222222222222,0.058823529411764705,0.3899782135076253,0.27450980392156865,0.037037037037037035,0.23965141612200436
Summerhill,Meath,496,126,10,10,158,162,30,0.020161290322580645,0.3185483870967742,0.06048387096774194,0.32661290322580644,0.2540322580645161,0.020161290322580645,0.3387096774193548
Sunday's Well A,Cork City,286,77,14,13,47,111,24,0.045454545454545456,0.16433566433566432,0.08391608391608392,0.3881118881118881,0.2692307692307692,0.04895104895104895,0.2097902097902098
Sunday's Well B,Cork City,250,81,2,8,27,101,31,0.032,0.108,0.124,0.404,0.324,0.008,0.14
Sutton,Fingal,2607,726,69,108,612,921,171,0.04142692750287687,0.23475258918296893,0.06559263521288838,0.3532796317606444,0.27848101265822783,0.026467203682393557,0.2761795166858458
Suí Corr,Dún na nGall,43,6,1,7,11,16,2,0.16279069767441862,0.2558139534883721,0.046511627906976744,0.37209302325581395,0.13953488372093023,0.023255813953488372,0.4186046511627907
Swanlinbar,Cavan,99,30,4,1,19,38,7,0.010101010101010102,0.1919191919191919,0.0707070707070707,0.3838383838383838,0.30303030303030304,0.04040404040404041,0.20202020202020202
Swineford,Mayo,990,254,25,14,259,375,63,0.014141414141414142,0.26161616161616164,0.06363636363636363,0.3787878787878788,0.25656565656565655,0.025252525252525252,0.27575757575757576
Swords Village,Fingal,783,200,21,29,232,259,42,0.037037037037037035,0.2962962962962963,0.05363984674329502,0.33077905491698595,0.2554278416347382,0.02681992337164751,0.3333333333333333
Swords-Forrest,Fingal,5103,1389,140,165,1679,1424,306,0.03233392122281011,0.32902214383695866,0.059964726631393295,0.2790515383107976,0.2721928277483833,0.027434842249657063,0.36135606505976875
Swords-Glasmore,Fingal,2616,703,74,89,770,824,156,0.034021406727828746,0.29434250764525993,0.05963302752293578,0.3149847094801223,0.2687308868501529,0.028287461773700305,0.3283639143730887
Swords-Lissenhall,Fingal,4133,899,97,148,1660,1092,237,0.035809339462859906,0.4016452939753206,0.05734333413984999,0.26421485603677713,0.21751754173723686,0.02346963464795548,0.4374546334381805
Swords-Seatown,Fingal,2981,841,75,105,885,904,171,0.035223079503522305,0.296880241529688,0.05736330090573633,0.3032539416303254,0.282120093928212,0.025159342502515933,0.33210332103321033
Tacumshin,Wexford,154,40,3,2,53,50,6,0.012987012987012988,0.34415584415584416,0.03896103896103896,0.3246753246753247,0.2597402597402597,0.01948051948051948,0.35714285714285715
Taghart,Cavan,198,52,5,3,69,59,10,0.015151515151515152,0.3484848484848485,0.050505050505050504,0.29797979797979796,0.26262626262626265,0.025252525252525252,0.36363636363636365
Taghboy,Galway County,91,28,0,1,25,33,4,0.01098901098901099,0.27472527472527475,0.04395604395604396,0.3626373626373626,0.3076923076923077,0.0,0.2857142857142857
Taghboy,Roscommon,165,52,3,4,55,42,9,0.024242424242424242,0.3333333333333333,0.05454545454545454,0.2545454545454545,0.3151515151515151,0.01818181818181818,0.3575757575757576
Tagheen,Mayo,81,19,3,0,18,34,7,0.0,0.2222222222222222,0.08641975308641975,0.41975308641975306,0.2345679012345679,0.037037037037037035,0.2222222222222222
Taghmaconnell,Roscommon,156,39,6,2,55,47,7,0.01282051282051282,0.3525641025641026,0.04487179487179487,0.30128205128205127,0.25,0.038461538461538464,0.36538461538461536
Taghmon,Westmeath,159,49,6,2,41,54,7,0.012578616352201259,0.2578616352201258,0.0440251572327044,0.33962264150943394,0.3081761006289308,0.03773584905660377,0.27044025157232704
Taghmon,Wexford,312,84,16,7,108,82,15,0.022435897435897436,0.34615384615384615,0.04807692307692308,0.26282051282051283,0.2692307692307692,0.05128205128205128,0.3685897435897436
Tahilla,Kerry,74,19,8,0,12,32,3,0.0,0.16216216216216217,0.04054054054054054,0.43243243243243246,0.25675675675675674,0.10810810810810811,0.16216216216216217
Tailtin,An Mhí,427,122,10,25,105,131,34,0.0585480093676815,0.2459016393442623,0.07962529274004684,0.30679156908665106,0.2857142857142857,0.0234192037470726,0.3044496487119438
Talbotstown,Wicklow,190,59,3,4,54,64,6,0.021052631578947368,0.28421052631578947,0.031578947368421054,0.3368421052631579,0.3105263157894737,0.015789473684210527,0.30526315789473685
Tallaght-Avonbeg,South Dublin,385,97,16,10,108,128,26,0.025974025974025976,0.2805194805194805,0.06753246753246753,0.33246753246753247,0.2519480519480519,0.04155844155844156,0.3064935064935065
Tallaght-Belgard,South Dublin,499,141,11,12,114,195,26,0.02404809619238477,0.22845691382765532,0.052104208416833664,0.3907815631262525,0.28256513026052105,0.022044088176352707,0.25250501002004005
Tallaght-Fettercairn,South Dublin,2606,510,96,55,1086,715,144,0.02110514198004605,0.4167306216423638,0.05525709900230238,0.2743668457405986,0.19570222563315426,0.03683806600153492,0.43783576362240983
Tallaght-Glenview,South Dublin,516,124,23,10,166,154,39,0.01937984496124031,0.32170542635658916,0.0755813953488372,0.29844961240310075,0.24031007751937986,0.044573643410852716,0.34108527131782945
Tallaght-Jobstown,South Dublin,4774,935,159,139,1984,1277,280,0.029116045245077504,0.4155844155844156,0.05865102639296188,0.26749057394218684,0.195852534562212,0.03330540427314621,0.4447004608294931
Tallaght-Killinardan,South Dublin,726,147,26,32,265,221,35,0.0440771349862259,0.3650137741046832,0.048209366391184574,0.3044077134986226,0.2024793388429752,0.03581267217630854,0.4090909090909091
Tallaght-Kilnamanagh,South Dublin,1135,344,48,27,294,381,41,0.02378854625550661,0.25903083700440527,0.03612334801762115,0.3356828193832599,0.3030837004405286,0.04229074889867841,0.2828193832599119
Tallaght-Kiltipper,South Dublin,2471,560,74,84,972,636,145,0.0339943342776204,0.3933630109267503,0.05868069607446378,0.2573856738162687,0.22662889518413598,0.029947389720760824,0.4273573452043707
Tallaght-Kingswood,South Dublin,1093,307,26,21,304,370,65,0.0192131747483989,0.27813357731015553,0.059469350411710885,0.33851784080512354,0.2808783165599268,0.023787740164684355,0.29734675205855443
Tallaght-Millbrook,South Dublin,1034,224,23,54,277,384,72,0.05222437137330754,0.2678916827852998,0.06963249516441006,0.3713733075435203,0.21663442940038685,0.022243713733075435,0.32011605415860733
Tallaght-Oldbawn,South Dublin,1381,383,35,64,361,465,73,0.04634322954380883,0.2614047791455467,0.05286024619840695,0.33671252715423605,0.277335264301231,0.025343953656770456,0.30774800868935553
Tallaght-Springfield,South Dublin,2219,509,84,71,782,667,106,0.03199639477242001,0.35241099594411895,0.047769265434880574,0.30058584948174855,0.22938260477692654,0.03785488958990536,0.38440739071653895
Tallaght-Tymon,South Dublin,1349,332,41,39,386,476,75,0.028910303928836176,0.2861378799110452,0.05559673832468495,0.35285396590066714,0.24610822831727205,0.03039288361749444,0.31504818383988137
Tallanstown,Louth,307,64,8,6,123,97,9,0.019543973941368076,0.4006514657980456,0.029315960912052116,0.31596091205211724,0.20846905537459284,0.026058631921824105,0.4201954397394137
Tallow,Waterford,485,137,11,10,143,162,22,0.020618556701030927,0.2948453608247423,0.04536082474226804,0.334020618556701,0.2824742268041237,0.02268041237113402,0.3154639175257732
Tamhnaigh na Graí,Maigh Eo,151,44,1,1,38,58,9,0.006622516556291391,0.25165562913907286,0.059602649006622516,0.3841059602649007,0.2913907284768212,0.006622516556291391,0.2582781456953642
Tankardstown,Carlow,187,48,6,2,54,62,15,0.0106951871657754,0.2887700534759358,0.08021390374331551,0.3315508021390374,0.25668449197860965,0.03208556149732621,0.2994652406417112
Tankardstown,Laois,196,52,4,5,78,46,11,0.025510204081632654,0.3979591836734694,0.05612244897959184,0.23469387755102042,0.2653061224489796,0.02040816326530612,0.42346938775510207
Tantallon,Donegal,610,140,11,15,194,209,41,0.02459016393442623,0.3180327868852459,0.06721311475409836,0.34262295081967215,0.22950819672131148,0.018032786885245903,0.34262295081967215
Tara,Meath,591,166,24,13,151,200,37,0.021996615905245348,0.25549915397631134,0.06260575296108291,0.338409475465313,0.2808798646362098,0.04060913705583756,0.27749576988155666
Tarbert,Kerry,313,71,7,6,74,136,19,0.019169329073482427,0.2364217252396166,0.06070287539936102,0.43450479233226835,0.2268370607028754,0.022364217252396165,0.25559105431309903
Tarmon,Kerry,204,45,2,4,49,94,10,0.0196078431372549,0.24019607843137256,0.049019607843137254,0.46078431372549017,0.22058823529411764,0.00980392156862745,0.25980392156862747
Tawnawully,Donegal,142,37,3,6,49,43,4,0.04225352112676056,0.34507042253521125,0.028169014084507043,0.3028169014084507,0.2605633802816901,0.02112676056338028,0.3873239436619718
Taylors Hill,Galway City,1352,230,24,100,319,528,151,0.07396449704142012,0.2359467455621302,0.11168639053254438,0.3905325443786982,0.17011834319526628,0.01775147928994083,0.3099112426035503
Teadies,Cork County,454,110,11,6,133,177,17,0.013215859030837005,0.29295154185022027,0.037444933920704845,0.3898678414096916,0.2422907488986784,0.024229074889867842,0.30616740088105726
Tedavnet,Monaghan,460,82,8,20,161,163,26,0.043478260869565216,0.35,0.05652173913043478,0.35434782608695653,0.1782608695652174,0.017391304347826087,0.3934782608695652
Teerelton,Cork County,300,79,2,5,90,105,19,0.016666666666666666,0.3,0.06333333333333334,0.35,0.2633333333333333,0.006666666666666667,0.31666666666666665
Tehallan,Monaghan,357,86,10,12,122,105,22,0.03361344537815126,0.34173669467787116,0.06162464985994398,0.29411764705882354,0.24089635854341737,0.028011204481792718,0.3753501400560224
Temple,Sligo,168,44,4,3,53,54,10,0.017857142857142856,0.31547619047619047,0.05952380952380952,0.32142857142857145,0.2619047619047619,0.023809523809523808,0.3333333333333333
Templebodan,Cork County,325,91,7,8,99,105,15,0.024615384615384615,0.3046153846153846,0.046153846153846156,0.3230769230769231,0.28,0.021538461538461538,0.3292307692307692
Templeboy North,Sligo,121,37,1,5,36,37,5,0.04132231404958678,0.2975206611570248,0.04132231404958678,0.30578512396694213,0.30578512396694213,0.008264462809917356,0.33884297520661155
Templeboy South/Mullagheruse,Sligo,104,36,4,1,25,31,7,0.009615384615384616,0.2403846153846154,0.0673076923076923,0.2980769230769231,0.34615384615384615,0.038461538461538464,0.25
Templebredon,Limerick,279,85,9,9,76,81,19,0.03225806451612903,0.2724014336917563,0.06810035842293907,0.2903225806451613,0.3046594982078853,0.03225806451612903,0.3046594982078853
Templebreedy,Cork County,1964,573,35,38,555,658,105,0.019348268839103868,0.28258655804480654,0.053462321792260695,0.335030549898167,0.29175152749490835,0.017820773930753563,0.3019348268839104
Templecarn,Donegal,19,7,2,0,4,6,0,0.0,0.21052631578947367,0.0,0.3157894736842105,0.3684210526315789,0.10526315789473684,0.21052631578947367
Templederry,Tipperary,43,17,1,0,9,15,1,0.0,0.20930232558139536,0.023255813953488372,0.3488372093023256,0.3953488372093023,0.023255813953488372,0.20930232558139536
Templedouglas,Donegal,426,80,5,32,148,125,36,0.07511737089201878,0.3474178403755869,0.08450704225352113,0.2934272300469484,0.18779342723004694,0.011737089201877934,0.4225352112676056
Templeglentan,Limerick,404,109,13,10,111,149,12,0.024752475247524754,0.2747524752475248,0.0297029702970297,0.3688118811881188,0.2698019801980198,0.03217821782178218,0.2995049504950495
Templeharry,Offaly,80,18,1,2,27,28,4,0.025,0.3375,0.05,0.35,0.225,0.0125,0.3625
Templeludigan,Wexford,207,58,2,5,71,55,16,0.024154589371980676,0.34299516908212563,0.07729468599033816,0.26570048309178745,0.28019323671497587,0.00966183574879227,0.3671497584541063
Templemaley,Clare,725,200,8,24,207,242,44,0.03310344827586207,0.28551724137931034,0.060689655172413794,0.33379310344827584,0.27586206896551724,0.011034482758620689,0.31862068965517243
Templemartin,Cork County,434,119,4,13,160,114,24,0.029953917050691243,0.3686635944700461,0.055299539170506916,0.2626728110599078,0.27419354838709675,0.009216589861751152,0.3986175115207373
Templemary,Cork County,154,45,1,9,40,52,7,0.05844155844155844,0.2597402597402597,0.045454545454545456,0.33766233766233766,0.2922077922077922,0.006493506493506494,0.3181818181818182
Templemichael,Cork County,413,113,11,11,115,135,28,0.026634382566585957,0.2784503631961259,0.06779661016949153,0.3268765133171913,0.2736077481840194,0.026634382566585957,0.3050847457627119
Templemichael,Waterford,171,38,4,1,59,55,14,0.005847953216374269,0.34502923976608185,0.08187134502923976,0.3216374269005848,0.2222222222222222,0.023391812865497075,0.3508771929824561
Templemolaga,Cork County,140,45,2,1,40,47,5,0.007142857142857143,0.2857142857142857,0.03571428571428571,0.3357142857142857,0.32142857142857145,0.014285714285714285,0.29285714285714287
Templemore,Tipperary,800,248,23,8,190,302,29,0.01,0.2375,0.03625,0.3775,0.31,0.02875,0.2475
Templenacarriga,Cork County,279,86,7,9,66,106,5,0.03225806451612903,0.23655913978494625,0.017921146953405017,0.37992831541218636,0.30824372759856633,0.025089605734767026,0.26881720430107525
Templeneiry,Tipperary,192,62,7,2,59,55,7,0.010416666666666666,0.3072916666666667,0.036458333333333336,0.2864583333333333,0.3229166666666667,0.036458333333333336,0.3177083333333333
Templeogue Village,South Dublin,1116,349,26,30,291,371,49,0.026881720430107527,0.260752688172043,0.04390681003584229,0.3324372759856631,0.31272401433691754,0.023297491039426525,0.28763440860215056
Templeogue-Cypress,South Dublin,1307,359,25,43,321,478,81,0.03289977046671767,0.24560061208875286,0.06197398622800306,0.3657230298393267,0.2746748278500383,0.019127773527161437,0.27850038255547055
Templeogue-Kimmage Manor,South Dublin,2412,704,54,64,617,831,142,0.026533996683250415,0.255804311774461,0.05887230514096186,0.3445273631840796,0.29187396351575456,0.022388059701492536,0.28233830845771146
Templeogue-Limekiln,South Dublin,1349,412,35,38,307,491,66,0.028169014084507043,0.22757598220904374,0.04892512972572276,0.36397331356560414,0.30541141586360265,0.025945144551519646,0.2557449962935508
Templeogue-Orwell,South Dublin,922,280,26,23,215,342,36,0.024945770065075923,0.23318872017353579,0.039045553145336226,0.37093275488069416,0.3036876355748373,0.028199566160520606,0.25813449023861174
Templeogue-Osprey,South Dublin,1001,296,25,25,203,400,52,0.024975024975024976,0.20279720279720279,0.05194805194805195,0.3996003996003996,0.2957042957042957,0.024975024975024976,0.22777222777222778
Templeomalus,Cork County,375,95,11,9,112,115,33,0.024,0.2986666666666667,0.088,0.30666666666666664,0.25333333333333335,0.029333333333333333,0.32266666666666666
Templeorum,Kilkenny,225,65,11,5,63,70,11,0.022222222222222223,0.28,0.04888888888888889,0.3111111111111111,0.28888888888888886,0.04888888888888889,0.3022222222222222
Templepatrick,Westmeath,72,16,1,1,21,31,2,0.013888888888888888,0.2916666666666667,0.027777777777777776,0.4305555555555556,0.2222222222222222,0.013888888888888888,0.3055555555555556
Templepeter,Carlow,174,54,5,1,54,53,7,0.005747126436781609,0.3103448275862069,0.040229885057471264,0.3045977011494253,0.3103448275862069,0.028735632183908046,0.3160919540229885
Templeport,Cavan,93,36,4,1,19,31,2,0.010752688172043012,0.20430107526881722,0.021505376344086023,0.3333333333333333,0.3870967741935484,0.043010752688172046,0.21505376344086022
Templetogher,Galway County,185,71,4,2,37,56,15,0.010810810810810811,0.2,0.08108108108108109,0.3027027027027027,0.3837837837837838,0.021621621621621623,0.21081081081081082
Templetouhy,Tipperary,335,114,12,3,66,124,16,0.008955223880597015,0.19701492537313434,0.04776119402985075,0.3701492537313433,0.3402985074626866,0.03582089552238806,0.20597014925373133
Templetown,Wexford,257,64,12,6,62,95,18,0.023346303501945526,0.24124513618677043,0.07003891050583658,0.36964980544747084,0.2490272373540856,0.04669260700389105,0.26459143968871596
Templevanny,Sligo,99,17,3,1,41,31,6,0.010101010101010102,0.41414141414141414,0.06060606060606061,0.31313131313131315,0.1717171717171717,0.030303030303030304,0.42424242424242425
Terenure A,Dublin City,1750,442,41,74,425,617,151,0.04228571428571429,0.24285714285714285,0.08628571428571429,0.3525714285714286,0.25257142857142856,0.023428571428571427,0.28514285714285714
Terenure B,Dublin City,1674,493,28,76,385,587,105,0.04540023894862605,0.22998805256869773,0.06272401433691756,0.35065710872162487,0.2945041816009558,0.016726403823178016,0.2753882915173238
Terenure C,Dublin City,1000,276,20,38,232,364,70,0.038,0.232,0.07,0.364,0.276,0.02,0.27
Terenure D,Dublin City,412,131,8,12,95,147,19,0.02912621359223301,0.23058252427184467,0.04611650485436893,0.3567961165048544,0.3179611650485437,0.019417475728155338,0.25970873786407767
Terenure-Cherryfield,South Dublin,703,193,27,25,175,229,54,0.03556187766714083,0.24893314366998578,0.07681365576102418,0.32574679943101,0.27453769559032715,0.03840682788051209,0.2844950213371266
Terenure-Greentrees,South Dublin,1205,307,25,41,304,438,90,0.03402489626556016,0.25228215767634854,0.07468879668049792,0.3634854771784232,0.25477178423236513,0.02074688796680498,0.2863070539419087
Terenure-St. James,South Dublin,734,214,32,20,170,258,40,0.027247956403269755,0.23160762942779292,0.05449591280653951,0.35149863760217986,0.29155313351498635,0.043596730245231606,0.25885558583106266
Termon,Cavan,210,53,2,3,84,53,15,0.014285714285714285,0.4,0.07142857142857142,0.2523809523809524,0.2523809523809524,0.009523809523809525,0.4142857142857143
Termonbarry,Roscommon,351,104,7,6,107,114,13,0.017094017094017096,0.30484330484330485,0.037037037037037035,0.3247863247863248,0.2962962962962963,0.019943019943019943,0.32193732193732194
Termonfeckin,Louth,1603,425,39,34,542,494,69,0.021210230817217717,0.33811603243917654,0.043044291952588895,0.30817217716781037,0.26512788521522146,0.024329382407985028,0.3593262632563943
Terryglass,Tipperary,258,64,7,5,71,98,13,0.01937984496124031,0.2751937984496124,0.050387596899224806,0.3798449612403101,0.24806201550387597,0.027131782945736434,0.29457364341085274
The Glen,Waterford,117,39,5,4,29,37,3,0.03418803418803419,0.24786324786324787,0.02564102564102564,0.3162393162393162,0.3333333333333333,0.042735042735042736,0.28205128205128205
The Glen A,Cork City,552,147,27,7,130,215,26,0.012681159420289856,0.23550724637681159,0.04710144927536232,0.3894927536231884,0.266304347826087,0.04891304347826087,0.24818840579710144
The Glen B,Cork City,1165,361,34,25,286,408,51,0.02145922746781116,0.24549356223175967,0.04377682403433476,0.3502145922746781,0.3098712446351931,0.029184549356223177,0.2669527896995708
The Grange,Wicklow,168,47,4,1,63,42,11,0.005952380952380952,0.375,0.06547619047619048,0.25,0.27976190476190477,0.023809523809523808,0.38095238095238093
The Harrow,Wexford,184,48,7,1,65,57,6,0.005434782608695652,0.3532608695652174,0.03260869565217391,0.30978260869565216,0.2608695652173913,0.03804347826086957,0.358695652173913
The Leap,Wexford,400,109,10,5,135,122,19,0.0125,0.3375,0.0475,0.305,0.2725,0.025,0.35
The Lough,Cork City,628,209,16,30,63,268,42,0.04777070063694268,0.10031847133757962,0.06687898089171974,0.4267515923566879,0.3328025477707006,0.025477707006369428,0.1480891719745223
The Rower,Kilkenny,416,109,5,7,149,126,20,0.016826923076923076,0.3581730769230769,0.04807692307692308,0.30288461538461536,0.2620192307692308,0.01201923076923077,0.375
The Ward,Fingal,3558,568,79,103,1779,808,221,0.02894884766722878,0.5,0.06211354693648117,0.2270938729623384,0.15964024732996066,0.022203485103991005,0.5289488476672288
Thomastown,Kildare,413,97,4,21,156,119,16,0.05084745762711865,0.37772397094430993,0.0387409200968523,0.288135593220339,0.23486682808716708,0.009685230024213076,0.42857142857142855
Thomastown,Kilkenny,897,224,24,21,290,298,40,0.023411371237458192,0.3232998885172798,0.044593088071348944,0.33221850613154963,0.24972129319955408,0.026755852842809364,0.346711259754738
Thomastown,Roscommon,371,136,5,3,87,119,21,0.008086253369272238,0.23450134770889489,0.05660377358490566,0.32075471698113206,0.3665768194070081,0.013477088948787063,0.24258760107816713
Thomastown,Tipperary,145,43,4,1,45,52,0,0.006896551724137931,0.3103448275862069,0.0,0.3586206896551724,0.296551724137931,0.027586206896551724,0.31724137931034485
Three Trees,Donegal,193,45,4,8,72,52,12,0.04145077720207254,0.37305699481865284,0.06217616580310881,0.2694300518134715,0.23316062176165803,0.02072538860103627,0.41450777202072536
Thurles Rural,Tipperary,1113,316,13,25,322,360,77,0.022461814914645103,0.2893081761006289,0.06918238993710692,0.32345013477088946,0.2839173405211141,0.011680143755615454,0.31176999101527403
Thurles Urban,Tipperary,2742,692,87,85,738,991,149,0.03099927060539752,0.26914660831509846,0.054339897884755656,0.3614150255288111,0.2523705324580598,0.03172866520787746,0.300145878920496
Tiaquin,Galway County,397,91,7,12,144,123,20,0.030226700251889168,0.36272040302267,0.05037783375314862,0.30982367758186397,0.22921914357682618,0.017632241813602016,0.3929471032745592
Tibradden,Dún Laoghaire-Rathdown,371,88,8,22,103,121,29,0.05929919137466307,0.2776280323450135,0.07816711590296496,0.3261455525606469,0.2371967654986523,0.0215633423180593,0.33692722371967654
Ticor North,Waterford,705,197,28,16,148,285,31,0.02269503546099291,0.2099290780141844,0.04397163120567376,0.40425531914893614,0.2794326241134752,0.03971631205673759,0.2326241134751773
Ticor South,Waterford,150,56,5,2,24,57,6,0.013333333333333334,0.16,0.04,0.38,0.37333333333333335,0.03333333333333333,0.17333333333333334
Tieveskeelta,Donegal,37,8,0,1,12,14,2,0.02702702702702703,0.32432432432432434,0.05405405405405406,0.3783783783783784,0.21621621621621623,0.0,0.35135135135135137
Tiknock,Carlow,133,40,1,1,48,39,4,0.007518796992481203,0.3609022556390977,0.03007518796992481,0.2932330827067669,0.3007518796992481,0.007518796992481203,0.3684210526315789
Timahoe,Laois,272,64,4,9,86,95,14,0.03308823529411765,0.3161764705882353,0.051470588235294115,0.3492647058823529,0.23529411764705882,0.014705882352941176,0.3492647058823529
Timahoe North,Kildare,544,167,11,16,160,163,27,0.029411764705882353,0.29411764705882354,0.04963235294117647,0.29963235294117646,0.3069852941176471,0.02022058823529412,0.3235294117647059
Timahoe South,Kildare,324,86,12,4,115,92,15,0.012345679012345678,0.3549382716049383,0.046296296296296294,0.2839506172839506,0.2654320987654321,0.037037037037037035,0.36728395061728397
Timogue,Laois,158,37,4,0,51,60,6,0.0,0.3227848101265823,0.0379746835443038,0.379746835443038,0.23417721518987342,0.02531645569620253,0.3227848101265823
Timoleague,Cork County,324,61,10,14,104,117,18,0.043209876543209874,0.32098765432098764,0.05555555555555555,0.3611111111111111,0.1882716049382716,0.030864197530864196,0.36419753086419754
Timoney,Tipperary,132,33,1,0,38,53,7,0.0,0.2878787878787879,0.05303030303030303,0.4015151515151515,0.25,0.007575757575757576,0.2878787878787879
Tinahely,Wicklow,566,155,20,13,189,159,30,0.022968197879858657,0.3339222614840989,0.053003533568904596,0.28091872791519434,0.27385159010600707,0.0353356890459364,0.3568904593639576
Tinamuck,Offaly,110,28,0,4,34,34,10,0.03636363636363636,0.3090909090909091,0.09090909090909091,0.3090909090909091,0.2545454545454545,0.0,0.34545454545454546
Tincoora,Cork County,198,52,2,0,79,50,15,0.0,0.398989898989899,0.07575757575757576,0.25252525252525254,0.26262626262626265,0.010101010101010102,0.398989898989899
Tinnacross,Wexford,399,108,15,9,125,121,21,0.022556390977443608,0.3132832080200501,0.05263157894736842,0.3032581453634085,0.2706766917293233,0.03759398496240601,0.3358395989974937
Tinnahinch,Carlow,246,70,7,4,66,86,13,0.016260162601626018,0.2682926829268293,0.052845528455284556,0.34959349593495936,0.2845528455284553,0.028455284552845527,0.2845528455284553
Tinnahinch,Laois,66,19,1,0,18,27,1,0.0,0.2727272727272727,0.015151515151515152,0.4090909090909091,0.2878787878787879,0.015151515151515152,0.2727272727272727
Tinnasaggart,Waterford,40,11,3,0,17,9,0,0.0,0.425,0.0,0.225,0.275,0.075,0.425
Tinnycross,Offaly,210,50,0,4,70,71,15,0.01904761904761905,0.3333333333333333,0.07142857142857142,0.3380952380952381,0.23809523809523808,0.0,0.3523809523809524
Tintern,Wexford,630,158,10,13,204,202,43,0.020634920634920634,0.3238095238095238,0.06825396825396825,0.32063492063492066,0.2507936507936508,0.015873015873015872,0.34444444444444444
Tipperary East Urban,Tipperary,767,218,19,23,212,243,52,0.02998696219035202,0.27640156453715775,0.06779661016949153,0.31681877444589307,0.2842242503259452,0.024771838331160364,0.30638852672750977
Tipperary Rural,Tipperary,919,279,18,26,254,297,45,0.028291621327529923,0.2763873775843308,0.04896626768226333,0.32317736670293795,0.30359085963003263,0.01958650707290533,0.30467899891186073
Tipperary West Urban,Tipperary,698,183,15,9,196,260,35,0.012893982808022923,0.2808022922636103,0.050143266475644696,0.37249283667621774,0.2621776504297994,0.02148997134670487,0.29369627507163326
Tiranascragh,Galway County,73,26,1,0,21,22,3,0.0,0.2876712328767123,0.0410958904109589,0.3013698630136986,0.3561643835616438,0.0136986301369863,0.2876712328767123
Tiscoffin,Kilkenny,228,60,6,2,74,72,14,0.008771929824561403,0.32456140350877194,0.06140350877192982,0.3157894736842105,0.2631578947368421,0.02631578947368421,0.3333333333333333
Tivannagh,Roscommon,118,47,1,5,26,34,5,0.0423728813559322,0.22033898305084745,0.0423728813559322,0.288135593220339,0.3983050847457627,0.00847457627118644,0.2627118644067797
Tivoli A,Cork City,624,164,9,20,116,274,41,0.03205128205128205,0.1858974358974359,0.06570512820512821,0.4391025641025641,0.26282051282051283,0.014423076923076924,0.21794871794871795
Tivoli B,Cork City,1024,249,19,38,319,339,60,0.037109375,0.3115234375,0.05859375,0.3310546875,0.2431640625,0.0185546875,0.3486328125
Tober,Wicklow,253,75,3,3,77,80,15,0.011857707509881422,0.30434782608695654,0.05928853754940711,0.31620553359683795,0.2964426877470356,0.011857707509881422,0.31620553359683795
Toberadosh,Galway County,160,47,5,1,51,50,6,0.00625,0.31875,0.0375,0.3125,0.29375,0.03125,0.325
Toberbreeda,Clare,94,25,4,0,33,27,5,0.0,0.35106382978723405,0.05319148936170213,0.2872340425531915,0.26595744680851063,0.0425531914893617,0.35106382978723405
Tobercurry,Sligo,1080,243,27,17,362,361,70,0.01574074074074074,0.3351851851851852,0.06481481481481481,0.33425925925925926,0.225,0.025,0.3509259259259259
Tobernea,Limerick,339,102,8,6,107,100,16,0.017699115044247787,0.31563421828908556,0.0471976401179941,0.2949852507374631,0.3008849557522124,0.02359882005899705,0.3333333333333333
Toberpatrick East,Sligo,101,27,2,1,20,40,11,0.009900990099009901,0.19801980198019803,0.10891089108910891,0.39603960396039606,0.26732673267326734,0.019801980198019802,0.2079207920792079
Toberpatrick West,Sligo,167,49,3,5,41,59,10,0.029940119760479042,0.24550898203592814,0.059880239520958084,0.3532934131736527,0.2934131736526946,0.017964071856287425,0.2754491017964072
Toberroe,Galway County,112,30,2,6,29,40,5,0.05357142857142857,0.25892857142857145,0.044642857142857144,0.35714285714285715,0.26785714285714285,0.017857142857142856,0.3125
Togher,"Wicklow, 257073",149,34,0,10,52,45,8,0.06711409395973154,0.348993288590604,0.053691275167785234,0.30201342281879195,0.22818791946308725,0.0,0.4161073825503356
Togher,"Wicklow, 257074",517,124,7,15,196,150,25,0.029013539651837523,0.379110251450677,0.048355899419729204,0.2901353965183752,0.23984526112185686,0.013539651837524178,0.4081237911025145
Togher A,Cork City,715,212,24,14,191,232,42,0.019580419580419582,0.26713286713286716,0.05874125874125874,0.32447552447552447,0.2965034965034965,0.033566433566433566,0.2867132867132867
Togher B,Cork City,226,72,4,4,40,94,12,0.017699115044247787,0.17699115044247787,0.05309734513274336,0.415929203539823,0.3185840707964602,0.017699115044247787,0.19469026548672566
Toghroinn Fhíonáin,Ciarraí,120,21,3,25,26,36,9,0.20833333333333334,0.21666666666666667,0.075,0.3,0.175,0.025,0.425
Toghroinn San Niocláis,Cathair na Gaillimhe,895,233,26,75,59,398,104,0.08379888268156424,0.0659217877094972,0.11620111731843576,0.4446927374301676,0.26033519553072626,0.02905027932960894,0.14972067039106146
Tombrack,Wexford,310,67,12,6,119,88,18,0.01935483870967742,0.38387096774193546,0.05806451612903226,0.2838709677419355,0.2161290322580645,0.03870967741935484,0.4032258064516129
Tomfinlough,Clare,379,123,8,4,117,116,11,0.010554089709762533,0.3087071240105541,0.029023746701846966,0.30606860158311344,0.3245382585751979,0.021108179419525065,0.31926121372031663
Tomhaggard,Wexford,160,51,5,1,47,51,5,0.00625,0.29375,0.03125,0.31875,0.31875,0.03125,0.3
Toocananagh,Mayo,179,44,5,4,41,75,10,0.0223463687150838,0.22905027932960895,0.055865921787709494,0.41899441340782123,0.24581005586592178,0.027932960893854747,0.25139664804469275
Toomore,Mayo,663,163,19,27,185,235,34,0.04072398190045249,0.2790346907993967,0.05128205128205128,0.35444947209653094,0.2458521870286576,0.02865761689291101,0.31975867269984914
Toomour,Sligo,86,21,3,0,22,34,6,0.0,0.2558139534883721,0.06976744186046512,0.3953488372093023,0.2441860465116279,0.03488372093023256,0.2558139534883721
Toormore,Cork County,58,12,3,0,17,24,2,0.0,0.29310344827586204,0.034482758620689655,0.41379310344827586,0.20689655172413793,0.05172413793103448,0.29310344827586204
Tralee Rural,Kerry,6803,1529,175,236,1856,2540,467,0.03469057768631486,0.27282081434661176,0.06864618550639424,0.37336469204762607,0.22475378509481111,0.02572394531824195,0.30751139203292666
Tralee Urban,Kerry,1275,358,49,45,245,514,64,0.03529411764705882,0.19215686274509805,0.05019607843137255,0.4031372549019608,0.2807843137254902,0.038431372549019606,0.22745098039215686
Tramore,Waterford,3978,1035,90,102,1233,1262,256,0.02564102564102564,0.30995475113122173,0.06435394670688788,0.31724484665661135,0.26018099547511314,0.02262443438914027,0.33559577677224733
Tramore A,Cork City,307,76,10,8,59,135,19,0.026058631921824105,0.19218241042345277,0.06188925081433225,0.43973941368078173,0.247557003257329,0.03257328990228013,0.2182410423452769
Tramore B,Cork City,575,135,13,19,158,219,31,0.03304347826086956,0.2747826086956522,0.05391304347826087,0.3808695652173913,0.23478260869565218,0.022608695652173914,0.30782608695652175
Tramore C,Cork City,1280,354,25,44,300,456,101,0.034375,0.234375,0.07890625,0.35625,0.2765625,0.01953125,0.26875
Treantaghmucklagh,Donegal,228,47,1,4,93,63,20,0.017543859649122806,0.40789473684210525,0.08771929824561403,0.27631578947368424,0.20614035087719298,0.0043859649122807015,0.42543859649122806
Trian Iarthach,"Ciarraí, 077159",123,21,5,7,26,53,11,0.056910569105691054,0.21138211382113822,0.08943089430894309,0.43089430894308944,0.17073170731707318,0.04065040650406504,0.2682926829268293
Trienearagh,Kerry,173,38,4,2,64,54,11,0.011560693641618497,0.3699421965317919,0.06358381502890173,0.31213872832369943,0.21965317919075145,0.023121387283236993,0.3815028901734104
Trim Rural,Meath,3459,821,66,141,1162,1063,206,0.040763226366001735,0.33593524139924835,0.059554784619832324,0.3073142526741833,0.23735183579069094,0.019080659150043366,0.37669846776525007
Trim Urban,Meath,366,100,18,20,81,130,17,0.0546448087431694,0.22131147540983606,0.04644808743169399,0.3551912568306011,0.273224043715847,0.04918032786885246,0.27595628415300544
Trohanny,Meath,127,30,4,1,44,41,7,0.007874015748031496,0.3464566929133858,0.05511811023622047,0.3228346456692913,0.23622047244094488,0.031496062992125984,0.3543307086614173
Trooperstown,Wicklow,147,43,2,3,52,42,5,0.02040816326530612,0.35374149659863946,0.034013605442176874,0.2857142857142857,0.2925170068027211,0.013605442176870748,0.3741496598639456
Trumra,Laois,137,30,2,1,56,37,11,0.0072992700729927005,0.40875912408759124,0.08029197080291971,0.27007299270072993,0.21897810218978103,0.014598540145985401,0.41605839416058393
Tuam,Cavan,124,39,4,1,28,40,12,0.008064516129032258,0.22580645161290322,0.0967741935483871,0.3225806451612903,0.31451612903225806,0.03225806451612903,0.23387096774193547
Tuam Rural,Galway County,2257,483,45,72,794,713,150,0.03190075321222862,0.35179441736818784,0.0664599025254763,0.31590607000443066,0.21400088613203366,0.01993797075764289,0.38369517058041647
Tuam Urban,Galway County,1167,263,42,38,300,456,68,0.032562125107112254,0.2570694087403599,0.05826906598114824,0.390745501285347,0.22536418166238217,0.03598971722365039,0.28963153384747214
Tubbrid,Kilkenny,214,52,5,5,73,74,5,0.02336448598130841,0.3411214953271028,0.02336448598130841,0.34579439252336447,0.24299065420560748,0.02336448598130841,0.3644859813084112
Tubbrid,Tipperary,228,50,4,4,82,73,15,0.017543859649122806,0.35964912280701755,0.06578947368421052,0.3201754385964912,0.21929824561403508,0.017543859649122806,0.37719298245614036
Tubbridbrittain,Kilkenny,116,33,2,2,26,47,6,0.017241379310344827,0.22413793103448276,0.05172413793103448,0.4051724137931034,0.28448275862068967,0.017241379310344827,0.2413793103448276
Tubbrit,Westmeath,269,57,12,5,84,99,12,0.01858736059479554,0.31226765799256506,0.04460966542750929,0.3680297397769517,0.21189591078066913,0.04460966542750929,0.3308550185873606
Tubrid,Kerry,302,85,3,2,91,93,28,0.006622516556291391,0.30132450331125826,0.09271523178807947,0.3079470198675497,0.2814569536423841,0.009933774834437087,0.3079470198675497
Tuckmill,Wicklow,133,43,5,1,42,36,6,0.007518796992481203,0.3157894736842105,0.045112781954887216,0.2706766917293233,0.3233082706766917,0.03759398496240601,0.3233082706766917
Tulaigh Mhic Aodháin,Gaillimh,1215,216,25,111,300,431,132,0.09135802469135802,0.24691358024691357,0.10864197530864197,0.35473251028806585,0.17777777777777778,0.0205761316872428,0.33827160493827163
Tulla,Clare,544,142,10,9,185,172,26,0.016544117647058824,0.3400735294117647,0.04779411764705882,0.3161764705882353,0.2610294117647059,0.01838235294117647,0.35661764705882354
Tulla,Offaly,45,20,0,0,12,12,1,0.0,0.26666666666666666,0.022222222222222223,0.26666666666666666,0.4444444444444444,0.0,0.26666666666666666
Tullagh,Cork County,364,96,6,13,98,123,28,0.03571428571428571,0.2692307692307692,0.07692307692307693,0.33791208791208793,0.26373626373626374,0.016483516483516484,0.30494505494505497
Tullaghan,Leitrim,303,72,6,9,95,103,18,0.0297029702970297,0.31353135313531355,0.0594059405940594,0.33993399339933994,0.2376237623762376,0.019801980198019802,0.3432343234323432
Tullaghan,Westmeath,222,63,6,1,66,76,10,0.0045045045045045045,0.2972972972972973,0.04504504504504504,0.34234234234234234,0.28378378378378377,0.02702702702702703,0.30180180180180183
Tullaghanbrogue,Kilkenny,251,55,2,7,98,72,17,0.027888446215139442,0.3904382470119522,0.06772908366533864,0.2868525896414343,0.21912350597609562,0.00796812749003984,0.41832669322709165
Tullaghmelan,Tipperary,492,122,7,8,173,145,37,0.016260162601626018,0.3516260162601626,0.07520325203252033,0.29471544715447157,0.24796747967479674,0.014227642276422764,0.3678861788617886
Tullaghorton,Tipperary,92,31,3,1,32,23,2,0.010869565217391304,0.34782608695652173,0.021739130434782608,0.25,0.33695652173913043,0.03260869565217391,0.358695652173913
Tullaherin,Kilkenny,116,31,1,2,43,33,6,0.017241379310344827,0.3706896551724138,0.05172413793103448,0.28448275862068967,0.2672413793103448,0.008620689655172414,0.3879310344827586
Tullahought,Kilkenny,102,20,2,2,25,44,9,0.0196078431372549,0.24509803921568626,0.08823529411764706,0.43137254901960786,0.19607843137254902,0.0196078431372549,0.2647058823529412
Tullamain,Tipperary,279,88,8,0,91,75,17,0.0,0.32616487455197135,0.06093189964157706,0.26881720430107525,0.3154121863799283,0.02867383512544803,0.32616487455197135
Tullamore Rural,Offaly,1231,274,20,25,511,330,71,0.020308692120227456,0.4151096669374492,0.057676685621445976,0.26807473598700243,0.22258326563769293,0.016246953696181964,0.4354183590576767
Tullamore Urban,Offaly,3495,919,86,101,1020,1193,176,0.028898426323319026,0.2918454935622318,0.050357653791130184,0.3413447782546495,0.26294706723891276,0.024606580829756794,0.3207439198855508
Tullaroan,Kilkenny,135,44,1,3,39,43,5,0.022222222222222223,0.28888888888888886,0.037037037037037035,0.31851851851851853,0.32592592592592595,0.007407407407407408,0.3111111111111111
Tullow Rural,Carlow,323,103,8,3,87,108,14,0.009287925696594427,0.2693498452012384,0.043343653250773995,0.33436532507739936,0.3188854489164087,0.02476780185758514,0.2786377708978328
Tullow Urban,Carlow,1200,305,36,24,427,338,70,0.02,0.35583333333333333,0.058333333333333334,0.2816666666666667,0.25416666666666665,0.03,0.37583333333333335
Tullowbeg,Carlow,189,54,6,0,67,55,7,0.0,0.3544973544973545,0.037037037037037035,0.291005291005291,0.2857142857142857,0.031746031746031744,0.3544973544973545
Tullycorbet,Monaghan,227,59,8,5,76,61,18,0.022026431718061675,0.33480176211453744,0.07929515418502203,0.2687224669603524,0.2599118942731278,0.03524229074889868,0.3568281938325991
Tullycreen,Clare,79,21,0,1,30,26,1,0.012658227848101266,0.379746835443038,0.012658227848101266,0.3291139240506329,0.26582278481012656,0.0,0.3924050632911392
Tullylease,Cork County,167,45,3,4,50,55,10,0.023952095808383235,0.2994011976047904,0.059880239520958084,0.32934131736526945,0.2694610778443114,0.017964071856287425,0.32335329341317365
Tullynaught,Donegal,232,56,7,2,90,71,6,0.008620689655172414,0.3879310344827586,0.02586206896551724,0.30603448275862066,0.2413793103448276,0.03017241379310345,0.39655172413793105
Tullyvin East,Cavan,210,43,8,7,89,52,11,0.03333333333333333,0.4238095238095238,0.05238095238095238,0.24761904761904763,0.20476190476190476,0.0380952380952381,0.45714285714285713
Tullyvin West,Cavan,125,42,3,0,37,32,11,0.0,0.296,0.088,0.256,0.336,0.024,0.296
Tulsk,Roscommon,126,37,2,0,52,32,3,0.0,0.4126984126984127,0.023809523809523808,0.25396825396825395,0.29365079365079366,0.015873015873015872,0.4126984126984127
Tumgesh,Mayo,126,25,1,4,49,39,8,0.031746031746031744,0.3888888888888889,0.06349206349206349,0.30952380952380953,0.1984126984126984,0.007936507936507936,0.42063492063492064
Tumna North,Roscommon,67,21,1,0,15,29,1,0.0,0.22388059701492538,0.014925373134328358,0.43283582089552236,0.31343283582089554,0.014925373134328358,0.22388059701492538
Tumna South,Roscommon,95,19,7,1,23,38,7,0.010526315789473684,0.24210526315789474,0.07368421052631578,0.4,0.2,0.07368421052631578,0.25263157894736843
Turlough,Mayo,736,164,16,21,203,278,54,0.028532608695652172,0.2758152173913043,0.07336956521739131,0.37771739130434784,0.22282608695652173,0.021739130434782608,0.30434782608695654
Turmone,Donegal,69,25,1,0,17,20,6,0.0,0.2463768115942029,0.08695652173913043,0.2898550724637681,0.36231884057971014,0.014492753623188406,0.2463768115942029
Turnapin,Fingal,592,153,6,27,164,206,36,0.04560810810810811,0.27702702702702703,0.060810810810810814,0.34797297297297297,0.25844594594594594,0.010135135135135136,0.32263513513513514
Turner's Cross A,Cork City,288,84,3,9,49,123,20,0.03125,0.1701388888888889,0.06944444444444445,0.4270833333333333,0.2916666666666667,0.010416666666666666,0.2013888888888889
Turner's Cross B,Cork City,473,135,8,21,81,204,24,0.04439746300211417,0.17124735729386892,0.0507399577167019,0.4312896405919662,0.2854122621564482,0.016913319238900635,0.2156448202959831
Turner's Cross C,Cork City,295,87,10,4,66,104,24,0.013559322033898305,0.22372881355932203,0.08135593220338982,0.3525423728813559,0.29491525423728815,0.03389830508474576,0.23728813559322035
Turner's Cross D,Cork City,206,57,14,14,36,74,11,0.06796116504854369,0.17475728155339806,0.05339805825242718,0.3592233009708738,0.2766990291262136,0.06796116504854369,0.24271844660194175
Turra,Laois,147,46,4,0,43,45,9,0.0,0.2925170068027211,0.061224489795918366,0.30612244897959184,0.3129251700680272,0.027210884353741496,0.2925170068027211
Turrock,Roscommon,125,47,2,1,26,41,8,0.008,0.208,0.064,0.328,0.376,0.016,0.216
Two-Mile-Borris,Tipperary,340,103,10,10,99,98,20,0.029411764705882353,0.2911764705882353,0.058823529411764705,0.28823529411764703,0.3029411764705882,0.029411764705882353,0.3205882352941177
Tynagh,Galway County,193,51,1,1,65,62,13,0.0051813471502590676,0.33678756476683935,0.06735751295336788,0.32124352331606215,0.26424870466321243,0.0051813471502590676,0.34196891191709844
Ullard,Kilkenny,102,30,3,1,37,30,1,0.00980392156862745,0.3627450980392157,0.00980392156862745,0.29411764705882354,0.29411764705882354,0.029411764705882353,0.37254901960784315
Ullid,Kilkenny,390,111,19,9,95,135,21,0.023076923076923078,0.24358974358974358,0.05384615384615385,0.34615384615384615,0.2846153846153846,0.04871794871794872,0.26666666666666666
Umma,Westmeath,128,38,2,3,37,39,9,0.0234375,0.2890625,0.0703125,0.3046875,0.296875,0.015625,0.3125
Upperchurch,Tipperary,163,40,5,1,49,60,8,0.006134969325153374,0.3006134969325153,0.049079754601226995,0.36809815950920244,0.24539877300613497,0.03067484662576687,0.3067484662576687
Uregare,Limerick,281,79,2,1,99,82,18,0.0035587188612099642,0.35231316725978645,0.06405693950177936,0.2918149466192171,0.28113879003558717,0.0071174377224199285,0.35587188612099646
Urlan,Clare,449,126,8,6,135,153,21,0.013363028953229399,0.30066815144766146,0.0467706013363029,0.34075723830734966,0.2806236080178174,0.017817371937639197,0.31403118040089084
Urlaur,Mayo,199,65,3,1,38,75,17,0.005025125628140704,0.19095477386934673,0.08542713567839195,0.3768844221105528,0.32663316582914576,0.01507537688442211,0.19597989949748743
Urlee,Kerry,141,44,5,1,43,45,3,0.0070921985815602835,0.3049645390070922,0.02127659574468085,0.3191489361702128,0.3120567375886525,0.03546099290780142,0.3120567375886525
Urlingford,Kilkenny,460,100,15,14,180,133,18,0.030434782608695653,0.391304347826087,0.0391304347826087,0.2891304347826087,0.21739130434782608,0.03260869565217391,0.4217391304347826
Urney West,Donegal,153,40,7,6,51,41,8,0.0392156862745098,0.3333333333333333,0.05228758169934641,0.2679738562091503,0.26143790849673204,0.0457516339869281,0.37254901960784315
Ushers A,Dublin City,1121,348,35,35,117,516,70,0.031222123104371096,0.10437109723461195,0.06244424620874219,0.46030330062444247,0.31043710972346117,0.031222123104371096,0.13559322033898305
Ushers B,Dublin City,206,57,7,7,35,91,9,0.03398058252427184,0.16990291262135923,0.043689320388349516,0.441747572815534,0.2766990291262136,0.03398058252427184,0.20388349514563106
Ushers C,Dublin City,657,163,29,17,182,236,30,0.0258751902587519,0.2770167427701674,0.045662100456621,0.3592085235920852,0.2480974124809741,0.0441400304414003,0.3028919330289193
Ushers D,Dublin City,522,138,14,18,117,202,33,0.034482758620689655,0.22413793103448276,0.06321839080459771,0.38697318007662834,0.26436781609195403,0.02681992337164751,0.25862068965517243
Ushers E,Dublin City,437,99,21,21,101,161,34,0.04805491990846682,0.2311212814645309,0.07780320366132723,0.3684210526315789,0.22654462242562928,0.04805491990846682,0.2791762013729977
Ushers F,Dublin City,1069,278,36,67,154,463,71,0.0626753975678204,0.14405986903648269,0.06641721234798878,0.4331150608044902,0.2600561272217025,0.03367633302151544,0.20673526660430308
Usk,Kildare,218,68,1,3,73,64,9,0.013761467889908258,0.3348623853211009,0.04128440366972477,0.29357798165137616,0.3119266055045872,0.0045871559633027525,0.3486238532110092
Uskane,Tipperary,131,32,3,7,48,39,2,0.05343511450381679,0.366412213740458,0.015267175572519083,0.29770992366412213,0.24427480916030533,0.022900763358778626,0.4198473282442748
Valencia,Kerry,269,38,7,14,51,134,25,0.05204460966542751,0.1895910780669145,0.09293680297397769,0.49814126394052044,0.1412639405204461,0.026022304832713755,0.241635687732342
Vicarstown,Laois,88,28,0,2,21,33,4,0.022727272727272728,0.23863636363636365,0.045454545454545456,0.375,0.3181818181818182,0.0,0.26136363636363635
Virginia,Cavan,1716,482,41,26,576,484,107,0.015151515151515152,0.3356643356643357,0.06235431235431235,0.28205128205128205,0.28088578088578087,0.023892773892773892,0.3508158508158508
Walkinstown A,Dublin City,584,132,14,10,181,215,32,0.017123287671232876,0.3099315068493151,0.0547945205479452,0.3681506849315068,0.22602739726027396,0.023972602739726026,0.3270547945205479
Walkinstown B,Dublin City,599,171,14,18,146,216,34,0.03005008347245409,0.24373956594323873,0.05676126878130217,0.3606010016694491,0.2854757929883139,0.02337228714524207,0.27378964941569284
Walkinstown C,Dublin City,637,166,29,21,159,223,39,0.03296703296703297,0.24960753532182103,0.061224489795918366,0.3500784929356358,0.260596546310832,0.04552590266875981,0.282574568288854
Wallstown,Cork County,128,40,7,1,40,31,9,0.0078125,0.3125,0.0703125,0.2421875,0.3125,0.0546875,0.3203125
Warrenscourt,Cork County,361,91,8,7,95,140,20,0.019390581717451522,0.2631578947368421,0.055401662049861494,0.3878116343490305,0.2520775623268698,0.0221606648199446,0.28254847645429365
Watergrasshill,Cork County,822,268,11,14,265,223,41,0.0170316301703163,0.3223844282238443,0.049878345498783457,0.2712895377128954,0.3260340632603406,0.01338199513381995,0.33941605839416056
Waterloo,Cavan,279,72,11,4,100,72,20,0.014336917562724014,0.35842293906810035,0.07168458781362007,0.25806451612903225,0.25806451612903225,0.03942652329749104,0.3727598566308244
Wellpark,Galway City,511,141,12,26,72,219,41,0.050880626223091974,0.14090019569471623,0.08023483365949119,0.42857142857142855,0.2759295499021526,0.023483365949119372,0.1917808219178082
Wells,Wexford,301,72,2,3,103,102,19,0.009966777408637873,0.34219269102990035,0.06312292358803986,0.3388704318936877,0.23920265780730898,0.006644518272425249,0.3521594684385382
West Donegal,Donegal,551,61,17,93,124,179,77,0.16878402903811252,0.2250453720508167,0.1397459165154265,0.3248638838475499,0.11070780399274047,0.030852994555353903,0.3938294010889292
West Gate,Louth,1526,354,45,37,490,511,89,0.024246395806028834,0.3211009174311927,0.05832241153342071,0.3348623853211009,0.23197903014416776,0.02948885976408912,0.3453473132372215
Westport Rural,Mayo,886,223,16,24,261,311,51,0.02708803611738149,0.2945823927765237,0.05756207674943566,0.3510158013544018,0.2516930022573363,0.01805869074492099,0.3216704288939052
Westport Urban,Mayo,2306,611,73,68,559,834,161,0.029488291413703384,0.24241110147441458,0.06981786643538596,0.3616652211621856,0.26496097137901126,0.03165654813529922,0.27189939288811793
Wexford No. 1 Urban,Wexford,503,157,15,8,97,195,31,0.015904572564612324,0.19284294234592445,0.061630218687872766,0.38767395626242546,0.3121272365805169,0.02982107355864811,0.20874751491053678
Wexford No. 2 Urban,Wexford,1074,331,30,21,282,330,80,0.019553072625698324,0.26256983240223464,0.074487895716946,0.30726256983240224,0.30819366852886404,0.027932960893854747,0.28212290502793297
Wexford No. 3 Urban,Wexford,353,102,11,6,90,123,21,0.0169971671388102,0.254957507082153,0.059490084985835696,0.34844192634560905,0.28895184135977336,0.031161473087818695,0.2719546742209632
Wexford Rural,Wexford,4611,1268,101,117,1496,1394,235,0.025374105400130124,0.3244415528085014,0.050965083495987856,0.3023205378442854,0.2749945781826068,0.021904142268488396,0.34981565820863153
Whiddy/Bantry Rural,Cork County,589,142,9,29,153,212,44,0.04923599320882852,0.2597623089983022,0.07470288624787776,0.3599320882852292,0.24108658743633277,0.015280135823429542,0.3089983022071307
Whitecastle,Donegal,307,78,1,12,127,74,15,0.03908794788273615,0.41368078175895767,0.048859934853420196,0.24104234527687296,0.254071661237785,0.003257328990228013,0.4527687296416938
Whitechurch,Cork City,517,145,17,12,150,169,24,0.02321083172147002,0.2901353965183752,0.04642166344294004,0.32688588007736946,0.2804642166344294,0.03288201160541586,0.31334622823984526
Whitechurch,Cork County,1098,294,27,22,348,358,49,0.020036429872495445,0.31693989071038253,0.044626593806921674,0.32604735883424407,0.2677595628415301,0.02459016393442623,0.33697632058287796
Whitechurch,Kilkenny,194,56,3,0,57,66,12,0.0,0.29381443298969073,0.061855670103092786,0.3402061855670103,0.28865979381443296,0.015463917525773196,0.29381443298969073
Whitechurch,Waterford,125,42,3,5,32,35,8,0.04,0.256,0.064,0.28,0.336,0.024,0.296
Whitechurch,"Wexford, 247119",177,49,1,6,71,43,7,0.03389830508474576,0.4011299435028249,0.03954802259887006,0.24293785310734464,0.2768361581920904,0.005649717514124294,0.4350282485875706
Whitechurch,"Wexford, 247120",279,81,9,3,97,75,14,0.010752688172043012,0.34767025089605735,0.05017921146953405,0.26881720430107525,0.2903225806451613,0.03225806451612903,0.35842293906810035
Whitehall A,Dublin City,1441,357,22,84,334,546,98,0.05829285218598196,0.23178348369188065,0.06800832755031229,0.3789035392088827,0.2477446217904233,0.015267175572519083,0.2900763358778626
Whitehall B,Dublin City,1525,404,33,58,357,588,85,0.0380327868852459,0.2340983606557377,0.05573770491803279,0.3855737704918033,0.26491803278688525,0.021639344262295083,0.2721311475409836
Whitehall C,Dublin City,869,233,14,39,224,297,62,0.04487917146144994,0.25776754890678943,0.0713463751438435,0.34177215189873417,0.2681242807825086,0.01611047180667434,0.30264672036823936
Whitehall D,Dublin City,1103,295,26,27,258,417,80,0.024478694469628286,0.23390752493200362,0.07252946509519492,0.37805983680870353,0.26745240253853125,0.02357207615593835,0.2583862194016319
Whitemoor,Wexford,236,56,9,3,85,74,9,0.012711864406779662,0.3601694915254237,0.038135593220338986,0.3135593220338983,0.23728813559322035,0.038135593220338986,0.3728813559322034
Wicklow Rural,Wicklow,3691,883,81,90,1393,1009,235,0.02438363587103766,0.37740449742617177,0.06366838255215389,0.27336765104307775,0.23923056082362504,0.021945272283933892,0.4017881332972094
Wicklow Urban,Wicklow,2266,637,60,79,605,734,151,0.03486319505736982,0.2669902912621359,0.06663724624889673,0.32391879964695497,0.28111209179170343,0.0264783759929391,0.30185348631950576
Williamstown,Carlow,114,25,5,2,37,44,1,0.017543859649122806,0.32456140350877194,0.008771929824561403,0.38596491228070173,0.21929824561403508,0.043859649122807015,0.34210526315789475
Williamstown,Cork County,194,54,3,2,57,69,9,0.010309278350515464,0.29381443298969073,0.04639175257731959,0.3556701030927835,0.27835051546391754,0.015463917525773196,0.30412371134020616
Windmill Cross,Kildare,410,95,8,13,162,108,24,0.03170731707317073,0.3951219512195122,0.05853658536585366,0.2634146341463415,0.23170731707317074,0.01951219512195122,0.4268292682926829
Winetown,Westmeath,54,17,0,1,13,21,2,0.018518518518518517,0.24074074074074073,0.037037037037037035,0.3888888888888889,0.3148148148148148,0.0,0.25925925925925924
Wingfield,Wexford,390,102,7,9,132,123,17,0.023076923076923078,0.3384615384615385,0.04358974358974359,0.3153846153846154,0.26153846153846155,0.017948717948717947,0.36153846153846153
Wood Quay A,Dublin City,460,131,26,21,82,181,19,0.04565217391304348,0.1782608695652174,0.041304347826086954,0.3934782608695652,0.2847826086956522,0.05652173913043478,0.22391304347826088
Wood Quay B,Dublin City,1036,317,30,26,134,448,81,0.025096525096525095,0.12934362934362933,0.07818532818532818,0.43243243243243246,0.305984555984556,0.02895752895752896,0.15444015444015444
Woodford,Galway County,172,45,3,2,43,63,16,0.011627906976744186,0.25,0.09302325581395349,0.36627906976744184,0.2616279069767442,0.01744186046511628,0.2616279069767442
Woodfort,Cork County,195,49,5,5,61,67,8,0.02564102564102564,0.3128205128205128,0.041025641025641026,0.3435897435897436,0.2512820512820513,0.02564102564102564,0.3384615384615385
Woodland,Westmeath,152,41,4,9,36,45,17,0.05921052631578947,0.23684210526315788,0.1118421052631579,0.29605263157894735,0.26973684210526316,0.02631578947368421,0.29605263157894735
Woodstown,Waterford,268,66,3,6,72,108,13,0.022388059701492536,0.26865671641791045,0.048507462686567165,0.40298507462686567,0.2462686567164179,0.011194029850746268,0.291044776119403
Woolengrange,Kilkenny,183,54,5,2,55,53,14,0.01092896174863388,0.3005464480874317,0.07650273224043716,0.2896174863387978,0.29508196721311475,0.0273224043715847,0.3114754098360656
Wormhole,Galway County,1222,220,27,49,362,445,119,0.040098199672667756,0.29623567921440264,0.09738134206219312,0.3641571194762684,0.18003273322422259,0.0220949263502455,0.3363338788870704
Youghal Rural,Cork County,522,142,13,10,173,147,37,0.019157088122605363,0.3314176245210728,0.07088122605363985,0.28160919540229884,0.2720306513409962,0.02490421455938697,0.3505747126436782
Youghal Urban,Cork County,2813,662,65,72,888,944,182,0.025595449697831497,0.3156772129399218,0.0646996089584074,0.33558478492712407,0.23533594027728405,0.023107003199431212,0.3412726626377533
Youghalarra,Tipperary,466,149,13,11,125,149,19,0.023605150214592276,0.26824034334763946,0.0407725321888412,0.3197424892703863,0.3197424892703863,0.027896995708154508,0.2918454935622318
Yugan,Leitrim,46,13,1,4,8,18,2,0.08695652173913043,0.17391304347826086,0.043478260869565216,0.391304347826087,0.2826086956521739,0.021739130434782608,0.2608695652173913
Árainn,Gaillimh,1036,16,30,768,117,48,57,0.7413127413127413,0.11293436293436293,0.05501930501930502,0.04633204633204633,0.015444015444015444,0.02895752895752896,0.8542471042471043
Árainn Mhór,Dún na nGall,374,7,16,174,52,87,38,0.46524064171123,0.13903743315508021,0.10160427807486631,0.232620320855615,0.01871657754010695,0.0427807486631016,0.6042780748663101
